
kernel.elf:     file format elf32-littleriscv


Disassembly of section .text.entry:

40800000 <_kernel_start>:
40800000:	842a                	c.mv	s0,a0
40800002:	4087c137          	lui	sp,0x4087c
40800006:	00000297          	auipc	t0,0x0
4080000a:	07a28293          	addi	t0,t0,122 # 40800080 <_kern_trap>
4080000e:	30529073          	csrrw	zero,mtvec,t0
40800012:	00012297          	auipc	t0,0x12
40800016:	4fa28293          	addi	t0,t0,1274 # 4081250c <__kern_bss_start>
4080001a:	0001a317          	auipc	t1,0x1a
4080001e:	47230313          	addi	t1,t1,1138 # 4081a48c <__heap_start>
40800022:	0062f663          	bgeu	t0,t1,4080002e <_kernel_start+0x2e>
40800026:	0002a023          	sw	zero,0(t0)
4080002a:	0291                	c.addi	t0,4
4080002c:	bfdd                	c.j	40800022 <_kernel_start+0x22>
4080002e:	0000c297          	auipc	t0,0xc
40800032:	3fa28293          	addi	t0,t0,1018 # 4080c428 <__init_array_end>
40800036:	0000c317          	auipc	t1,0xc
4080003a:	3f230313          	addi	t1,t1,1010 # 4080c428 <__init_array_end>
4080003e:	a031                	c.j	4080004a <_kernel_start+0x4a>
40800040:	0002a503          	lw	a0,0(t0)
40800044:	000500e7          	jalr	ra,0(a0)
40800048:	0291                	c.addi	t0,4
4080004a:	fe62cbe3          	blt	t0,t1,40800040 <_kernel_start+0x40>
4080004e:	4285                	c.li	t0,1
40800050:	7e029073          	csrrw	zero,0x7e0,t0
40800054:	00012297          	auipc	t0,0x12
40800058:	4b828293          	addi	t0,t0,1208 # 4081250c <__kern_bss_start>
4080005c:	0082a023          	sw	s0,0(t0)
40800060:	8522                	c.mv	a0,s0
40800062:	204000ef          	jal	ra,40800266 <kernel_main>

40800066 <_kern_halt>:
40800066:	10500073          	wfi
4080006a:	bff5                	c.j	40800066 <_kern_halt>

4080006c <get_mcycle>:
4080006c:	7e202573          	csrrs	a0,0x7e2,zero
40800070:	8082                	c.jr	ra
40800072:	0001                	c.addi	zero,0
40800074:	00000013          	addi	zero,zero,0
40800078:	00000013          	addi	zero,zero,0
4080007c:	00000013          	addi	zero,zero,0

40800080 <_kern_trap>:
40800080:	1141                	c.addi	sp,-16 # 4087bff0 <__heap_end+0xf0>
40800082:	c606                	c.swsp	ra,12(sp)
40800084:	c422                	c.swsp	s0,8(sp)
40800086:	c226                	c.swsp	s1,4(sp)
40800088:	34202473          	csrrs	s0,mcause,zero
4080008c:	341024f3          	csrrs	s1,mepc,zero
40800090:	0000c517          	auipc	a0,0xc
40800094:	39850513          	addi	a0,a0,920 # 4080c428 <__init_array_end>
40800098:	3e7000ef          	jal	ra,40800c7e <uart_puts>
4080009c:	8522                	c.mv	a0,s0
4080009e:	024000ef          	jal	ra,408000c2 <_kern_print_hex32>
408000a2:	0000c517          	auipc	a0,0xc
408000a6:	3a350513          	addi	a0,a0,931 # 4080c445 <_str_mepc>
408000aa:	3d5000ef          	jal	ra,40800c7e <uart_puts>
408000ae:	8526                	c.mv	a0,s1
408000b0:	012000ef          	jal	ra,408000c2 <_kern_print_hex32>
408000b4:	0000c517          	auipc	a0,0xc
408000b8:	39a50513          	addi	a0,a0,922 # 4080c44e <_str_crlf>
408000bc:	3c3000ef          	jal	ra,40800c7e <uart_puts>
408000c0:	b75d                	c.j	40800066 <_kern_halt>

408000c2 <_kern_print_hex32>:
408000c2:	1141                	c.addi	sp,-16
408000c4:	c606                	c.swsp	ra,12(sp)
408000c6:	c422                	c.swsp	s0,8(sp)
408000c8:	c226                	c.swsp	s1,4(sp)
408000ca:	842a                	c.mv	s0,a0
408000cc:	44f1                	c.li	s1,28
408000ce:	00945533          	srl	a0,s0,s1
408000d2:	893d                	c.andi	a0,15
408000d4:	42a9                	c.li	t0,10
408000d6:	00554563          	blt	a0,t0,408000e0 <_kern_print_hex32+0x1e>
408000da:	03750513          	addi	a0,a0,55
408000de:	a019                	c.j	408000e4 <_kern_print_hex32+0x22>
408000e0:	03050513          	addi	a0,a0,48
408000e4:	7f8000ef          	jal	ra,408008dc <uart_putc>
408000e8:	14f1                	c.addi	s1,-4
408000ea:	fe04d2e3          	bge	s1,zero,408000ce <_kern_print_hex32+0xc>
408000ee:	40b2                	c.lwsp	ra,12(sp)
408000f0:	4422                	c.lwsp	s0,8(sp)
408000f2:	4492                	c.lwsp	s1,4(sp)
408000f4:	0141                	c.addi	sp,16
408000f6:	8082                	c.jr	ra
408000f8:	00000013          	addi	zero,zero,0
408000fc:	00000013          	addi	zero,zero,0

Disassembly of section .text:

40800100 <ctx_switch>:
40800100:	fcc10113          	addi	sp,sp,-52
40800104:	d806                	c.swsp	ra,48(sp)
40800106:	d622                	c.swsp	s0,44(sp)
40800108:	d426                	c.swsp	s1,40(sp)
4080010a:	d24a                	c.swsp	s2,36(sp)
4080010c:	d04e                	c.swsp	s3,32(sp)
4080010e:	ce52                	c.swsp	s4,28(sp)
40800110:	cc56                	c.swsp	s5,24(sp)
40800112:	ca5a                	c.swsp	s6,20(sp)
40800114:	c85e                	c.swsp	s7,16(sp)
40800116:	c662                	c.swsp	s8,12(sp)
40800118:	c466                	c.swsp	s9,8(sp)
4080011a:	c26a                	c.swsp	s10,4(sp)
4080011c:	c06e                	c.swsp	s11,0(sp)
4080011e:	00252023          	sw	sp,0(a0)
40800122:	812e                	c.mv	sp,a1
40800124:	50c2                	c.lwsp	ra,48(sp)
40800126:	5432                	c.lwsp	s0,44(sp)
40800128:	54a2                	c.lwsp	s1,40(sp)
4080012a:	5912                	c.lwsp	s2,36(sp)
4080012c:	5982                	c.lwsp	s3,32(sp)
4080012e:	4a72                	c.lwsp	s4,28(sp)
40800130:	4ae2                	c.lwsp	s5,24(sp)
40800132:	4b52                	c.lwsp	s6,20(sp)
40800134:	4bc2                	c.lwsp	s7,16(sp)
40800136:	4c32                	c.lwsp	s8,12(sp)
40800138:	4ca2                	c.lwsp	s9,8(sp)
4080013a:	4d12                	c.lwsp	s10,4(sp)
4080013c:	4d82                	c.lwsp	s11,0(sp)
4080013e:	03410113          	addi	sp,sp,52
40800142:	8082                	c.jr	ra

40800144 <ctx_switch_full>:
40800144:	f7410113          	addi	sp,sp,-140
40800148:	c002                	c.swsp	zero,0(sp)
4080014a:	c206                	c.swsp	ra,4(sp)
4080014c:	c40a                	c.swsp	sp,8(sp)
4080014e:	c60e                	c.swsp	gp,12(sp)
40800150:	c812                	c.swsp	tp,16(sp)
40800152:	ca16                	c.swsp	t0,20(sp)
40800154:	cc1a                	c.swsp	t1,24(sp)
40800156:	ce1e                	c.swsp	t2,28(sp)
40800158:	d022                	c.swsp	s0,32(sp)
4080015a:	d226                	c.swsp	s1,36(sp)
4080015c:	d42a                	c.swsp	a0,40(sp)
4080015e:	d62e                	c.swsp	a1,44(sp)
40800160:	d832                	c.swsp	a2,48(sp)
40800162:	da36                	c.swsp	a3,52(sp)
40800164:	dc3a                	c.swsp	a4,56(sp)
40800166:	de3e                	c.swsp	a5,60(sp)
40800168:	c0c2                	c.swsp	a6,64(sp)
4080016a:	c2c6                	c.swsp	a7,68(sp)
4080016c:	c4ca                	c.swsp	s2,72(sp)
4080016e:	c6ce                	c.swsp	s3,76(sp)
40800170:	c8d2                	c.swsp	s4,80(sp)
40800172:	cad6                	c.swsp	s5,84(sp)
40800174:	ccda                	c.swsp	s6,88(sp)
40800176:	cede                	c.swsp	s7,92(sp)
40800178:	d0e2                	c.swsp	s8,96(sp)
4080017a:	d2e6                	c.swsp	s9,100(sp)
4080017c:	d4ea                	c.swsp	s10,104(sp)
4080017e:	d6ee                	c.swsp	s11,108(sp)
40800180:	d8f2                	c.swsp	t3,112(sp)
40800182:	daf6                	c.swsp	t4,116(sp)
40800184:	dcfa                	c.swsp	t5,120(sp)
40800186:	defe                	c.swsp	t6,124(sp)
40800188:	341022f3          	csrrs	t0,mepc,zero
4080018c:	c116                	c.swsp	t0,128(sp)
4080018e:	342022f3          	csrrs	t0,mcause,zero
40800192:	c316                	c.swsp	t0,132(sp)
40800194:	300022f3          	csrrs	t0,mstatus,zero
40800198:	c516                	c.swsp	t0,136(sp)
4080019a:	00252023          	sw	sp,0(a0)
4080019e:	812e                	c.mv	sp,a1
408001a0:	00012003          	lw	zero,0(sp)
408001a4:	4092                	c.lwsp	ra,4(sp)
408001a6:	41b2                	c.lwsp	gp,12(sp)
408001a8:	4242                	c.lwsp	tp,16(sp)
408001aa:	42d2                	c.lwsp	t0,20(sp)
408001ac:	4362                	c.lwsp	t1,24(sp)
408001ae:	43f2                	c.lwsp	t2,28(sp)
408001b0:	5402                	c.lwsp	s0,32(sp)
408001b2:	5492                	c.lwsp	s1,36(sp)
408001b4:	5522                	c.lwsp	a0,40(sp)
408001b6:	55b2                	c.lwsp	a1,44(sp)
408001b8:	5642                	c.lwsp	a2,48(sp)
408001ba:	56d2                	c.lwsp	a3,52(sp)
408001bc:	5762                	c.lwsp	a4,56(sp)
408001be:	57f2                	c.lwsp	a5,60(sp)
408001c0:	4806                	c.lwsp	a6,64(sp)
408001c2:	4896                	c.lwsp	a7,68(sp)
408001c4:	4926                	c.lwsp	s2,72(sp)
408001c6:	49b6                	c.lwsp	s3,76(sp)
408001c8:	4a46                	c.lwsp	s4,80(sp)
408001ca:	4ad6                	c.lwsp	s5,84(sp)
408001cc:	4b66                	c.lwsp	s6,88(sp)
408001ce:	4bf6                	c.lwsp	s7,92(sp)
408001d0:	5c06                	c.lwsp	s8,96(sp)
408001d2:	5c96                	c.lwsp	s9,100(sp)
408001d4:	5d26                	c.lwsp	s10,104(sp)
408001d6:	5db6                	c.lwsp	s11,108(sp)
408001d8:	5e46                	c.lwsp	t3,112(sp)
408001da:	5ed6                	c.lwsp	t4,116(sp)
408001dc:	5f66                	c.lwsp	t5,120(sp)
408001de:	5ff6                	c.lwsp	t6,124(sp)
408001e0:	428a                	c.lwsp	t0,128(sp)
408001e2:	34129073          	csrrw	zero,mepc,t0
408001e6:	429a                	c.lwsp	t0,132(sp)
408001e8:	34229073          	csrrw	zero,mcause,t0
408001ec:	42aa                	c.lwsp	t0,136(sp)
408001ee:	30029073          	csrrw	zero,mstatus,t0
408001f2:	4122                	c.lwsp	sp,8(sp)
408001f4:	08c10113          	addi	sp,sp,140
408001f8:	30200073          	mret

408001fc <_ZL10shell_taskv>:
408001fc:	716d                	c.addi16sp	sp,-272
408001fe:	10112623          	sw	ra,268(sp)
40800202:	312020ef          	jal	ra,40802514 <console_prompt>
40800206:	10000593          	addi	a1,zero,256
4080020a:	850a                	c.mv	a0,sp
4080020c:	332020ef          	jal	ra,4080253e <console_readline>
40800210:	850a                	c.mv	a0,sp
40800212:	7c0030ef          	jal	ra,408039d2 <console_dispatch>
40800216:	399080ef          	jal	ra,40808dae <task_yield>
4080021a:	b7e5                	c.j	40800202 <_ZL10shell_taskv+0x6>

4080021c <klog>:
4080021c:	00054683          	lbu	a3,0(a0)
40800220:	4081a837          	lui	a6,0x4081a
40800224:	40c82883          	lw	a7,1036(a6) # 4081a40c <g_boot_log_pos>
40800228:	408125b7          	lui	a1,0x40812
4080022c:	ca8d                	c.beqz	a3,4080025e <klog+0x42>
4080022e:	51058593          	addi	a1,a1,1296 # 40812510 <g_boot_log>
40800232:	87c6                	c.mv	a5,a7
40800234:	7fe00313          	addi	t1,zero,2046
40800238:	00f34f63          	blt	t1,a5,40800256 <klog+0x3a>
4080023c:	0785                	c.addi	a5,1
4080023e:	00f58633          	add	a2,a1,a5
40800242:	41178733          	sub	a4,a5,a7
40800246:	40f82623          	sw	a5,1036(a6)
4080024a:	fed60fa3          	sb	a3,-1(a2)
4080024e:	972a                	c.add	a4,a0
40800250:	00074683          	lbu	a3,0(a4)
40800254:	f2f5                	c.bnez	a3,40800238 <klog+0x1c>
40800256:	95be                	c.add	a1,a5
40800258:	00058023          	sb	zero,0(a1)
4080025c:	8082                	c.jr	ra
4080025e:	87c6                	c.mv	a5,a7
40800260:	51058593          	addi	a1,a1,1296
40800264:	bfcd                	c.j	40800256 <klog+0x3a>

40800266 <kernel_main>:
40800266:	1101                	c.addi	sp,-32
40800268:	408127b7          	lui	a5,0x40812
4080026c:	ce06                	c.swsp	ra,28(sp)
4080026e:	cc22                	c.swsp	s0,24(sp)
40800270:	ca26                	c.swsp	s1,20(sp)
40800272:	c84a                	c.swsp	s2,16(sp)
40800274:	c64e                	c.swsp	s3,12(sp)
40800276:	c452                	c.swsp	s4,8(sp)
40800278:	c256                	c.swsp	s5,4(sp)
4080027a:	c05a                	c.swsp	s6,0(sp)
4080027c:	50a7a623          	sw	a0,1292(a5) # 4081250c <__kern_bss_start>
40800280:	c909                	c.beqz	a0,40800292 <kernel_main+0x2c>
40800282:	4118                	c.lw	a4,0(a0)
40800284:	c6b007b7          	lui	a5,0xc6b00
40800288:	10178793          	addi	a5,a5,257 # c6b00101 <_kern_stack_top+0x86284101>
4080028c:	892a                	c.mv	s2,a0
4080028e:	00f70d63          	beq	a4,a5,408002a8 <kernel_main+0x42>
40800292:	4080c537          	lui	a0,0x4080c
40800296:	46450513          	addi	a0,a0,1124 # 4080c464 <_str_crlf+0x16>
4080029a:	1e5000ef          	jal	ra,40800c7e <uart_puts>
4080029e:	10500073          	wfi
408002a2:	10500073          	wfi
408002a6:	bfe5                	c.j	4080029e <kernel_main+0x38>
408002a8:	40810537          	lui	a0,0x40810
408002ac:	bc450513          	addi	a0,a0,-1084 # 4080fbc4 <_str_crlf+0x3776>
408002b0:	1cf000ef          	jal	ra,40800c7e <uart_puts>
408002b4:	4080c437          	lui	s0,0x4080c
408002b8:	48c40513          	addi	a0,s0,1164 # 4080c48c <_str_crlf+0x3e>
408002bc:	1c3000ef          	jal	ra,40800c7e <uart_puts>
408002c0:	4080c537          	lui	a0,0x4080c
408002c4:	4b850513          	addi	a0,a0,1208 # 4080c4b8 <_str_crlf+0x6a>
408002c8:	1b7000ef          	jal	ra,40800c7e <uart_puts>
408002cc:	48c40513          	addi	a0,s0,1164
408002d0:	1af000ef          	jal	ra,40800c7e <uart_puts>
408002d4:	4081a4b7          	lui	s1,0x4081a
408002d8:	40c4a583          	lw	a1,1036(s1) # 4081a40c <g_boot_log_pos>
408002dc:	40812437          	lui	s0,0x40812
408002e0:	51040413          	addi	s0,s0,1296 # 40812510 <g_boot_log>
408002e4:	87ae                	c.mv	a5,a1
408002e6:	4701                	c.li	a4,0
408002e8:	05b00693          	addi	a3,zero,91
408002ec:	7fe00813          	addi	a6,zero,2046
408002f0:	4080c537          	lui	a0,0x4080c
408002f4:	a829                	c.j	4080030e <kernel_main+0xa8>
408002f6:	0785                	c.addi	a5,1
408002f8:	40b78733          	sub	a4,a5,a1
408002fc:	9732                	c.add	a4,a2
408002fe:	00f40633          	add	a2,s0,a5
40800302:	fed60fa3          	sb	a3,-1(a2)
40800306:	00074683          	lbu	a3,0(a4)
4080030a:	4705                	c.li	a4,1
4080030c:	c699                	c.beqz	a3,4080031a <kernel_main+0xb4>
4080030e:	4dc50613          	addi	a2,a0,1244 # 4080c4dc <_str_crlf+0x8e>
40800312:	fef852e3          	bge	a6,a5,408002f6 <kernel_main+0x90>
40800316:	4c070563          	beq	a4,zero,408007e0 <kernel_main+0x57a>
4080031a:	40f4a623          	sw	a5,1036(s1)
4080031e:	97a2                	c.add	a5,s0
40800320:	00078023          	sb	zero,0(a5)
40800324:	00892783          	lw	a5,8(s2)
40800328:	470d                	c.li	a4,3
4080032a:	46f76163          	bltu	a4,a5,4080078c <kernel_main+0x526>
4080032e:	40811737          	lui	a4,0x40811
40800332:	078a                	c.slli	a5,0x2
40800334:	6c870713          	addi	a4,a4,1736 # 408116c8 <_ZZ11kernel_mainE2bm>
40800338:	97ba                	c.add	a5,a4
4080033a:	438c                	c.lw	a1,0(a5)
4080033c:	00c92783          	lw	a5,12(s2)
40800340:	4709                	c.li	a4,2
40800342:	44f76063          	bltu	a4,a5,40800782 <kernel_main+0x51c>
40800346:	40811737          	lui	a4,0x40811
4080034a:	078a                	c.slli	a5,0x2
4080034c:	6c870713          	addi	a4,a4,1736 # 408116c8 <_ZZ11kernel_mainE2bm>
40800350:	97ba                	c.add	a5,a4
40800352:	4b90                	c.lw	a2,16(a5)
40800354:	4080c537          	lui	a0,0x4080c
40800358:	4f450513          	addi	a0,a0,1268 # 4080c4f4 <_str_crlf+0xa6>
4080035c:	21d000ef          	jal	ra,40800d78 <kprintf>
40800360:	01c92583          	lw	a1,28(s2)
40800364:	431be7b7          	lui	a5,0x431be
40800368:	e8378793          	addi	a5,a5,-381 # 431bde83 <_kern_stack_top+0x2941e83>
4080036c:	02f5b5b3          	mulhu	a1,a1,a5
40800370:	02092603          	lw	a2,32(s2)
40800374:	4080c537          	lui	a0,0x4080c
40800378:	51850513          	addi	a0,a0,1304 # 4080c518 <_str_crlf+0xca>
4080037c:	8229                	c.srli	a2,0xa
4080037e:	81c9                	c.srli	a1,0x12
40800380:	1f9000ef          	jal	ra,40800d78 <kprintf>
40800384:	01892683          	lw	a3,24(s2)
40800388:	01092583          	lw	a1,16(s2)
4080038c:	01492603          	lw	a2,20(s2)
40800390:	4080c537          	lui	a0,0x4080c
40800394:	53c50513          	addi	a0,a0,1340 # 4080c53c <_str_crlf+0xee>
40800398:	1e1000ef          	jal	ra,40800d78 <kprintf>
4080039c:	309030ef          	jal	ra,40803ea4 <mm_init>
408003a0:	431030ef          	jal	ra,40803fd0 <mm_swap_init>
408003a4:	40c4a583          	lw	a1,1036(s1)
408003a8:	4701                	c.li	a4,0
408003aa:	05b00693          	addi	a3,zero,91
408003ae:	87ae                	c.mv	a5,a1
408003b0:	7fe00813          	addi	a6,zero,2046
408003b4:	4080c537          	lui	a0,0x4080c
408003b8:	a829                	c.j	408003d2 <kernel_main+0x16c>
408003ba:	0785                	c.addi	a5,1
408003bc:	40b78733          	sub	a4,a5,a1
408003c0:	9732                	c.add	a4,a2
408003c2:	00f40633          	add	a2,s0,a5
408003c6:	fed60fa3          	sb	a3,-1(a2)
408003ca:	00074683          	lbu	a3,0(a4)
408003ce:	4705                	c.li	a4,1
408003d0:	c699                	c.beqz	a3,408003de <kernel_main+0x178>
408003d2:	56c50613          	addi	a2,a0,1388 # 4080c56c <_str_crlf+0x11e>
408003d6:	fef852e3          	bge	a6,a5,408003ba <kernel_main+0x154>
408003da:	40070163          	beq	a4,zero,408007dc <kernel_main+0x576>
408003de:	40f4a623          	sw	a5,1036(s1)
408003e2:	97a2                	c.add	a5,s0
408003e4:	00078023          	sb	zero,0(a5)
408003e8:	3d5030ef          	jal	ra,40803fbc <mm_heap_start>
408003ec:	892a                	c.mv	s2,a0
408003ee:	3d9030ef          	jal	ra,40803fc6 <mm_heap_end>
408003f2:	89aa                	c.mv	s3,a0
408003f4:	3b5030ef          	jal	ra,40803fa8 <mm_total_bytes>
408003f8:	8a2a                	c.mv	s4,a0
408003fa:	393030ef          	jal	ra,40803f8c <mm_free_bytes>
408003fe:	872a                	c.mv	a4,a0
40800400:	4080c537          	lui	a0,0x4080c
40800404:	86d2                	c.mv	a3,s4
40800406:	85ca                	c.mv	a1,s2
40800408:	58c50513          	addi	a0,a0,1420 # 4080c58c <_str_crlf+0x13e>
4080040c:	864e                	c.mv	a2,s3
4080040e:	16b000ef          	jal	ra,40800d78 <kprintf>
40800412:	248040ef          	jal	ra,4080465a <vfs_init>
40800416:	40c4a583          	lw	a1,1036(s1)
4080041a:	4701                	c.li	a4,0
4080041c:	05b00693          	addi	a3,zero,91
40800420:	87ae                	c.mv	a5,a1
40800422:	7fe00813          	addi	a6,zero,2046
40800426:	4080c537          	lui	a0,0x4080c
4080042a:	a829                	c.j	40800444 <kernel_main+0x1de>
4080042c:	0785                	c.addi	a5,1
4080042e:	40b78733          	sub	a4,a5,a1
40800432:	9732                	c.add	a4,a2
40800434:	00f40633          	add	a2,s0,a5
40800438:	fed60fa3          	sb	a3,-1(a2)
4080043c:	00074683          	lbu	a3,0(a4)
40800440:	4705                	c.li	a4,1
40800442:	c699                	c.beqz	a3,40800450 <kernel_main+0x1ea>
40800444:	5c050613          	addi	a2,a0,1472 # 4080c5c0 <_str_crlf+0x172>
40800448:	fef852e3          	bge	a6,a5,4080042c <kernel_main+0x1c6>
4080044c:	38070663          	beq	a4,zero,408007d8 <kernel_main+0x572>
40800450:	40f4a623          	sw	a5,1036(s1)
40800454:	97a2                	c.add	a5,s0
40800456:	00078023          	sb	zero,0(a5)
4080045a:	07b020ef          	jal	ra,40802cd4 <env_init>
4080045e:	40c4a583          	lw	a1,1036(s1)
40800462:	4701                	c.li	a4,0
40800464:	05b00693          	addi	a3,zero,91
40800468:	87ae                	c.mv	a5,a1
4080046a:	7fe00813          	addi	a6,zero,2046
4080046e:	4080c537          	lui	a0,0x4080c
40800472:	a829                	c.j	4080048c <kernel_main+0x226>
40800474:	0785                	c.addi	a5,1
40800476:	40b78733          	sub	a4,a5,a1
4080047a:	9732                	c.add	a4,a2
4080047c:	00f40633          	add	a2,s0,a5
40800480:	fed60fa3          	sb	a3,-1(a2)
40800484:	00074683          	lbu	a3,0(a4)
40800488:	4705                	c.li	a4,1
4080048a:	c699                	c.beqz	a3,40800498 <kernel_main+0x232>
4080048c:	5d450613          	addi	a2,a0,1492 # 4080c5d4 <_str_crlf+0x186>
40800490:	fef852e3          	bge	a6,a5,40800474 <kernel_main+0x20e>
40800494:	34070063          	beq	a4,zero,408007d4 <kernel_main+0x56e>
40800498:	40f4a623          	sw	a5,1036(s1)
4080049c:	97a2                	c.add	a5,s0
4080049e:	00078023          	sb	zero,0(a5)
408004a2:	070020ef          	jal	ra,40802512 <console_init>
408004a6:	40c4a583          	lw	a1,1036(s1)
408004aa:	4701                	c.li	a4,0
408004ac:	05b00693          	addi	a3,zero,91
408004b0:	87ae                	c.mv	a5,a1
408004b2:	7fe00813          	addi	a6,zero,2046
408004b6:	4080c537          	lui	a0,0x4080c
408004ba:	a829                	c.j	408004d4 <kernel_main+0x26e>
408004bc:	0785                	c.addi	a5,1
408004be:	40b78733          	sub	a4,a5,a1
408004c2:	9732                	c.add	a4,a2
408004c4:	00f40633          	add	a2,s0,a5
408004c8:	fed60fa3          	sb	a3,-1(a2)
408004cc:	00074683          	lbu	a3,0(a4)
408004d0:	4705                	c.li	a4,1
408004d2:	c699                	c.beqz	a3,408004e0 <kernel_main+0x27a>
408004d4:	5f050613          	addi	a2,a0,1520 # 4080c5f0 <_str_crlf+0x1a2>
408004d8:	fef852e3          	bge	a6,a5,408004bc <kernel_main+0x256>
408004dc:	2e070a63          	beq	a4,zero,408007d0 <kernel_main+0x56a>
408004e0:	40f4a623          	sw	a5,1036(s1)
408004e4:	97a2                	c.add	a5,s0
408004e6:	00078023          	sb	zero,0(a5)
408004ea:	17f030ef          	jal	ra,40803e68 <espsys_init>
408004ee:	40c4a583          	lw	a1,1036(s1)
408004f2:	4701                	c.li	a4,0
408004f4:	05b00693          	addi	a3,zero,91
408004f8:	87ae                	c.mv	a5,a1
408004fa:	7fe00813          	addi	a6,zero,2046
408004fe:	4080c537          	lui	a0,0x4080c
40800502:	a829                	c.j	4080051c <kernel_main+0x2b6>
40800504:	0785                	c.addi	a5,1
40800506:	40b78733          	sub	a4,a5,a1
4080050a:	9732                	c.add	a4,a2
4080050c:	00f40633          	add	a2,s0,a5
40800510:	fed60fa3          	sb	a3,-1(a2)
40800514:	00074683          	lbu	a3,0(a4)
40800518:	4705                	c.li	a4,1
4080051a:	c699                	c.beqz	a3,40800528 <kernel_main+0x2c2>
4080051c:	60850613          	addi	a2,a0,1544 # 4080c608 <_str_crlf+0x1ba>
40800520:	fef852e3          	bge	a6,a5,40800504 <kernel_main+0x29e>
40800524:	2a070463          	beq	a4,zero,408007cc <kernel_main+0x566>
40800528:	40f4a623          	sw	a5,1036(s1)
4080052c:	97a2                	c.add	a5,s0
4080052e:	00078023          	sb	zero,0(a5)
40800532:	7d2030ef          	jal	ra,40803d04 <drivers_init>
40800536:	40c4a583          	lw	a1,1036(s1)
4080053a:	4701                	c.li	a4,0
4080053c:	05b00693          	addi	a3,zero,91
40800540:	87ae                	c.mv	a5,a1
40800542:	7fe00813          	addi	a6,zero,2046
40800546:	4080c537          	lui	a0,0x4080c
4080054a:	a829                	c.j	40800564 <kernel_main+0x2fe>
4080054c:	0785                	c.addi	a5,1
4080054e:	40b78733          	sub	a4,a5,a1
40800552:	9732                	c.add	a4,a2
40800554:	00f40633          	add	a2,s0,a5
40800558:	fed60fa3          	sb	a3,-1(a2)
4080055c:	00074683          	lbu	a3,0(a4)
40800560:	4705                	c.li	a4,1
40800562:	c699                	c.beqz	a3,40800570 <kernel_main+0x30a>
40800564:	62050613          	addi	a2,a0,1568 # 4080c620 <_str_crlf+0x1d2>
40800568:	fef852e3          	bge	a6,a5,4080054c <kernel_main+0x2e6>
4080056c:	24070e63          	beq	a4,zero,408007c8 <kernel_main+0x562>
40800570:	40f4a623          	sw	a5,1036(s1)
40800574:	4080c937          	lui	s2,0x4080c
40800578:	97a2                	c.add	a5,s0
4080057a:	64090513          	addi	a0,s2,1600 # 4080c640 <_str_crlf+0x1f2>
4080057e:	00078023          	sb	zero,0(a5)
40800582:	70c030ef          	jal	ra,40803c8e <driver_find>
40800586:	c901                	c.beqz	a0,40800596 <kernel_main+0x330>
40800588:	64090513          	addi	a0,s2,1600
4080058c:	702030ef          	jal	ra,40803c8e <driver_find>
40800590:	495c                	c.lw	a5,20(a0)
40800592:	22079663          	bne	a5,zero,408007be <kernel_main+0x558>
40800596:	4080c937          	lui	s2,0x4080c
4080059a:	45890913          	addi	s2,s2,1112 # 4080c458 <_str_crlf+0xa>
4080059e:	4080c9b7          	lui	s3,0x4080c
408005a2:	64898513          	addi	a0,s3,1608 # 4080c648 <_str_crlf+0x1fa>
408005a6:	6e8030ef          	jal	ra,40803c8e <driver_find>
408005aa:	c901                	c.beqz	a0,408005ba <kernel_main+0x354>
408005ac:	64898513          	addi	a0,s3,1608
408005b0:	6de030ef          	jal	ra,40803c8e <driver_find>
408005b4:	495c                	c.lw	a5,20(a0)
408005b6:	1e079f63          	bne	a5,zero,408007b4 <kernel_main+0x54e>
408005ba:	4080c9b7          	lui	s3,0x4080c
408005be:	46098993          	addi	s3,s3,1120 # 4080c460 <_str_crlf+0x12>
408005c2:	4080ca37          	lui	s4,0x4080c
408005c6:	650a0513          	addi	a0,s4,1616 # 4080c650 <_str_crlf+0x202>
408005ca:	6c4030ef          	jal	ra,40803c8e <driver_find>
408005ce:	c901                	c.beqz	a0,408005de <kernel_main+0x378>
408005d0:	650a0513          	addi	a0,s4,1616
408005d4:	6ba030ef          	jal	ra,40803c8e <driver_find>
408005d8:	495c                	c.lw	a5,20(a0)
408005da:	1c079863          	bne	a5,zero,408007aa <kernel_main+0x544>
408005de:	4080ca37          	lui	s4,0x4080c
408005e2:	460a0a13          	addi	s4,s4,1120 # 4080c460 <_str_crlf+0x12>
408005e6:	4080cab7          	lui	s5,0x4080c
408005ea:	658a8513          	addi	a0,s5,1624 # 4080c658 <_str_crlf+0x20a>
408005ee:	6a0030ef          	jal	ra,40803c8e <driver_find>
408005f2:	c901                	c.beqz	a0,40800602 <kernel_main+0x39c>
408005f4:	658a8513          	addi	a0,s5,1624
408005f8:	696030ef          	jal	ra,40803c8e <driver_find>
408005fc:	495c                	c.lw	a5,20(a0)
408005fe:	1a079163          	bne	a5,zero,408007a0 <kernel_main+0x53a>
40800602:	4080cab7          	lui	s5,0x4080c
40800606:	460a8a93          	addi	s5,s5,1120 # 4080c460 <_str_crlf+0x12>
4080060a:	4080cb37          	lui	s6,0x4080c
4080060e:	660b0513          	addi	a0,s6,1632 # 4080c660 <_str_crlf+0x212>
40800612:	67c030ef          	jal	ra,40803c8e <driver_find>
40800616:	c901                	c.beqz	a0,40800626 <kernel_main+0x3c0>
40800618:	660b0513          	addi	a0,s6,1632
4080061c:	672030ef          	jal	ra,40803c8e <driver_find>
40800620:	495c                	c.lw	a5,20(a0)
40800622:	16079a63          	bne	a5,zero,40800796 <kernel_main+0x530>
40800626:	4080c7b7          	lui	a5,0x4080c
4080062a:	46078793          	addi	a5,a5,1120 # 4080c460 <_str_crlf+0x12>
4080062e:	4080c537          	lui	a0,0x4080c
40800632:	8756                	c.mv	a4,s5
40800634:	86d2                	c.mv	a3,s4
40800636:	85ca                	c.mv	a1,s2
40800638:	864e                	c.mv	a2,s3
4080063a:	66c50513          	addi	a0,a0,1644 # 4080c66c <_str_crlf+0x21e>
4080063e:	2f2d                	c.jal	40800d78 <kprintf>
40800640:	4080c537          	lui	a0,0x4080c
40800644:	6b050513          	addi	a0,a0,1712 # 4080c6b0 <_str_crlf+0x262>
40800648:	2f05                	c.jal	40800d78 <kprintf>
4080064a:	4080c537          	lui	a0,0x4080c
4080064e:	6d050513          	addi	a0,a0,1744 # 4080c6d0 <_str_crlf+0x282>
40800652:	271d                	c.jal	40800d78 <kprintf>
40800654:	40c4a583          	lw	a1,1036(s1)
40800658:	4701                	c.li	a4,0
4080065a:	05b00693          	addi	a3,zero,91
4080065e:	87ae                	c.mv	a5,a1
40800660:	7fe00813          	addi	a6,zero,2046
40800664:	4080c537          	lui	a0,0x4080c
40800668:	a829                	c.j	40800682 <kernel_main+0x41c>
4080066a:	0785                	c.addi	a5,1
4080066c:	40b78733          	sub	a4,a5,a1
40800670:	9732                	c.add	a4,a2
40800672:	00f40633          	add	a2,s0,a5
40800676:	fed60fa3          	sb	a3,-1(a2)
4080067a:	00074683          	lbu	a3,0(a4)
4080067e:	4705                	c.li	a4,1
40800680:	c699                	c.beqz	a3,4080068e <kernel_main+0x428>
40800682:	6ec50613          	addi	a2,a0,1772 # 4080c6ec <_str_crlf+0x29e>
40800686:	fef852e3          	bge	a6,a5,4080066a <kernel_main+0x404>
4080068a:	14070f63          	beq	a4,zero,408007e8 <kernel_main+0x582>
4080068e:	40f4a623          	sw	a5,1036(s1)
40800692:	4080c537          	lui	a0,0x4080c
40800696:	97a2                	c.add	a5,s0
40800698:	70450513          	addi	a0,a0,1796 # 4080c704 <_str_crlf+0x2b6>
4080069c:	00078023          	sb	zero,0(a5)
408006a0:	2bf9                	c.jal	40800c7e <uart_puts>
408006a2:	600007b7          	lui	a5,0x60000
408006a6:	4fcc                	c.lw	a1,28(a5)
408006a8:	4080c537          	lui	a0,0x4080c
408006ac:	72450513          	addi	a0,a0,1828 # 4080c724 <_str_crlf+0x2d6>
408006b0:	0105d693          	srli	a3,a1,0x10
408006b4:	0ff6f693          	andi	a3,a3,255
408006b8:	0ff5f613          	andi	a2,a1,255
408006bc:	2d75                	c.jal	40800d78 <kprintf>
408006be:	60090737          	lui	a4,0x60090
408006c2:	436c                	c.lw	a1,68(a4)
408006c4:	4730                	c.lw	a2,72(a4)
408006c6:	4080c537          	lui	a0,0x4080c
408006ca:	75050513          	addi	a0,a0,1872 # 4080c750 <_str_crlf+0x302>
408006ce:	256d                	c.jal	40800d78 <kprintf>
408006d0:	c6aac737          	lui	a4,0xc6aac
408006d4:	408807b7          	lui	a5,0x40880
408006d8:	b0170713          	addi	a4,a4,-1279 # c6aabb01 <_kern_stack_top+0x8622fb01>
408006dc:	80e7a023          	sw	a4,-2048(a5) # 4087f800 <_kern_stack_top+0x3800>
408006e0:	8007a223          	sw	zero,-2044(a5)
408006e4:	8007a423          	sw	zero,-2040(a5)
408006e8:	8007a623          	sw	zero,-2036(a5)
408006ec:	54c080ef          	jal	ra,40808c38 <task_init>
408006f0:	408005b7          	lui	a1,0x40800
408006f4:	4080c537          	lui	a0,0x4080c
408006f8:	1fc58593          	addi	a1,a1,508 # 408001fc <_ZL10shell_taskv>
408006fc:	6605                	c.lui	a2,0x1
408006fe:	77450513          	addi	a0,a0,1908 # 4080c774 <_str_crlf+0x326>
40800702:	5ce080ef          	jal	ra,40808cd0 <task_create>
40800706:	6605                	c.lui	a2,0x1
40800708:	4080a5b7          	lui	a1,0x4080a
4080070c:	4080c537          	lui	a0,0x4080c
40800710:	3fa58593          	addi	a1,a1,1018 # 4080a3fa <gui_task>
40800714:	80060613          	addi	a2,a2,-2048 # 800 <_kernel_start-0x407ff800>
40800718:	77c50513          	addi	a0,a0,1916 # 4080c77c <_str_crlf+0x32e>
4080071c:	5b4080ef          	jal	ra,40808cd0 <task_create>
40800720:	40c4a583          	lw	a1,1036(s1)
40800724:	4701                	c.li	a4,0
40800726:	05b00693          	addi	a3,zero,91
4080072a:	87ae                	c.mv	a5,a1
4080072c:	7fe00813          	addi	a6,zero,2046
40800730:	4080c537          	lui	a0,0x4080c
40800734:	a829                	c.j	4080074e <kernel_main+0x4e8>
40800736:	0785                	c.addi	a5,1
40800738:	40b78733          	sub	a4,a5,a1
4080073c:	9732                	c.add	a4,a2
4080073e:	00f40633          	add	a2,s0,a5
40800742:	fed60fa3          	sb	a3,-1(a2)
40800746:	00074683          	lbu	a3,0(a4)
4080074a:	4705                	c.li	a4,1
4080074c:	c691                	c.beqz	a3,40800758 <kernel_main+0x4f2>
4080074e:	78050613          	addi	a2,a0,1920 # 4080c780 <_str_crlf+0x332>
40800752:	fef852e3          	bge	a6,a5,40800736 <kernel_main+0x4d0>
40800756:	c759                	c.beqz	a4,408007e4 <kernel_main+0x57e>
40800758:	40f4a623          	sw	a5,1036(s1)
4080075c:	4080c537          	lui	a0,0x4080c
40800760:	943e                	c.add	s0,a5
40800762:	7ac50513          	addi	a0,a0,1964 # 4080c7ac <_str_crlf+0x35e>
40800766:	00040023          	sb	zero,0(s0)
4080076a:	2b11                	c.jal	40800c7e <uart_puts>
4080076c:	4462                	c.lwsp	s0,24(sp)
4080076e:	40f2                	c.lwsp	ra,28(sp)
40800770:	44d2                	c.lwsp	s1,20(sp)
40800772:	4942                	c.lwsp	s2,16(sp)
40800774:	49b2                	c.lwsp	s3,12(sp)
40800776:	4a22                	c.lwsp	s4,8(sp)
40800778:	4a92                	c.lwsp	s5,4(sp)
4080077a:	4b02                	c.lwsp	s6,0(sp)
4080077c:	6105                	c.addi16sp	sp,32
4080077e:	1130806f          	jal	zero,40809090 <task_start>
40800782:	4080f637          	lui	a2,0x4080f
40800786:	18860613          	addi	a2,a2,392 # 4080f188 <_str_crlf+0x2d3a>
4080078a:	b6e9                	c.j	40800354 <kernel_main+0xee>
4080078c:	4080f5b7          	lui	a1,0x4080f
40800790:	18858593          	addi	a1,a1,392 # 4080f188 <_str_crlf+0x2d3a>
40800794:	b665                	c.j	4080033c <kernel_main+0xd6>
40800796:	4080c7b7          	lui	a5,0x4080c
4080079a:	45478793          	addi	a5,a5,1108 # 4080c454 <_str_crlf+0x6>
4080079e:	bd41                	c.j	4080062e <kernel_main+0x3c8>
408007a0:	4080cab7          	lui	s5,0x4080c
408007a4:	454a8a93          	addi	s5,s5,1108 # 4080c454 <_str_crlf+0x6>
408007a8:	b58d                	c.j	4080060a <kernel_main+0x3a4>
408007aa:	4080ca37          	lui	s4,0x4080c
408007ae:	454a0a13          	addi	s4,s4,1108 # 4080c454 <_str_crlf+0x6>
408007b2:	bd15                	c.j	408005e6 <kernel_main+0x380>
408007b4:	4080c9b7          	lui	s3,0x4080c
408007b8:	45498993          	addi	s3,s3,1108 # 4080c454 <_str_crlf+0x6>
408007bc:	b519                	c.j	408005c2 <kernel_main+0x35c>
408007be:	4080c937          	lui	s2,0x4080c
408007c2:	45490913          	addi	s2,s2,1108 # 4080c454 <_str_crlf+0x6>
408007c6:	bbe1                	c.j	4080059e <kernel_main+0x338>
408007c8:	87ae                	c.mv	a5,a1
408007ca:	b36d                	c.j	40800574 <kernel_main+0x30e>
408007cc:	87ae                	c.mv	a5,a1
408007ce:	bbb9                	c.j	4080052c <kernel_main+0x2c6>
408007d0:	87ae                	c.mv	a5,a1
408007d2:	bb09                	c.j	408004e4 <kernel_main+0x27e>
408007d4:	87ae                	c.mv	a5,a1
408007d6:	b1d9                	c.j	4080049c <kernel_main+0x236>
408007d8:	87ae                	c.mv	a5,a1
408007da:	b9ad                	c.j	40800454 <kernel_main+0x1ee>
408007dc:	87ae                	c.mv	a5,a1
408007de:	b111                	c.j	408003e2 <kernel_main+0x17c>
408007e0:	87ae                	c.mv	a5,a1
408007e2:	be35                	c.j	4080031e <kernel_main+0xb8>
408007e4:	87ae                	c.mv	a5,a1
408007e6:	bf9d                	c.j	4080075c <kernel_main+0x4f6>
408007e8:	87ae                	c.mv	a5,a1
408007ea:	b565                	c.j	40800692 <kernel_main+0x42c>

408007ec <_ZL15cmd_pki_handlerPKc>:
408007ec:	1360406f          	jal	zero,40804922 <cmd_pki>

408007f0 <k_strlen>:
408007f0:	00054783          	lbu	a5,0(a0)
408007f4:	872a                	c.mv	a4,a0
408007f6:	4501                	c.li	a0,0
408007f8:	cb81                	c.beqz	a5,40800808 <k_strlen+0x18>
408007fa:	0505                	c.addi	a0,1
408007fc:	00a707b3          	add	a5,a4,a0
40800800:	0007c783          	lbu	a5,0(a5)
40800804:	fbfd                	c.bnez	a5,408007fa <k_strlen+0xa>
40800806:	8082                	c.jr	ra
40800808:	8082                	c.jr	ra

4080080a <k_strcmp>:
4080080a:	00054783          	lbu	a5,0(a0)
4080080e:	e791                	c.bnez	a5,4080081a <k_strcmp+0x10>
40800810:	a025                	c.j	40800838 <k_strcmp+0x2e>
40800812:	00054783          	lbu	a5,0(a0)
40800816:	cf81                	c.beqz	a5,4080082e <k_strcmp+0x24>
40800818:	85b6                	c.mv	a1,a3
4080081a:	0005c703          	lbu	a4,0(a1)
4080081e:	0505                	c.addi	a0,1
40800820:	00158693          	addi	a3,a1,1
40800824:	fef707e3          	beq	a4,a5,40800812 <k_strcmp+0x8>
40800828:	40e78533          	sub	a0,a5,a4
4080082c:	8082                	c.jr	ra
4080082e:	0015c703          	lbu	a4,1(a1)
40800832:	40e78533          	sub	a0,a5,a4
40800836:	8082                	c.jr	ra
40800838:	0005c703          	lbu	a4,0(a1)
4080083c:	b7f5                	c.j	40800828 <k_strcmp+0x1e>

4080083e <k_strncmp>:
4080083e:	02c05263          	bge	zero,a2,40800862 <k_strncmp+0x24>
40800842:	962a                	c.add	a2,a0
40800844:	a021                	c.j	4080084c <k_strncmp+0xe>
40800846:	cf91                	c.beqz	a5,40800862 <k_strncmp+0x24>
40800848:	00c50d63          	beq	a0,a2,40800862 <k_strncmp+0x24>
4080084c:	00054783          	lbu	a5,0(a0)
40800850:	0005c703          	lbu	a4,0(a1)
40800854:	0505                	c.addi	a0,1
40800856:	0585                	c.addi	a1,1
40800858:	fee787e3          	beq	a5,a4,40800846 <k_strncmp+0x8>
4080085c:	40e78533          	sub	a0,a5,a4
40800860:	8082                	c.jr	ra
40800862:	4501                	c.li	a0,0
40800864:	8082                	c.jr	ra

40800866 <k_strcpy>:
40800866:	87aa                	c.mv	a5,a0
40800868:	0005c703          	lbu	a4,0(a1)
4080086c:	0585                	c.addi	a1,1
4080086e:	0785                	c.addi	a5,1
40800870:	fee78fa3          	sb	a4,-1(a5)
40800874:	fb75                	c.bnez	a4,40800868 <k_strcpy+0x2>
40800876:	8082                	c.jr	ra

40800878 <k_strncpy>:
40800878:	02c05563          	bge	zero,a2,408008a2 <k_strncpy+0x2a>
4080087c:	4785                	c.li	a5,1
4080087e:	02f60363          	beq	a2,a5,408008a4 <k_strncpy+0x2c>
40800882:	fff58693          	addi	a3,a1,-1
40800886:	96b2                	c.add	a3,a2
40800888:	87aa                	c.mv	a5,a0
4080088a:	a031                	c.j	40800896 <k_strncpy+0x1e>
4080088c:	00e78023          	sb	a4,0(a5)
40800890:	0785                	c.addi	a5,1
40800892:	00d58663          	beq	a1,a3,4080089e <k_strncpy+0x26>
40800896:	0005c703          	lbu	a4,0(a1)
4080089a:	0585                	c.addi	a1,1
4080089c:	fb65                	c.bnez	a4,4080088c <k_strncpy+0x14>
4080089e:	00078023          	sb	zero,0(a5)
408008a2:	8082                	c.jr	ra
408008a4:	87aa                	c.mv	a5,a0
408008a6:	00078023          	sb	zero,0(a5)
408008aa:	8082                	c.jr	ra

408008ac <k_memset>:
408008ac:	0ff5f593          	andi	a1,a1,255
408008b0:	00c50733          	add	a4,a0,a2
408008b4:	87aa                	c.mv	a5,a0
408008b6:	c611                	c.beqz	a2,408008c2 <k_memset+0x16>
408008b8:	0785                	c.addi	a5,1
408008ba:	feb78fa3          	sb	a1,-1(a5)
408008be:	fef71de3          	bne	a4,a5,408008b8 <k_memset+0xc>
408008c2:	8082                	c.jr	ra

408008c4 <k_memcpy>:
408008c4:	ca19                	c.beqz	a2,408008da <k_memcpy+0x16>
408008c6:	962a                	c.add	a2,a0
408008c8:	87aa                	c.mv	a5,a0
408008ca:	0005c703          	lbu	a4,0(a1)
408008ce:	0785                	c.addi	a5,1
408008d0:	0585                	c.addi	a1,1
408008d2:	fee78fa3          	sb	a4,-1(a5)
408008d6:	fef61ae3          	bne	a2,a5,408008ca <k_memcpy+0x6>
408008da:	8082                	c.jr	ra

408008dc <uart_putc>:
408008dc:	4081a7b7          	lui	a5,0x4081a
408008e0:	4107a783          	lw	a5,1040(a5) # 4081a410 <g_pipe_active>
408008e4:	60000737          	lui	a4,0x60000
408008e8:	0771                	c.addi	a4,28 # 6000001c <_kern_stack_top+0x1f78401c>
408008ea:	60000637          	lui	a2,0x60000
408008ee:	eb89                	c.bnez	a5,40800900 <uart_putc+0x24>
408008f0:	431c                	c.lw	a5,0(a4)
408008f2:	00879693          	slli	a3,a5,0x8
408008f6:	fe06cde3          	blt	a3,zero,408008f0 <uart_putc+0x14>
408008fa:	00a60023          	sb	a0,0(a2) # 60000000 <_kern_stack_top+0x1f784000>
408008fe:	8082                	c.jr	ra
40800900:	4081a7b7          	lui	a5,0x4081a
40800904:	4187a783          	lw	a5,1048(a5) # 4081a418 <g_pipe_buf>
40800908:	dbfd                	c.beqz	a5,408008fe <uart_putc+0x22>
4080090a:	4081a637          	lui	a2,0x4081a
4080090e:	41462683          	lw	a3,1044(a2) # 4081a414 <g_pipe_pos>
40800912:	6705                	c.lui	a4,0x1
40800914:	1779                	c.addi	a4,-2 # ffe <_kernel_start-0x407ff002>
40800916:	fed744e3          	blt	a4,a3,408008fe <uart_putc+0x22>
4080091a:	00168713          	addi	a4,a3,1
4080091e:	97b6                	c.add	a5,a3
40800920:	40e62a23          	sw	a4,1044(a2)
40800924:	00a78023          	sb	a0,0(a5)
40800928:	8082                	c.jr	ra

4080092a <_ZL8cmd_helpPKc>:
4080092a:	1141                	c.addi	sp,-16
4080092c:	c422                	c.swsp	s0,8(sp)
4080092e:	4080d437          	lui	s0,0x4080d
40800932:	c606                	c.swsp	ra,12(sp)
40800934:	81440413          	addi	s0,s0,-2028 # 4080c814 <_str_crlf+0x3c6>
40800938:	04300513          	addi	a0,zero,67
4080093c:	0405                	c.addi	s0,1
4080093e:	3f79                	c.jal	408008dc <uart_putc>
40800940:	00044503          	lbu	a0,0(s0)
40800944:	fd65                	c.bnez	a0,4080093c <_ZL8cmd_helpPKc+0x12>
40800946:	40b2                	c.lwsp	ra,12(sp)
40800948:	4422                	c.lwsp	s0,8(sp)
4080094a:	0141                	c.addi	sp,16
4080094c:	8082                	c.jr	ra

4080094e <_ZL11cmd_versionPKc>:
4080094e:	1141                	c.addi	sp,-16
40800950:	c606                	c.swsp	ra,12(sp)
40800952:	c422                	c.swsp	s0,8(sp)
40800954:	00054783          	lbu	a5,0(a0)
40800958:	c39d                	c.beqz	a5,4080097e <_ZL11cmd_versionPKc+0x30>
4080095a:	4080d737          	lui	a4,0x4080d
4080095e:	ab470713          	addi	a4,a4,-1356 # 4080cab4 <_str_crlf+0x666>
40800962:	02d00693          	addi	a3,zero,45
40800966:	a809                	c.j	40800978 <_ZL11cmd_versionPKc+0x2a>
40800968:	00054783          	lbu	a5,0(a0)
4080096c:	00170613          	addi	a2,a4,1
40800970:	c795                	c.beqz	a5,4080099c <_ZL11cmd_versionPKc+0x4e>
40800972:	00174683          	lbu	a3,1(a4)
40800976:	8732                	c.mv	a4,a2
40800978:	0505                	c.addi	a0,1
4080097a:	fef687e3          	beq	a3,a5,40800968 <_ZL11cmd_versionPKc+0x1a>
4080097e:	4080d437          	lui	s0,0x4080d
40800982:	aec40413          	addi	s0,s0,-1300 # 4080caec <_str_crlf+0x69e>
40800986:	04500513          	addi	a0,zero,69
4080098a:	0405                	c.addi	s0,1
4080098c:	3f81                	c.jal	408008dc <uart_putc>
4080098e:	00044503          	lbu	a0,0(s0)
40800992:	fd65                	c.bnez	a0,4080098a <_ZL11cmd_versionPKc+0x3c>
40800994:	40b2                	c.lwsp	ra,12(sp)
40800996:	4422                	c.lwsp	s0,8(sp)
40800998:	0141                	c.addi	sp,16
4080099a:	8082                	c.jr	ra
4080099c:	00174783          	lbu	a5,1(a4)
408009a0:	fff9                	c.bnez	a5,4080097e <_ZL11cmd_versionPKc+0x30>
408009a2:	4080d437          	lui	s0,0x4080d
408009a6:	abc40413          	addi	s0,s0,-1348 # 4080cabc <_str_crlf+0x66e>
408009aa:	07600513          	addi	a0,zero,118
408009ae:	0405                	c.addi	s0,1
408009b0:	3735                	c.jal	408008dc <uart_putc>
408009b2:	00044503          	lbu	a0,0(s0)
408009b6:	fd65                	c.bnez	a0,408009ae <_ZL11cmd_versionPKc+0x60>
408009b8:	40b2                	c.lwsp	ra,12(sp)
408009ba:	4422                	c.lwsp	s0,8(sp)
408009bc:	0141                	c.addi	sp,16
408009be:	8082                	c.jr	ra

408009c0 <_ZL7cmd_netPKc>:
408009c0:	1141                	c.addi	sp,-16
408009c2:	c606                	c.swsp	ra,12(sp)
408009c4:	c422                	c.swsp	s0,8(sp)
408009c6:	00054783          	lbu	a5,0(a0)
408009ca:	c39d                	c.beqz	a5,408009f0 <_ZL7cmd_netPKc+0x30>
408009cc:	4080d737          	lui	a4,0x4080d
408009d0:	ab470713          	addi	a4,a4,-1356 # 4080cab4 <_str_crlf+0x666>
408009d4:	02d00693          	addi	a3,zero,45
408009d8:	a809                	c.j	408009ea <_ZL7cmd_netPKc+0x2a>
408009da:	00054783          	lbu	a5,0(a0)
408009de:	00170613          	addi	a2,a4,1
408009e2:	cfb1                	c.beqz	a5,40800a3e <_ZL7cmd_netPKc+0x7e>
408009e4:	00174683          	lbu	a3,1(a4)
408009e8:	8732                	c.mv	a4,a2
408009ea:	0505                	c.addi	a0,1
408009ec:	fef687e3          	beq	a3,a5,408009da <_ZL7cmd_netPKc+0x1a>
408009f0:	4080c537          	lui	a0,0x4080c
408009f4:	64850513          	addi	a0,a0,1608 # 4080c648 <_str_crlf+0x1fa>
408009f8:	296030ef          	jal	ra,40803c8e <driver_find>
408009fc:	c119                	c.beqz	a0,40800a02 <_ZL7cmd_netPKc+0x42>
408009fe:	495c                	c.lw	a5,20(a0)
40800a00:	e385                	c.bnez	a5,40800a20 <_ZL7cmd_netPKc+0x60>
40800a02:	4080d437          	lui	s0,0x4080d
40800a06:	b7840413          	addi	s0,s0,-1160 # 4080cb78 <_str_crlf+0x72a>
40800a0a:	04e00513          	addi	a0,zero,78
40800a0e:	0405                	c.addi	s0,1
40800a10:	35f1                	c.jal	408008dc <uart_putc>
40800a12:	00044503          	lbu	a0,0(s0)
40800a16:	fd65                	c.bnez	a0,40800a0e <_ZL7cmd_netPKc+0x4e>
40800a18:	40b2                	c.lwsp	ra,12(sp)
40800a1a:	4422                	c.lwsp	s0,8(sp)
40800a1c:	0141                	c.addi	sp,16
40800a1e:	8082                	c.jr	ra
40800a20:	4080d437          	lui	s0,0x4080d
40800a24:	b4c40413          	addi	s0,s0,-1204 # 4080cb4c <_str_crlf+0x6fe>
40800a28:	04e00513          	addi	a0,zero,78
40800a2c:	0405                	c.addi	s0,1
40800a2e:	357d                	c.jal	408008dc <uart_putc>
40800a30:	00044503          	lbu	a0,0(s0)
40800a34:	fd65                	c.bnez	a0,40800a2c <_ZL7cmd_netPKc+0x6c>
40800a36:	40b2                	c.lwsp	ra,12(sp)
40800a38:	4422                	c.lwsp	s0,8(sp)
40800a3a:	0141                	c.addi	sp,16
40800a3c:	8082                	c.jr	ra
40800a3e:	00174783          	lbu	a5,1(a4)
40800a42:	f7dd                	c.bnez	a5,408009f0 <_ZL7cmd_netPKc+0x30>
40800a44:	4080d437          	lui	s0,0x4080d
40800a48:	b1840413          	addi	s0,s0,-1256 # 4080cb18 <_str_crlf+0x6ca>
40800a4c:	06e00513          	addi	a0,zero,110
40800a50:	0405                	c.addi	s0,1
40800a52:	3569                	c.jal	408008dc <uart_putc>
40800a54:	00044503          	lbu	a0,0(s0)
40800a58:	fd65                	c.bnez	a0,40800a50 <_ZL7cmd_netPKc+0x90>
40800a5a:	40b2                	c.lwsp	ra,12(sp)
40800a5c:	4422                	c.lwsp	s0,8(sp)
40800a5e:	0141                	c.addi	sp,16
40800a60:	8082                	c.jr	ra

40800a62 <_ZL7cmd_logPKc>:
40800a62:	1141                	c.addi	sp,-16
40800a64:	c606                	c.swsp	ra,12(sp)
40800a66:	c422                	c.swsp	s0,8(sp)
40800a68:	00054783          	lbu	a5,0(a0)
40800a6c:	c39d                	c.beqz	a5,40800a92 <_ZL7cmd_logPKc+0x30>
40800a6e:	4080d737          	lui	a4,0x4080d
40800a72:	ab470713          	addi	a4,a4,-1356 # 4080cab4 <_str_crlf+0x666>
40800a76:	02d00693          	addi	a3,zero,45
40800a7a:	a809                	c.j	40800a8c <_ZL7cmd_logPKc+0x2a>
40800a7c:	00054783          	lbu	a5,0(a0)
40800a80:	00170613          	addi	a2,a4,1
40800a84:	c3c9                	c.beqz	a5,40800b06 <_ZL7cmd_logPKc+0xa4>
40800a86:	00174683          	lbu	a3,1(a4)
40800a8a:	8732                	c.mv	a4,a2
40800a8c:	0505                	c.addi	a0,1
40800a8e:	fef687e3          	beq	a3,a5,40800a7c <_ZL7cmd_logPKc+0x1a>
40800a92:	4081a7b7          	lui	a5,0x4081a
40800a96:	40c7a783          	lw	a5,1036(a5) # 4081a40c <g_boot_log_pos>
40800a9a:	c7b9                	c.beqz	a5,40800ae8 <_ZL7cmd_logPKc+0x86>
40800a9c:	4080d437          	lui	s0,0x4080d
40800aa0:	bf040413          	addi	s0,s0,-1040 # 4080cbf0 <_str_crlf+0x7a2>
40800aa4:	02d00513          	addi	a0,zero,45
40800aa8:	0405                	c.addi	s0,1
40800aaa:	3d0d                	c.jal	408008dc <uart_putc>
40800aac:	00044503          	lbu	a0,0(s0)
40800ab0:	fd65                	c.bnez	a0,40800aa8 <_ZL7cmd_logPKc+0x46>
40800ab2:	40812437          	lui	s0,0x40812
40800ab6:	51044503          	lbu	a0,1296(s0) # 40812510 <g_boot_log>
40800aba:	51040413          	addi	s0,s0,1296
40800abe:	c511                	c.beqz	a0,40800aca <_ZL7cmd_logPKc+0x68>
40800ac0:	0405                	c.addi	s0,1
40800ac2:	3d29                	c.jal	408008dc <uart_putc>
40800ac4:	00044503          	lbu	a0,0(s0)
40800ac8:	fd65                	c.bnez	a0,40800ac0 <_ZL7cmd_logPKc+0x5e>
40800aca:	4080d437          	lui	s0,0x4080d
40800ace:	c0440413          	addi	s0,s0,-1020 # 4080cc04 <_str_crlf+0x7b6>
40800ad2:	02d00513          	addi	a0,zero,45
40800ad6:	0405                	c.addi	s0,1
40800ad8:	3511                	c.jal	408008dc <uart_putc>
40800ada:	00044503          	lbu	a0,0(s0)
40800ade:	fd65                	c.bnez	a0,40800ad6 <_ZL7cmd_logPKc+0x74>
40800ae0:	40b2                	c.lwsp	ra,12(sp)
40800ae2:	4422                	c.lwsp	s0,8(sp)
40800ae4:	0141                	c.addi	sp,16
40800ae6:	8082                	c.jr	ra
40800ae8:	4080d437          	lui	s0,0x4080d
40800aec:	bdc40413          	addi	s0,s0,-1060 # 4080cbdc <_str_crlf+0x78e>
40800af0:	02800513          	addi	a0,zero,40
40800af4:	0405                	c.addi	s0,1
40800af6:	33dd                	c.jal	408008dc <uart_putc>
40800af8:	00044503          	lbu	a0,0(s0)
40800afc:	fd65                	c.bnez	a0,40800af4 <_ZL7cmd_logPKc+0x92>
40800afe:	40b2                	c.lwsp	ra,12(sp)
40800b00:	4422                	c.lwsp	s0,8(sp)
40800b02:	0141                	c.addi	sp,16
40800b04:	8082                	c.jr	ra
40800b06:	00174783          	lbu	a5,1(a4)
40800b0a:	f7c1                	c.bnez	a5,40800a92 <_ZL7cmd_logPKc+0x30>
40800b0c:	4080d437          	lui	s0,0x4080d
40800b10:	bb440413          	addi	s0,s0,-1100 # 4080cbb4 <_str_crlf+0x766>
40800b14:	06c00513          	addi	a0,zero,108
40800b18:	0405                	c.addi	s0,1
40800b1a:	33c9                	c.jal	408008dc <uart_putc>
40800b1c:	00044503          	lbu	a0,0(s0)
40800b20:	fd65                	c.bnez	a0,40800b18 <_ZL7cmd_logPKc+0xb6>
40800b22:	bf7d                	c.j	40800ae0 <_ZL7cmd_logPKc+0x7e>

40800b24 <_ZL8cmd_echoPKc>:
40800b24:	7139                	c.addi16sp	sp,-64
40800b26:	de06                	c.swsp	ra,60(sp)
40800b28:	dc22                	c.swsp	s0,56(sp)
40800b2a:	87aa                	c.mv	a5,a0
40800b2c:	00054503          	lbu	a0,0(a0)
40800b30:	10050563          	beq	a0,zero,40800c3a <_ZL8cmd_echoPKc+0x116>
40800b34:	4080d737          	lui	a4,0x4080d
40800b38:	ab470713          	addi	a4,a4,-1356 # 4080cab4 <_str_crlf+0x666>
40800b3c:	862a                	c.mv	a2,a0
40800b3e:	86be                	c.mv	a3,a5
40800b40:	02d00593          	addi	a1,zero,45
40800b44:	a811                	c.j	40800b58 <_ZL8cmd_echoPKc+0x34>
40800b46:	0006c603          	lbu	a2,0(a3)
40800b4a:	00170813          	addi	a6,a4,1
40800b4e:	10060863          	beq	a2,zero,40800c5e <_ZL8cmd_echoPKc+0x13a>
40800b52:	00174583          	lbu	a1,1(a4)
40800b56:	8742                	c.mv	a4,a6
40800b58:	0685                	c.addi	a3,1
40800b5a:	fec586e3          	beq	a1,a2,40800b46 <_ZL8cmd_echoPKc+0x22>
40800b5e:	da26                	c.swsp	s1,52(sp)
40800b60:	d84a                	c.swsp	s2,48(sp)
40800b62:	d452                	c.swsp	s4,40(sp)
40800b64:	d64e                	c.swsp	s3,44(sp)
40800b66:	d256                	c.swsp	s5,36(sp)
40800b68:	02400913          	addi	s2,zero,36
40800b6c:	4425                	c.li	s0,9
40800b6e:	44fd                	c.li	s1,31
40800b70:	8a0a                	c.mv	s4,sp
40800b72:	a031                	c.j	40800b7e <_ZL8cmd_echoPKc+0x5a>
40800b74:	33a5                	c.jal	408008dc <uart_putc>
40800b76:	0009c503          	lbu	a0,0(s3)
40800b7a:	87ce                	c.mv	a5,s3
40800b7c:	c955                	c.beqz	a0,40800c30 <_ZL8cmd_echoPKc+0x10c>
40800b7e:	00178993          	addi	s3,a5,1
40800b82:	ff2519e3          	bne	a0,s2,40800b74 <_ZL8cmd_echoPKc+0x50>
40800b86:	0017c783          	lbu	a5,1(a5)
40800b8a:	4701                	c.li	a4,0
40800b8c:	02000613          	addi	a2,zero,32
40800b90:	c385                	c.beqz	a5,40800bb0 <_ZL8cmd_echoPKc+0x8c>
40800b92:	00c78f63          	beq	a5,a2,40800bb0 <_ZL8cmd_echoPKc+0x8c>
40800b96:	00878d63          	beq	a5,s0,40800bb0 <_ZL8cmd_echoPKc+0x8c>
40800b9a:	00970b63          	beq	a4,s1,40800bb0 <_ZL8cmd_echoPKc+0x8c>
40800b9e:	0705                	c.addi	a4,1
40800ba0:	0985                	c.addi	s3,1
40800ba2:	00ea06b3          	add	a3,s4,a4
40800ba6:	fef68fa3          	sb	a5,-1(a3)
40800baa:	0009c783          	lbu	a5,0(s3)
40800bae:	f3f5                	c.bnez	a5,40800b92 <_ZL8cmd_echoPKc+0x6e>
40800bb0:	4081a7b7          	lui	a5,0x4081a
40800bb4:	4207a303          	lw	t1,1056(a5) # 4081a420 <_ZL11g_env_count>
40800bb8:	970a                	c.add	a4,sp
40800bba:	00070023          	sb	zero,0(a4)
40800bbe:	fa605ce3          	bge	zero,t1,40800b76 <_ZL8cmd_echoPKc+0x52>
40800bc2:	40813537          	lui	a0,0x40813
40800bc6:	d1050a93          	addi	s5,a0,-752 # 40812d10 <_ZL11g_env_table>
40800bca:	d1050513          	addi	a0,a0,-752
40800bce:	00054783          	lbu	a5,0(a0)
40800bd2:	4881                	c.li	a7,0
40800bd4:	4801                	c.li	a6,0
40800bd6:	872a                	c.mv	a4,a0
40800bd8:	86d2                	c.mv	a3,s4
40800bda:	e791                	c.bnez	a5,40800be6 <_ZL8cmd_echoPKc+0xc2>
40800bdc:	a805                	c.j	40800c0c <_ZL8cmd_echoPKc+0xe8>
40800bde:	00074783          	lbu	a5,0(a4)
40800be2:	cbb5                	c.beqz	a5,40800c56 <_ZL8cmd_echoPKc+0x132>
40800be4:	86ae                	c.mv	a3,a1
40800be6:	0006c603          	lbu	a2,0(a3)
40800bea:	0705                	c.addi	a4,1
40800bec:	00168593          	addi	a1,a3,1
40800bf0:	fef607e3          	beq	a2,a5,40800bde <_ZL8cmd_echoPKc+0xba>
40800bf4:	0805                	c.addi	a6,1
40800bf6:	06050513          	addi	a0,a0,96
40800bfa:	06088893          	addi	a7,a7,96
40800bfe:	f6680ce3          	beq	a6,t1,40800b76 <_ZL8cmd_echoPKc+0x52>
40800c02:	00054783          	lbu	a5,0(a0)
40800c06:	872a                	c.mv	a4,a0
40800c08:	86d2                	c.mv	a3,s4
40800c0a:	fff1                	c.bnez	a5,40800be6 <_ZL8cmd_echoPKc+0xc2>
40800c0c:	00014783          	lbu	a5,0(sp)
40800c10:	f3f5                	c.bnez	a5,40800bf4 <_ZL8cmd_echoPKc+0xd0>
40800c12:	02088893          	addi	a7,a7,32
40800c16:	9ac6                	c.add	s5,a7
40800c18:	000ac503          	lbu	a0,0(s5)
40800c1c:	dd29                	c.beqz	a0,40800b76 <_ZL8cmd_echoPKc+0x52>
40800c1e:	0a85                	c.addi	s5,1
40800c20:	3975                	c.jal	408008dc <uart_putc>
40800c22:	000ac503          	lbu	a0,0(s5)
40800c26:	fd65                	c.bnez	a0,40800c1e <_ZL8cmd_echoPKc+0xfa>
40800c28:	0009c503          	lbu	a0,0(s3)
40800c2c:	87ce                	c.mv	a5,s3
40800c2e:	f921                	c.bnez	a0,40800b7e <_ZL8cmd_echoPKc+0x5a>
40800c30:	54d2                	c.lwsp	s1,52(sp)
40800c32:	5942                	c.lwsp	s2,48(sp)
40800c34:	59b2                	c.lwsp	s3,44(sp)
40800c36:	5a22                	c.lwsp	s4,40(sp)
40800c38:	5a92                	c.lwsp	s5,36(sp)
40800c3a:	40810437          	lui	s0,0x40810
40800c3e:	bc440413          	addi	s0,s0,-1084 # 4080fbc4 <_str_crlf+0x3776>
40800c42:	4535                	c.li	a0,13
40800c44:	0405                	c.addi	s0,1
40800c46:	3959                	c.jal	408008dc <uart_putc>
40800c48:	00044503          	lbu	a0,0(s0)
40800c4c:	fd65                	c.bnez	a0,40800c44 <_ZL8cmd_echoPKc+0x120>
40800c4e:	50f2                	c.lwsp	ra,60(sp)
40800c50:	5462                	c.lwsp	s0,56(sp)
40800c52:	6121                	c.addi16sp	sp,64
40800c54:	8082                	c.jr	ra
40800c56:	0016c783          	lbu	a5,1(a3)
40800c5a:	ffc9                	c.bnez	a5,40800bf4 <_ZL8cmd_echoPKc+0xd0>
40800c5c:	bf5d                	c.j	40800c12 <_ZL8cmd_echoPKc+0xee>
40800c5e:	00174703          	lbu	a4,1(a4)
40800c62:	ee071ee3          	bne	a4,zero,40800b5e <_ZL8cmd_echoPKc+0x3a>
40800c66:	4080d437          	lui	s0,0x4080d
40800c6a:	c1440413          	addi	s0,s0,-1004 # 4080cc14 <_str_crlf+0x7c6>
40800c6e:	06500513          	addi	a0,zero,101
40800c72:	0405                	c.addi	s0,1
40800c74:	31a5                	c.jal	408008dc <uart_putc>
40800c76:	00044503          	lbu	a0,0(s0)
40800c7a:	fd65                	c.bnez	a0,40800c72 <_ZL8cmd_echoPKc+0x14e>
40800c7c:	bfc9                	c.j	40800c4e <_ZL8cmd_echoPKc+0x12a>

40800c7e <uart_puts>:
40800c7e:	1141                	c.addi	sp,-16
40800c80:	c422                	c.swsp	s0,8(sp)
40800c82:	c606                	c.swsp	ra,12(sp)
40800c84:	842a                	c.mv	s0,a0
40800c86:	00054503          	lbu	a0,0(a0)
40800c8a:	c511                	c.beqz	a0,40800c96 <uart_puts+0x18>
40800c8c:	0405                	c.addi	s0,1
40800c8e:	31b9                	c.jal	408008dc <uart_putc>
40800c90:	00044503          	lbu	a0,0(s0)
40800c94:	fd65                	c.bnez	a0,40800c8c <uart_puts+0xe>
40800c96:	40b2                	c.lwsp	ra,12(sp)
40800c98:	4422                	c.lwsp	s0,8(sp)
40800c9a:	0141                	c.addi	sp,16
40800c9c:	8082                	c.jr	ra

40800c9e <_ZL10cmd_rebootPKc>:
40800c9e:	1141                	c.addi	sp,-16
40800ca0:	c606                	c.swsp	ra,12(sp)
40800ca2:	c422                	c.swsp	s0,8(sp)
40800ca4:	00054703          	lbu	a4,0(a0)
40800ca8:	c31d                	c.beqz	a4,40800cce <_ZL10cmd_rebootPKc+0x30>
40800caa:	4080d7b7          	lui	a5,0x4080d
40800cae:	ab478793          	addi	a5,a5,-1356 # 4080cab4 <_str_crlf+0x666>
40800cb2:	02d00693          	addi	a3,zero,45
40800cb6:	a809                	c.j	40800cc8 <_ZL10cmd_rebootPKc+0x2a>
40800cb8:	00054703          	lbu	a4,0(a0)
40800cbc:	00178613          	addi	a2,a5,1
40800cc0:	cb25                	c.beqz	a4,40800d30 <_ZL10cmd_rebootPKc+0x92>
40800cc2:	0017c683          	lbu	a3,1(a5)
40800cc6:	87b2                	c.mv	a5,a2
40800cc8:	0505                	c.addi	a0,1
40800cca:	fed707e3          	beq	a4,a3,40800cb8 <_ZL10cmd_rebootPKc+0x1a>
40800cce:	4080d537          	lui	a0,0x4080d
40800cd2:	c8450513          	addi	a0,a0,-892 # 4080cc84 <_str_crlf+0x836>
40800cd6:	3765                	c.jal	40800c7e <uart_puts>
40800cd8:	408807b7          	lui	a5,0x40880
40800cdc:	c6aac6b7          	lui	a3,0xc6aac
40800ce0:	80078793          	addi	a5,a5,-2048 # 4087f800 <_kern_stack_top+0x3800>
40800ce4:	b0168693          	addi	a3,a3,-1279 # c6aabb01 <_kern_stack_top+0x8622fb01>
40800ce8:	460d                	c.li	a2,3
40800cea:	60000737          	lui	a4,0x60000
40800cee:	0007a423          	sw	zero,8(a5)
40800cf2:	0007a623          	sw	zero,12(a5)
40800cf6:	c394                	c.sw	a3,0(a5)
40800cf8:	c3d0                	c.sw	a2,4(a5)
40800cfa:	01c70793          	addi	a5,a4,28 # 6000001c <_kern_stack_top+0x1f78401c>
40800cfe:	4398                	c.lw	a4,0(a5)
40800d00:	01075693          	srli	a3,a4,0x10
40800d04:	0ff6f693          	andi	a3,a3,255
40800d08:	fafd                	c.bnez	a3,40800cfe <_ZL10cmd_rebootPKc+0x60>
40800d0a:	50d846b7          	lui	a3,0x50d84
40800d0e:	60008737          	lui	a4,0x60008
40800d12:	aa168693          	addi	a3,a3,-1375 # 50d83aa1 <_kern_stack_top+0x10507aa1>
40800d16:	d374                	c.sw	a3,100(a4)
40800d18:	4685                	c.li	a3,1
40800d1a:	c774                	c.sw	a3,76(a4)
40800d1c:	87ba                	c.mv	a5,a4
40800d1e:	cb34                	c.sw	a3,80(a4)
40800d20:	e0200737          	lui	a4,0xe0200
40800d24:	c7b8                	c.sw	a4,72(a5)
40800d26:	10500073          	wfi
40800d2a:	10500073          	wfi
40800d2e:	bfe5                	c.j	40800d26 <_ZL10cmd_rebootPKc+0x88>
40800d30:	0017c783          	lbu	a5,1(a5)
40800d34:	ffc9                	c.bnez	a5,40800cce <_ZL10cmd_rebootPKc+0x30>
40800d36:	4080d437          	lui	s0,0x4080d
40800d3a:	c5840413          	addi	s0,s0,-936 # 4080cc58 <_str_crlf+0x80a>
40800d3e:	07200513          	addi	a0,zero,114
40800d42:	0405                	c.addi	s0,1
40800d44:	3e61                	c.jal	408008dc <uart_putc>
40800d46:	00044503          	lbu	a0,0(s0)
40800d4a:	fd65                	c.bnez	a0,40800d42 <_ZL10cmd_rebootPKc+0xa4>
40800d4c:	40b2                	c.lwsp	ra,12(sp)
40800d4e:	4422                	c.lwsp	s0,8(sp)
40800d50:	0141                	c.addi	sp,16
40800d52:	8082                	c.jr	ra

40800d54 <uart_avail>:
40800d54:	600007b7          	lui	a5,0x60000
40800d58:	4fc8                	c.lw	a0,28(a5)
40800d5a:	0ff57513          	andi	a0,a0,255
40800d5e:	8082                	c.jr	ra

40800d60 <uart_getc>:
40800d60:	60000737          	lui	a4,0x60000
40800d64:	0771                	c.addi	a4,28 # 6000001c <_kern_stack_top+0x1f78401c>
40800d66:	600006b7          	lui	a3,0x60000
40800d6a:	431c                	c.lw	a5,0(a4)
40800d6c:	0ff7f793          	andi	a5,a5,255
40800d70:	dfed                	c.beqz	a5,40800d6a <uart_getc+0xa>
40800d72:	0006c503          	lbu	a0,0(a3) # 60000000 <_kern_stack_top+0x1f784000>
40800d76:	8082                	c.jr	ra

40800d78 <kprintf>:
40800d78:	7159                	c.addi16sp	sp,-112
40800d7a:	c2a6                	c.swsp	s1,68(sp)
40800d7c:	d2be                	c.swsp	a5,100(sp)
40800d7e:	c686                	c.swsp	ra,76(sp)
40800d80:	caae                	c.swsp	a1,84(sp)
40800d82:	ccb2                	c.swsp	a2,88(sp)
40800d84:	ceb6                	c.swsp	a3,92(sp)
40800d86:	d0ba                	c.swsp	a4,96(sp)
40800d88:	d4c2                	c.swsp	a6,104(sp)
40800d8a:	d6c6                	c.swsp	a7,108(sp)
40800d8c:	84aa                	c.mv	s1,a0
40800d8e:	00054503          	lbu	a0,0(a0)
40800d92:	08dc                	c.addi4spn	a5,sp,84
40800d94:	c03e                	c.swsp	a5,0(sp)
40800d96:	c139                	c.beqz	a0,40800ddc <kprintf+0x64>
40800d98:	de4e                	c.swsp	s3,60(sp)
40800d9a:	dc52                	c.swsp	s4,56(sp)
40800d9c:	da56                	c.swsp	s5,52(sp)
40800d9e:	d65e                	c.swsp	s7,44(sp)
40800da0:	c4a2                	c.swsp	s0,72(sp)
40800da2:	c0ca                	c.swsp	s2,64(sp)
40800da4:	d85a                	c.swsp	s6,48(sp)
40800da6:	d462                	c.swsp	s8,40(sp)
40800da8:	d266                	c.swsp	s9,36(sp)
40800daa:	d06a                	c.swsp	s10,32(sp)
40800dac:	02500b93          	addi	s7,zero,37
40800db0:	02d00993          	addi	s3,zero,45
40800db4:	03000a13          	addi	s4,zero,48
40800db8:	4aa5                	c.li	s5,9
40800dba:	03750563          	beq	a0,s7,40800de4 <kprintf+0x6c>
40800dbe:	0485                	c.addi	s1,1
40800dc0:	3e31                	c.jal	408008dc <uart_putc>
40800dc2:	0004c503          	lbu	a0,0(s1)
40800dc6:	f975                	c.bnez	a0,40800dba <kprintf+0x42>
40800dc8:	4426                	c.lwsp	s0,72(sp)
40800dca:	4906                	c.lwsp	s2,64(sp)
40800dcc:	59f2                	c.lwsp	s3,60(sp)
40800dce:	5a62                	c.lwsp	s4,56(sp)
40800dd0:	5ad2                	c.lwsp	s5,52(sp)
40800dd2:	5b42                	c.lwsp	s6,48(sp)
40800dd4:	5bb2                	c.lwsp	s7,44(sp)
40800dd6:	5c22                	c.lwsp	s8,40(sp)
40800dd8:	5c92                	c.lwsp	s9,36(sp)
40800dda:	5d02                	c.lwsp	s10,32(sp)
40800ddc:	40b6                	c.lwsp	ra,76(sp)
40800dde:	4496                	c.lwsp	s1,68(sp)
40800de0:	6165                	c.addi16sp	sp,112
40800de2:	8082                	c.jr	ra
40800de4:	0014c403          	lbu	s0,1(s1)
40800de8:	00248513          	addi	a0,s1,2
40800dec:	4c01                	c.li	s8,0
40800dee:	4b01                	c.li	s6,0
40800df0:	01340a63          	beq	s0,s3,40800e04 <kprintf+0x8c>
40800df4:	01441b63          	bne	s0,s4,40800e0a <kprintf+0x92>
40800df8:	4c05                	c.li	s8,1
40800dfa:	0505                	c.addi	a0,1
40800dfc:	fff54403          	lbu	s0,-1(a0)
40800e00:	ff341ae3          	bne	s0,s3,40800df4 <kprintf+0x7c>
40800e04:	4b05                	c.li	s6,1
40800e06:	0505                	c.addi	a0,1
40800e08:	bfd5                	c.j	40800dfc <kprintf+0x84>
40800e0a:	fd040713          	addi	a4,s0,-48
40800e0e:	0ff77793          	andi	a5,a4,255
40800e12:	fff50493          	addi	s1,a0,-1
40800e16:	26fae463          	bltu	s5,a5,4080107e <kprintf+0x306>
40800e1a:	4901                	c.li	s2,0
40800e1c:	00291793          	slli	a5,s2,0x2
40800e20:	0014c403          	lbu	s0,1(s1)
40800e24:	97ca                	c.add	a5,s2
40800e26:	0786                	c.slli	a5,0x1
40800e28:	00f70933          	add	s2,a4,a5
40800e2c:	fd040713          	addi	a4,s0,-48
40800e30:	0ff77793          	andi	a5,a4,255
40800e34:	0485                	c.addi	s1,1
40800e36:	fefaf3e3          	bgeu	s5,a5,40800e1c <kprintf+0xa4>
40800e3a:	11740463          	beq	s0,s7,40800f42 <kprintf+0x1ca>
40800e3e:	f9d40793          	addi	a5,s0,-99
40800e42:	0ff7f793          	andi	a5,a5,255
40800e46:	4755                	c.li	a4,21
40800e48:	00f76a63          	bltu	a4,a5,40800e5c <kprintf+0xe4>
40800e4c:	40811737          	lui	a4,0x40811
40800e50:	078a                	c.slli	a5,0x2
40800e52:	6e470713          	addi	a4,a4,1764 # 408116e4 <_ZZ11kernel_mainE2bs+0xc>
40800e56:	97ba                	c.add	a5,a4
40800e58:	439c                	c.lw	a5,0(a5)
40800e5a:	8782                	c.jr	a5
40800e5c:	02500513          	addi	a0,zero,37
40800e60:	3cb5                	c.jal	408008dc <uart_putc>
40800e62:	d025                	c.beqz	s0,40800dc2 <kprintf+0x4a>
40800e64:	8522                	c.mv	a0,s0
40800e66:	3c9d                	c.jal	408008dc <uart_putc>
40800e68:	0485                	c.addi	s1,1
40800e6a:	bfa1                	c.j	40800dc2 <kprintf+0x4a>
40800e6c:	4782                	c.lwsp	a5,0(sp)
40800e6e:	06400713          	addi	a4,zero,100
40800e72:	00478693          	addi	a3,a5,4 # 60000004 <_kern_stack_top+0x1f784004>
40800e76:	c036                	c.swsp	a3,0(sp)
40800e78:	439c                	c.lw	a5,0(a5)
40800e7a:	18e40963          	beq	s0,a4,4080100c <kprintf+0x294>
40800e7e:	24079a63          	bne	a5,zero,408010d2 <kprintf+0x35a>
40800e82:	03000793          	addi	a5,zero,48
40800e86:	00f10223          	sb	a5,4(sp)
40800e8a:	4c81                	c.li	s9,0
40800e8c:	4585                	c.li	a1,1
40800e8e:	0050                	c.addi4spn	a2,sp,4
40800e90:	0800                	c.addi4spn	s0,sp,16
40800e92:	01940733          	add	a4,s0,s9
40800e96:	00b607b3          	add	a5,a2,a1
40800e9a:	fff7c683          	lbu	a3,-1(a5)
40800e9e:	17fd                	c.addi	a5,-1
40800ea0:	0705                	c.addi	a4,1
40800ea2:	fed70fa3          	sb	a3,-1(a4)
40800ea6:	fef61ae3          	bne	a2,a5,40800e9a <kprintf+0x122>
40800eaa:	9cae                	c.add	s9,a1
40800eac:	0e0c0363          	beq	s8,zero,40800f92 <kprintf+0x21a>
40800eb0:	020b1263          	bne	s6,zero,40800ed4 <kprintf+0x15c>
40800eb4:	032cd063          	bge	s9,s2,40800ed4 <kprintf+0x15c>
40800eb8:	01014503          	lbu	a0,16(sp)
40800ebc:	02d00793          	addi	a5,zero,45
40800ec0:	03000d13          	addi	s10,zero,48
40800ec4:	20f50c63          	beq	a0,a5,408010dc <kprintf+0x364>
40800ec8:	8c66                	c.mv	s8,s9
40800eca:	856a                	c.mv	a0,s10
40800ecc:	0c05                	c.addi	s8,1
40800ece:	3439                	c.jal	408008dc <uart_putc>
40800ed0:	ff2c4de3          	blt	s8,s2,40800eca <kprintf+0x152>
40800ed4:	008c8c33          	add	s8,s9,s0
40800ed8:	00044503          	lbu	a0,0(s0)
40800edc:	0405                	c.addi	s0,1
40800ede:	3afd                	c.jal	408008dc <uart_putc>
40800ee0:	fe8c1ce3          	bne	s8,s0,40800ed8 <kprintf+0x160>
40800ee4:	000b0463          	beq	s6,zero,40800eec <kprintf+0x174>
40800ee8:	112cc563          	blt	s9,s2,40800ff2 <kprintf+0x27a>
40800eec:	0485                	c.addi	s1,1
40800eee:	bdd1                	c.j	40800dc2 <kprintf+0x4a>
40800ef0:	4782                	c.lwsp	a5,0(sp)
40800ef2:	0007c503          	lbu	a0,0(a5)
40800ef6:	0791                	c.addi	a5,4
40800ef8:	c03e                	c.swsp	a5,0(sp)
40800efa:	00a10823          	sb	a0,16(sp)
40800efe:	040c0663          	beq	s8,zero,40800f4a <kprintf+0x1d2>
40800f02:	0e0b1563          	bne	s6,zero,40800fec <kprintf+0x274>
40800f06:	4785                	c.li	a5,1
40800f08:	0f27d263          	bge	a5,s2,40800fec <kprintf+0x274>
40800f0c:	02d00793          	addi	a5,zero,45
40800f10:	18f51263          	bne	a0,a5,40801094 <kprintf+0x31c>
40800f14:	32e1                	c.jal	408008dc <uart_putc>
40800f16:	8462                	c.mv	s0,s8
40800f18:	03000513          	addi	a0,zero,48
40800f1c:	0405                	c.addi	s0,1
40800f1e:	3a7d                	c.jal	408008dc <uart_putc>
40800f20:	ff241ce3          	bne	s0,s2,40800f18 <kprintf+0x1a0>
40800f24:	0800                	c.addi4spn	s0,sp,16
40800f26:	4785                	c.li	a5,1
40800f28:	9462                	c.add	s0,s8
40800f2a:	01110913          	addi	s2,sp,17
40800f2e:	fafc0fe3          	beq	s8,a5,40800eec <kprintf+0x174>
40800f32:	00094503          	lbu	a0,0(s2)
40800f36:	0905                	c.addi	s2,1
40800f38:	3255                	c.jal	408008dc <uart_putc>
40800f3a:	ff241ce3          	bne	s0,s2,40800f32 <kprintf+0x1ba>
40800f3e:	0485                	c.addi	s1,1
40800f40:	b549                	c.j	40800dc2 <kprintf+0x4a>
40800f42:	01710823          	sb	s7,16(sp)
40800f46:	0a0c1163          	bne	s8,zero,40800fe8 <kprintf+0x270>
40800f4a:	0a0b1163          	bne	s6,zero,40800fec <kprintf+0x274>
40800f4e:	4785                	c.li	a5,1
40800f50:	0927de63          	bge	a5,s2,40800fec <kprintf+0x274>
40800f54:	02000d13          	addi	s10,zero,32
40800f58:	4c85                	c.li	s9,1
40800f5a:	0800                	c.addi4spn	s0,sp,16
40800f5c:	b7b5                	c.j	40800ec8 <kprintf+0x150>
40800f5e:	4702                	c.lwsp	a4,0(sp)
40800f60:	431c                	c.lw	a5,0(a4)
40800f62:	0711                	c.addi	a4,4
40800f64:	c03a                	c.swsp	a4,0(sp)
40800f66:	0e079963          	bne	a5,zero,40801058 <kprintf+0x2e0>
40800f6a:	03000793          	addi	a5,zero,48
40800f6e:	00f10223          	sb	a5,4(sp)
40800f72:	4c85                	c.li	s9,1
40800f74:	0050                	c.addi4spn	a2,sp,4
40800f76:	0800                	c.addi4spn	s0,sp,16
40800f78:	8722                	c.mv	a4,s0
40800f7a:	019607b3          	add	a5,a2,s9
40800f7e:	fff7c683          	lbu	a3,-1(a5)
40800f82:	17fd                	c.addi	a5,-1
40800f84:	0705                	c.addi	a4,1
40800f86:	fed70fa3          	sb	a3,-1(a4)
40800f8a:	fef61ae3          	bne	a2,a5,40800f7e <kprintf+0x206>
40800f8e:	f20c11e3          	bne	s8,zero,40800eb0 <kprintf+0x138>
40800f92:	f40b11e3          	bne	s6,zero,40800ed4 <kprintf+0x15c>
40800f96:	02000d13          	addi	s10,zero,32
40800f9a:	f32cc7e3          	blt	s9,s2,40800ec8 <kprintf+0x150>
40800f9e:	bf1d                	c.j	40800ed4 <kprintf+0x15c>
40800fa0:	4782                	c.lwsp	a5,0(sp)
40800fa2:	4380                	c.lw	s0,0(a5)
40800fa4:	0791                	c.addi	a5,4
40800fa6:	c03e                	c.swsp	a5,0(sp)
40800fa8:	0e040b63          	beq	s0,zero,4080109e <kprintf+0x326>
40800fac:	00044503          	lbu	a0,0(s0)
40800fb0:	0e050e63          	beq	a0,zero,408010ac <kprintf+0x334>
40800fb4:	4c01                	c.li	s8,0
40800fb6:	0c05                	c.addi	s8,1
40800fb8:	018407b3          	add	a5,s0,s8
40800fbc:	0007c783          	lbu	a5,0(a5)
40800fc0:	fbfd                	c.bnez	a5,40800fb6 <kprintf+0x23e>
40800fc2:	100b0a63          	beq	s6,zero,408010d6 <kprintf+0x35e>
40800fc6:	0405                	c.addi	s0,1
40800fc8:	3a11                	c.jal	408008dc <uart_putc>
40800fca:	00044503          	lbu	a0,0(s0)
40800fce:	fd65                	c.bnez	a0,40800fc6 <kprintf+0x24e>
40800fd0:	f00b0ee3          	beq	s6,zero,40800eec <kprintf+0x174>
40800fd4:	f12c5ce3          	bge	s8,s2,40800eec <kprintf+0x174>
40800fd8:	02000513          	addi	a0,zero,32
40800fdc:	0c05                	c.addi	s8,1
40800fde:	38fd                	c.jal	408008dc <uart_putc>
40800fe0:	ff891ce3          	bne	s2,s8,40800fd8 <kprintf+0x260>
40800fe4:	0485                	c.addi	s1,1
40800fe6:	bbf1                	c.j	40800dc2 <kprintf+0x4a>
40800fe8:	0a0b0363          	beq	s6,zero,4080108e <kprintf+0x316>
40800fec:	4c85                	c.li	s9,1
40800fee:	0800                	c.addi4spn	s0,sp,16
40800ff0:	b5d5                	c.j	40800ed4 <kprintf+0x15c>
40800ff2:	02000513          	addi	a0,zero,32
40800ff6:	0c85                	c.addi	s9,1
40800ff8:	30d5                	c.jal	408008dc <uart_putc>
40800ffa:	ef2cd9e3          	bge	s9,s2,40800eec <kprintf+0x174>
40800ffe:	02000513          	addi	a0,zero,32
40801002:	0c85                	c.addi	s9,1
40801004:	38e1                	c.jal	408008dc <uart_putc>
40801006:	ff2cc6e3          	blt	s9,s2,40800ff2 <kprintf+0x27a>
4080100a:	b5cd                	c.j	40800eec <kprintf+0x174>
4080100c:	e607d9e3          	bge	a5,zero,40800e7e <kprintf+0x106>
40801010:	40f007b3          	sub	a5,zero,a5
40801014:	4c85                	c.li	s9,1
40801016:	ccccd8b7          	lui	a7,0xccccd
4080101a:	ccd88893          	addi	a7,a7,-819 # cccccccd <_kern_stack_top+0x8c450ccd>
4080101e:	4581                	c.li	a1,0
40801020:	0050                	c.addi4spn	a2,sp,4
40801022:	4325                	c.li	t1,9
40801024:	0317b733          	mulhu	a4,a5,a7
40801028:	0585                	c.addi	a1,1
4080102a:	853e                	c.mv	a0,a5
4080102c:	00b60833          	add	a6,a2,a1
40801030:	830d                	c.srli	a4,0x3
40801032:	00271693          	slli	a3,a4,0x2
40801036:	96ba                	c.add	a3,a4
40801038:	0686                	c.slli	a3,0x1
4080103a:	8f95                	c.sub	a5,a3
4080103c:	03078793          	addi	a5,a5,48
40801040:	fef80fa3          	sb	a5,-1(a6)
40801044:	87ba                	c.mv	a5,a4
40801046:	fca36fe3          	bltu	t1,a0,40801024 <kprintf+0x2ac>
4080104a:	e40c83e3          	beq	s9,zero,40800e90 <kprintf+0x118>
4080104e:	02d00793          	addi	a5,zero,45
40801052:	00f10823          	sb	a5,16(sp)
40801056:	bd2d                	c.j	40800e90 <kprintf+0x118>
40801058:	4080d5b7          	lui	a1,0x4080d
4080105c:	cb058593          	addi	a1,a1,-848 # 4080ccb0 <_str_crlf+0x862>
40801060:	4c81                	c.li	s9,0
40801062:	0050                	c.addi4spn	a2,sp,4
40801064:	00f7f713          	andi	a4,a5,15
40801068:	972e                	c.add	a4,a1
4080106a:	00074683          	lbu	a3,0(a4)
4080106e:	0c85                	c.addi	s9,1
40801070:	01960733          	add	a4,a2,s9
40801074:	8391                	c.srli	a5,0x4
40801076:	fed70fa3          	sb	a3,-1(a4)
4080107a:	f7ed                	c.bnez	a5,40801064 <kprintf+0x2ec>
4080107c:	bded                	c.j	40800f76 <kprintf+0x1fe>
4080107e:	02500793          	addi	a5,zero,37
40801082:	4901                	c.li	s2,0
40801084:	daf41de3          	bne	s0,a5,40800e3e <kprintf+0xc6>
40801088:	00810823          	sb	s0,16(sp)
4080108c:	b785                	c.j	40800fec <kprintf+0x274>
4080108e:	4785                	c.li	a5,1
40801090:	f527dee3          	bge	a5,s2,40800fec <kprintf+0x274>
40801094:	8ce2                	c.mv	s9,s8
40801096:	03000d13          	addi	s10,zero,48
4080109a:	0800                	c.addi4spn	s0,sp,16
4080109c:	b535                	c.j	40800ec8 <kprintf+0x150>
4080109e:	4080d437          	lui	s0,0x4080d
408010a2:	ca840413          	addi	s0,s0,-856 # 4080cca8 <_str_crlf+0x85a>
408010a6:	02800513          	addi	a0,zero,40
408010aa:	b729                	c.j	40800fb4 <kprintf+0x23c>
408010ac:	4c01                	c.li	s8,0
408010ae:	f20b13e3          	bne	s6,zero,40800fd4 <kprintf+0x25c>
408010b2:	e3205de3          	bge	zero,s2,40800eec <kprintf+0x174>
408010b6:	8ce2                	c.mv	s9,s8
408010b8:	02000513          	addi	a0,zero,32
408010bc:	0c85                	c.addi	s9,1
408010be:	81fff0ef          	jal	ra,408008dc <uart_putc>
408010c2:	ff991be3          	bne	s2,s9,408010b8 <kprintf+0x340>
408010c6:	00044503          	lbu	a0,0(s0)
408010ca:	ee051ee3          	bne	a0,zero,40800fc6 <kprintf+0x24e>
408010ce:	0485                	c.addi	s1,1
408010d0:	b9cd                	c.j	40800dc2 <kprintf+0x4a>
408010d2:	4c81                	c.li	s9,0
408010d4:	b789                	c.j	40801016 <kprintf+0x29e>
408010d6:	ff2c40e3          	blt	s8,s2,408010b6 <kprintf+0x33e>
408010da:	b5f5                	c.j	40800fc6 <kprintf+0x24e>
408010dc:	801ff0ef          	jal	ra,408008dc <uart_putc>
408010e0:	8c66                	c.mv	s8,s9
408010e2:	bd15                	c.j	40800f16 <kprintf+0x19e>

408010e4 <_ZL12cmd_uartstatPKc>:
408010e4:	1101                	c.addi	sp,-32
408010e6:	ce06                	c.swsp	ra,28(sp)
408010e8:	00054783          	lbu	a5,0(a0)
408010ec:	c39d                	c.beqz	a5,40801112 <_ZL12cmd_uartstatPKc+0x2e>
408010ee:	4080d737          	lui	a4,0x4080d
408010f2:	ab470713          	addi	a4,a4,-1356 # 4080cab4 <_str_crlf+0x666>
408010f6:	02d00693          	addi	a3,zero,45
408010fa:	a809                	c.j	4080110c <_ZL12cmd_uartstatPKc+0x28>
408010fc:	00054783          	lbu	a5,0(a0)
40801100:	00170613          	addi	a2,a4,1
40801104:	cfb9                	c.beqz	a5,40801162 <_ZL12cmd_uartstatPKc+0x7e>
40801106:	00174683          	lbu	a3,1(a4)
4080110a:	8732                	c.mv	a4,a2
4080110c:	0505                	c.addi	a0,1
4080110e:	fef687e3          	beq	a3,a5,408010fc <_ZL12cmd_uartstatPKc+0x18>
40801112:	600007b7          	lui	a5,0x60000
40801116:	4fcc                	c.lw	a1,28(a5)
40801118:	ca26                	c.swsp	s1,20(sp)
4080111a:	4080d537          	lui	a0,0x4080d
4080111e:	0ff5f493          	andi	s1,a1,255
40801122:	0105d693          	srli	a3,a1,0x10
40801126:	d0850513          	addi	a0,a0,-760 # 4080cd08 <_str_crlf+0x8ba>
4080112a:	8626                	c.mv	a2,s1
4080112c:	0ff6f693          	andi	a3,a3,255
40801130:	31a1                	c.jal	40800d78 <kprintf>
40801132:	60000737          	lui	a4,0x60000
40801136:	530c                	c.lw	a1,32(a4)
40801138:	08872603          	lw	a2,136(a4) # 60000088 <_kern_stack_top+0x1f784088>
4080113c:	4080d537          	lui	a0,0x4080d
40801140:	d3850513          	addi	a0,a0,-712 # 4080cd38 <_str_crlf+0x8ea>
40801144:	3915                	c.jal	40800d78 <kprintf>
40801146:	600967b7          	lui	a5,0x60096
4080114a:	438c                	c.lw	a1,0(a5)
4080114c:	43d0                	c.lw	a2,4(a5)
4080114e:	4080d537          	lui	a0,0x4080d
40801152:	d6450513          	addi	a0,a0,-668 # 4080cd64 <_str_crlf+0x916>
40801156:	310d                	c.jal	40800d78 <kprintf>
40801158:	e88d                	c.bnez	s1,4080118a <_ZL12cmd_uartstatPKc+0xa6>
4080115a:	40f2                	c.lwsp	ra,28(sp)
4080115c:	44d2                	c.lwsp	s1,20(sp)
4080115e:	6105                	c.addi16sp	sp,32
40801160:	8082                	c.jr	ra
40801162:	00174783          	lbu	a5,1(a4)
40801166:	f7d5                	c.bnez	a5,40801112 <_ZL12cmd_uartstatPKc+0x2e>
40801168:	cc22                	c.swsp	s0,24(sp)
4080116a:	4080d437          	lui	s0,0x4080d
4080116e:	cc440413          	addi	s0,s0,-828 # 4080ccc4 <_str_crlf+0x876>
40801172:	07500513          	addi	a0,zero,117
40801176:	0405                	c.addi	s0,1
40801178:	f64ff0ef          	jal	ra,408008dc <uart_putc>
4080117c:	00044503          	lbu	a0,0(s0)
40801180:	f97d                	c.bnez	a0,40801176 <_ZL12cmd_uartstatPKc+0x92>
40801182:	4462                	c.lwsp	s0,24(sp)
40801184:	40f2                	c.lwsp	ra,28(sp)
40801186:	6105                	c.addi16sp	sp,32
40801188:	8082                	c.jr	ra
4080118a:	cc22                	c.swsp	s0,24(sp)
4080118c:	4080d437          	lui	s0,0x4080d
40801190:	c84a                	c.swsp	s2,16(sp)
40801192:	c64e                	c.swsp	s3,12(sp)
40801194:	c452                	c.swsp	s4,8(sp)
40801196:	cfc40413          	addi	s0,s0,-772 # 4080ccfc <_str_crlf+0x8ae>
4080119a:	05200513          	addi	a0,zero,82
4080119e:	0405                	c.addi	s0,1
408011a0:	f3cff0ef          	jal	ra,408008dc <uart_putc>
408011a4:	00044503          	lbu	a0,0(s0)
408011a8:	f97d                	c.bnez	a0,4080119e <_ZL12cmd_uartstatPKc+0xba>
408011aa:	4401                	c.li	s0,0
408011ac:	4080d9b7          	lui	s3,0x4080d
408011b0:	60000937          	lui	s2,0x60000
408011b4:	4a41                	c.li	s4,16
408011b6:	00094583          	lbu	a1,0(s2) # 60000000 <_kern_stack_top+0x1f784000>
408011ba:	d9498513          	addi	a0,s3,-620 # 4080cd94 <_str_crlf+0x946>
408011be:	0405                	c.addi	s0,1
408011c0:	3e65                	c.jal	40800d78 <kprintf>
408011c2:	00848463          	beq	s1,s0,408011ca <_ZL12cmd_uartstatPKc+0xe6>
408011c6:	ff4418e3          	bne	s0,s4,408011b6 <_ZL12cmd_uartstatPKc+0xd2>
408011ca:	40810437          	lui	s0,0x40810
408011ce:	bc440413          	addi	s0,s0,-1084 # 4080fbc4 <_str_crlf+0x3776>
408011d2:	4535                	c.li	a0,13
408011d4:	0405                	c.addi	s0,1
408011d6:	f06ff0ef          	jal	ra,408008dc <uart_putc>
408011da:	00044503          	lbu	a0,0(s0)
408011de:	f97d                	c.bnez	a0,408011d4 <_ZL12cmd_uartstatPKc+0xf0>
408011e0:	4462                	c.lwsp	s0,24(sp)
408011e2:	40f2                	c.lwsp	ra,28(sp)
408011e4:	44d2                	c.lwsp	s1,20(sp)
408011e6:	4942                	c.lwsp	s2,16(sp)
408011e8:	49b2                	c.lwsp	s3,12(sp)
408011ea:	4a22                	c.lwsp	s4,8(sp)
408011ec:	6105                	c.addi16sp	sp,32
408011ee:	8082                	c.jr	ra

408011f0 <_ZL6cmd_psPKc>:
408011f0:	7179                	c.addi16sp	sp,-48
408011f2:	d422                	c.swsp	s0,40(sp)
408011f4:	d606                	c.swsp	ra,44(sp)
408011f6:	00054783          	lbu	a5,0(a0)
408011fa:	842a                	c.mv	s0,a0
408011fc:	c785                	c.beqz	a5,40801224 <_ZL6cmd_psPKc+0x34>
408011fe:	4080d737          	lui	a4,0x4080d
40801202:	ab470713          	addi	a4,a4,-1356 # 4080cab4 <_str_crlf+0x666>
40801206:	86aa                	c.mv	a3,a0
40801208:	02d00613          	addi	a2,zero,45
4080120c:	a809                	c.j	4080121e <_ZL6cmd_psPKc+0x2e>
4080120e:	0006c783          	lbu	a5,0(a3)
40801212:	00170593          	addi	a1,a4,1
40801216:	c7d1                	c.beqz	a5,408012a2 <_ZL6cmd_psPKc+0xb2>
40801218:	00174603          	lbu	a2,1(a4)
4080121c:	872e                	c.mv	a4,a1
4080121e:	0685                	c.addi	a3,1
40801220:	fef607e3          	beq	a2,a5,4080120e <_ZL6cmd_psPKc+0x1e>
40801224:	d226                	c.swsp	s1,36(sp)
40801226:	d04a                	c.swsp	s2,32(sp)
40801228:	629070ef          	jal	ra,40809050 <task_count>
4080122c:	00044783          	lbu	a5,0(s0)
40801230:	84aa                	c.mv	s1,a0
40801232:	c39d                	c.beqz	a5,40801258 <_ZL6cmd_psPKc+0x68>
40801234:	4080d737          	lui	a4,0x4080d
40801238:	dd070713          	addi	a4,a4,-560 # 4080cdd0 <_str_crlf+0x982>
4080123c:	02d00693          	addi	a3,zero,45
40801240:	a809                	c.j	40801252 <_ZL6cmd_psPKc+0x62>
40801242:	00044783          	lbu	a5,0(s0)
40801246:	00170613          	addi	a2,a4,1
4080124a:	cfbd                	c.beqz	a5,408012c8 <_ZL6cmd_psPKc+0xd8>
4080124c:	00174683          	lbu	a3,1(a4)
40801250:	8732                	c.mv	a4,a2
40801252:	0405                	c.addi	s0,1
40801254:	fed787e3          	beq	a5,a3,40801242 <_ZL6cmd_psPKc+0x52>
40801258:	4080d437          	lui	s0,0x4080d
4080125c:	dd440413          	addi	s0,s0,-556 # 4080cdd4 <_str_crlf+0x986>
40801260:	05000513          	addi	a0,zero,80
40801264:	0405                	c.addi	s0,1
40801266:	e76ff0ef          	jal	ra,408008dc <uart_putc>
4080126a:	00044503          	lbu	a0,0(s0)
4080126e:	f97d                	c.bnez	a0,40801264 <_ZL6cmd_psPKc+0x74>
40801270:	4401                	c.li	s0,0
40801272:	4080d937          	lui	s2,0x4080d
40801276:	02905063          	bge	zero,s1,40801296 <_ZL6cmd_psPKc+0xa6>
4080127a:	8522                	c.mv	a0,s0
4080127c:	5df070ef          	jal	ra,4080905a <task_get>
40801280:	87aa                	c.mv	a5,a0
40801282:	00850613          	addi	a2,a0,8
40801286:	85a2                	c.mv	a1,s0
40801288:	e2090513          	addi	a0,s2,-480 # 4080ce20 <_str_crlf+0x9d2>
4080128c:	c391                	c.beqz	a5,40801290 <_ZL6cmd_psPKc+0xa0>
4080128e:	34ed                	c.jal	40800d78 <kprintf>
40801290:	0405                	c.addi	s0,1
40801292:	fe8494e3          	bne	s1,s0,4080127a <_ZL6cmd_psPKc+0x8a>
40801296:	50b2                	c.lwsp	ra,44(sp)
40801298:	5422                	c.lwsp	s0,40(sp)
4080129a:	5492                	c.lwsp	s1,36(sp)
4080129c:	5902                	c.lwsp	s2,32(sp)
4080129e:	6145                	c.addi16sp	sp,48
408012a0:	8082                	c.jr	ra
408012a2:	00174783          	lbu	a5,1(a4)
408012a6:	ffbd                	c.bnez	a5,40801224 <_ZL6cmd_psPKc+0x34>
408012a8:	4080d437          	lui	s0,0x4080d
408012ac:	d9c40413          	addi	s0,s0,-612 # 4080cd9c <_str_crlf+0x94e>
408012b0:	07000513          	addi	a0,zero,112
408012b4:	0405                	c.addi	s0,1
408012b6:	e26ff0ef          	jal	ra,408008dc <uart_putc>
408012ba:	00044503          	lbu	a0,0(s0)
408012be:	f97d                	c.bnez	a0,408012b4 <_ZL6cmd_psPKc+0xc4>
408012c0:	50b2                	c.lwsp	ra,44(sp)
408012c2:	5422                	c.lwsp	s0,40(sp)
408012c4:	6145                	c.addi16sp	sp,48
408012c6:	8082                	c.jr	ra
408012c8:	00174783          	lbu	a5,1(a4)
408012cc:	f7d1                	c.bnez	a5,40801258 <_ZL6cmd_psPKc+0x68>
408012ce:	4080d437          	lui	s0,0x4080d
408012d2:	ce4e                	c.swsp	s3,28(sp)
408012d4:	cc52                	c.swsp	s4,24(sp)
408012d6:	ca56                	c.swsp	s5,20(sp)
408012d8:	c85a                	c.swsp	s6,16(sp)
408012da:	c65e                	c.swsp	s7,12(sp)
408012dc:	c462                	c.swsp	s8,8(sp)
408012de:	de040413          	addi	s0,s0,-544 # 4080cde0 <_str_crlf+0x992>
408012e2:	05000513          	addi	a0,zero,80
408012e6:	0405                	c.addi	s0,1
408012e8:	df4ff0ef          	jal	ra,408008dc <uart_putc>
408012ec:	00044503          	lbu	a0,0(s0)
408012f0:	f97d                	c.bnez	a0,408012e6 <_ZL6cmd_psPKc+0xf6>
408012f2:	06905363          	bge	zero,s1,40801358 <_ZL6cmd_psPKc+0x168>
408012f6:	4401                	c.li	s0,0
408012f8:	4080d9b7          	lui	s3,0x4080d
408012fc:	4080d937          	lui	s2,0x4080d
40801300:	4a85                	c.li	s5,1
40801302:	4080da37          	lui	s4,0x4080d
40801306:	4c09                	c.li	s8,2
40801308:	4b8d                	c.li	s7,3
4080130a:	4080db37          	lui	s6,0x4080d
4080130e:	a811                	c.j	40801322 <_ZL6cmd_psPKc+0x132>
40801310:	00850693          	addi	a3,a0,8
40801314:	85a2                	c.mv	a1,s0
40801316:	e1098513          	addi	a0,s3,-496 # 4080ce10 <_str_crlf+0x9c2>
4080131a:	3cb9                	c.jal	40800d78 <kprintf>
4080131c:	0405                	c.addi	s0,1
4080131e:	02848d63          	beq	s1,s0,40801358 <_ZL6cmd_psPKc+0x168>
40801322:	8522                	c.mv	a0,s0
40801324:	537070ef          	jal	ra,4080905a <task_get>
40801328:	d975                	c.beqz	a0,4080131c <_ZL6cmd_psPKc+0x12c>
4080132a:	415c                	c.lw	a5,4(a0)
4080132c:	e0890613          	addi	a2,s2,-504 # 4080ce08 <_str_crlf+0x9ba>
40801330:	d3e5                	c.beqz	a5,40801310 <_ZL6cmd_psPKc+0x120>
40801332:	dfca0613          	addi	a2,s4,-516 # 4080cdfc <_str_crlf+0x9ae>
40801336:	fd578de3          	beq	a5,s5,40801310 <_ZL6cmd_psPKc+0x120>
4080133a:	4080d637          	lui	a2,0x4080d
4080133e:	e0060613          	addi	a2,a2,-512 # 4080ce00 <_str_crlf+0x9b2>
40801342:	fd8787e3          	beq	a5,s8,40801310 <_ZL6cmd_psPKc+0x120>
40801346:	df4b0613          	addi	a2,s6,-524 # 4080cdf4 <_str_crlf+0x9a6>
4080134a:	fd7783e3          	beq	a5,s7,40801310 <_ZL6cmd_psPKc+0x120>
4080134e:	4080f637          	lui	a2,0x4080f
40801352:	18860613          	addi	a2,a2,392 # 4080f188 <_str_crlf+0x2d3a>
40801356:	bf6d                	c.j	40801310 <_ZL6cmd_psPKc+0x120>
40801358:	50b2                	c.lwsp	ra,44(sp)
4080135a:	5422                	c.lwsp	s0,40(sp)
4080135c:	5492                	c.lwsp	s1,36(sp)
4080135e:	5902                	c.lwsp	s2,32(sp)
40801360:	49f2                	c.lwsp	s3,28(sp)
40801362:	4a62                	c.lwsp	s4,24(sp)
40801364:	4ad2                	c.lwsp	s5,20(sp)
40801366:	4b42                	c.lwsp	s6,16(sp)
40801368:	4bb2                	c.lwsp	s7,12(sp)
4080136a:	4c22                	c.lwsp	s8,8(sp)
4080136c:	6145                	c.addi16sp	sp,48
4080136e:	8082                	c.jr	ra

40801370 <_ZL7cmd_envPKc>:
40801370:	1101                	c.addi	sp,-32
40801372:	ce06                	c.swsp	ra,28(sp)
40801374:	00054783          	lbu	a5,0(a0)
40801378:	c39d                	c.beqz	a5,4080139e <_ZL7cmd_envPKc+0x2e>
4080137a:	4080d737          	lui	a4,0x4080d
4080137e:	ab470713          	addi	a4,a4,-1356 # 4080cab4 <_str_crlf+0x666>
40801382:	02d00693          	addi	a3,zero,45
40801386:	a809                	c.j	40801398 <_ZL7cmd_envPKc+0x28>
40801388:	00054783          	lbu	a5,0(a0)
4080138c:	00170613          	addi	a2,a4,1
40801390:	cbb1                	c.beqz	a5,408013e4 <_ZL7cmd_envPKc+0x74>
40801392:	00174683          	lbu	a3,1(a4)
40801396:	8732                	c.mv	a4,a2
40801398:	0505                	c.addi	a0,1
4080139a:	fef687e3          	beq	a3,a5,40801388 <_ZL7cmd_envPKc+0x18>
4080139e:	4081a7b7          	lui	a5,0x4081a
408013a2:	c84a                	c.swsp	s2,16(sp)
408013a4:	4207a903          	lw	s2,1056(a5) # 4081a420 <_ZL11g_env_count>
408013a8:	07205063          	bge	zero,s2,40801408 <_ZL7cmd_envPKc+0x98>
408013ac:	cc22                	c.swsp	s0,24(sp)
408013ae:	40813437          	lui	s0,0x40813
408013b2:	ca26                	c.swsp	s1,20(sp)
408013b4:	c64e                	c.swsp	s3,12(sp)
408013b6:	d1040413          	addi	s0,s0,-752 # 40812d10 <_ZL11g_env_table>
408013ba:	4481                	c.li	s1,0
408013bc:	4080d9b7          	lui	s3,0x4080d
408013c0:	02040613          	addi	a2,s0,32
408013c4:	85a2                	c.mv	a1,s0
408013c6:	e6098513          	addi	a0,s3,-416 # 4080ce60 <_str_crlf+0xa12>
408013ca:	0485                	c.addi	s1,1
408013cc:	3275                	c.jal	40800d78 <kprintf>
408013ce:	06040413          	addi	s0,s0,96
408013d2:	fe9917e3          	bne	s2,s1,408013c0 <_ZL7cmd_envPKc+0x50>
408013d6:	4462                	c.lwsp	s0,24(sp)
408013d8:	44d2                	c.lwsp	s1,20(sp)
408013da:	4942                	c.lwsp	s2,16(sp)
408013dc:	49b2                	c.lwsp	s3,12(sp)
408013de:	40f2                	c.lwsp	ra,28(sp)
408013e0:	6105                	c.addi16sp	sp,32
408013e2:	8082                	c.jr	ra
408013e4:	00174783          	lbu	a5,1(a4)
408013e8:	fbdd                	c.bnez	a5,4080139e <_ZL7cmd_envPKc+0x2e>
408013ea:	cc22                	c.swsp	s0,24(sp)
408013ec:	4080d437          	lui	s0,0x4080d
408013f0:	e2c40413          	addi	s0,s0,-468 # 4080ce2c <_str_crlf+0x9de>
408013f4:	06500513          	addi	a0,zero,101
408013f8:	0405                	c.addi	s0,1
408013fa:	ce2ff0ef          	jal	ra,408008dc <uart_putc>
408013fe:	00044503          	lbu	a0,0(s0)
40801402:	f97d                	c.bnez	a0,408013f8 <_ZL7cmd_envPKc+0x88>
40801404:	4462                	c.lwsp	s0,24(sp)
40801406:	bfe1                	c.j	408013de <_ZL7cmd_envPKc+0x6e>
40801408:	4942                	c.lwsp	s2,16(sp)
4080140a:	bfd1                	c.j	408013de <_ZL7cmd_envPKc+0x6e>

4080140c <_ZL11cmd_driversPKc>:
4080140c:	1101                	c.addi	sp,-32
4080140e:	ce06                	c.swsp	ra,28(sp)
40801410:	cc22                	c.swsp	s0,24(sp)
40801412:	00054783          	lbu	a5,0(a0)
40801416:	c39d                	c.beqz	a5,4080143c <_ZL11cmd_driversPKc+0x30>
40801418:	4080d737          	lui	a4,0x4080d
4080141c:	ab470713          	addi	a4,a4,-1356 # 4080cab4 <_str_crlf+0x666>
40801420:	02d00693          	addi	a3,zero,45
40801424:	a809                	c.j	40801436 <_ZL11cmd_driversPKc+0x2a>
40801426:	00054783          	lbu	a5,0(a0)
4080142a:	00170613          	addi	a2,a4,1
4080142e:	c3b5                	c.beqz	a5,40801492 <_ZL11cmd_driversPKc+0x86>
40801430:	00174683          	lbu	a3,1(a4)
40801434:	8732                	c.mv	a4,a2
40801436:	0505                	c.addi	a0,1
40801438:	fef687e3          	beq	a3,a5,40801426 <_ZL11cmd_driversPKc+0x1a>
4080143c:	4080d537          	lui	a0,0x4080d
40801440:	40813437          	lui	s0,0x40813
40801444:	eb450513          	addi	a0,a0,-332 # 4080ceb4 <_str_crlf+0xa66>
40801448:	31040413          	addi	s0,s0,784 # 40813310 <g_drivers>
4080144c:	ca26                	c.swsp	s1,20(sp)
4080144e:	c84a                	c.swsp	s2,16(sp)
40801450:	c64e                	c.swsp	s3,12(sp)
40801452:	c452                	c.swsp	s4,8(sp)
40801454:	0c040993          	addi	s3,s0,192
40801458:	3205                	c.jal	40800d78 <kprintf>
4080145a:	4080d937          	lui	s2,0x4080d
4080145e:	4080d4b7          	lui	s1,0x4080d
40801462:	4080da37          	lui	s4,0x4080d
40801466:	400c                	c.lw	a1,0(s0)
40801468:	ecc90513          	addi	a0,s2,-308 # 4080cecc <_str_crlf+0xa7e>
4080146c:	ea848613          	addi	a2,s1,-344 # 4080cea8 <_str_crlf+0xa5a>
40801470:	c591                	c.beqz	a1,4080147c <_ZL11cmd_driversPKc+0x70>
40801472:	485c                	c.lw	a5,20(s0)
40801474:	c399                	c.beqz	a5,4080147a <_ZL11cmd_driversPKc+0x6e>
40801476:	e9ca0613          	addi	a2,s4,-356 # 4080ce9c <_str_crlf+0xa4e>
4080147a:	38fd                	c.jal	40800d78 <kprintf>
4080147c:	0461                	c.addi	s0,24
4080147e:	ff3414e3          	bne	s0,s3,40801466 <_ZL11cmd_driversPKc+0x5a>
40801482:	40f2                	c.lwsp	ra,28(sp)
40801484:	4462                	c.lwsp	s0,24(sp)
40801486:	44d2                	c.lwsp	s1,20(sp)
40801488:	4942                	c.lwsp	s2,16(sp)
4080148a:	49b2                	c.lwsp	s3,12(sp)
4080148c:	4a22                	c.lwsp	s4,8(sp)
4080148e:	6105                	c.addi16sp	sp,32
40801490:	8082                	c.jr	ra
40801492:	00174783          	lbu	a5,1(a4)
40801496:	f3dd                	c.bnez	a5,4080143c <_ZL11cmd_driversPKc+0x30>
40801498:	4080d437          	lui	s0,0x4080d
4080149c:	e6840413          	addi	s0,s0,-408 # 4080ce68 <_str_crlf+0xa1a>
408014a0:	06400513          	addi	a0,zero,100
408014a4:	0405                	c.addi	s0,1
408014a6:	c36ff0ef          	jal	ra,408008dc <uart_putc>
408014aa:	00044503          	lbu	a0,0(s0)
408014ae:	f97d                	c.bnez	a0,408014a4 <_ZL11cmd_driversPKc+0x98>
408014b0:	40f2                	c.lwsp	ra,28(sp)
408014b2:	4462                	c.lwsp	s0,24(sp)
408014b4:	6105                	c.addi16sp	sp,32
408014b6:	8082                	c.jr	ra

408014b8 <_ZL8cmd_modePKc>:
408014b8:	1141                	c.addi	sp,-16
408014ba:	c606                	c.swsp	ra,12(sp)
408014bc:	00054e03          	lbu	t3,0(a0)
408014c0:	020e1463          	bne	t3,zero,408014e8 <_ZL8cmd_modePKc+0x30>
408014c4:	19b020ef          	jal	ra,40803e5e <display_get_mode>
408014c8:	408117b7          	lui	a5,0x40811
408014cc:	00251713          	slli	a4,a0,0x2
408014d0:	73c78793          	addi	a5,a5,1852 # 4081173c <_ZZL8cmd_modePKcE5names>
408014d4:	97ba                	c.add	a5,a4
408014d6:	40b2                	c.lwsp	ra,12(sp)
408014d8:	438c                	c.lw	a1,0(a5)
408014da:	4080d537          	lui	a0,0x4080d
408014de:	fc850513          	addi	a0,a0,-56 # 4080cfc8 <_str_crlf+0xb7a>
408014e2:	0141                	c.addi	sp,16
408014e4:	895ff06f          	jal	zero,40800d78 <kprintf>
408014e8:	4080d7b7          	lui	a5,0x4080d
408014ec:	c422                	c.swsp	s0,8(sp)
408014ee:	ab478793          	addi	a5,a5,-1356 # 4080cab4 <_str_crlf+0x666>
408014f2:	86f2                	c.mv	a3,t3
408014f4:	872a                	c.mv	a4,a0
408014f6:	02d00613          	addi	a2,zero,45
408014fa:	a809                	c.j	4080150c <_ZL8cmd_modePKc+0x54>
408014fc:	00074683          	lbu	a3,0(a4)
40801500:	00178593          	addi	a1,a5,1
40801504:	cad1                	c.beqz	a3,40801598 <_ZL8cmd_modePKc+0xe0>
40801506:	0017c603          	lbu	a2,1(a5)
4080150a:	87ae                	c.mv	a5,a1
4080150c:	0705                	c.addi	a4,1
4080150e:	fed607e3          	beq	a2,a3,408014fc <_ZL8cmd_modePKc+0x44>
40801512:	408118b7          	lui	a7,0x40811
40801516:	73c88893          	addi	a7,a7,1852 # 4081173c <_ZZL8cmd_modePKcE5names>
4080151a:	07300613          	addi	a2,zero,115
4080151e:	4301                	c.li	t1,0
40801520:	458d                	c.li	a1,3
40801522:	0008a403          	lw	s0,0(a7)
40801526:	8772                	c.mv	a4,t3
40801528:	87aa                	c.mv	a5,a0
4080152a:	86a2                	c.mv	a3,s0
4080152c:	a809                	c.j	4080153e <_ZL8cmd_modePKc+0x86>
4080152e:	0007c703          	lbu	a4,0(a5)
40801532:	00168813          	addi	a6,a3,1
40801536:	c305                	c.beqz	a4,40801556 <_ZL8cmd_modePKc+0x9e>
40801538:	0016c603          	lbu	a2,1(a3)
4080153c:	86c2                	c.mv	a3,a6
4080153e:	0785                	c.addi	a5,1
40801540:	fee607e3          	beq	a2,a4,4080152e <_ZL8cmd_modePKc+0x76>
40801544:	0305                	c.addi	t1,1
40801546:	02b30963          	beq	t1,a1,40801578 <_ZL8cmd_modePKc+0xc0>
4080154a:	0048a783          	lw	a5,4(a7)
4080154e:	0891                	c.addi	a7,4
40801550:	0007c603          	lbu	a2,0(a5)
40801554:	b7f9                	c.j	40801522 <_ZL8cmd_modePKc+0x6a>
40801556:	0016c783          	lbu	a5,1(a3)
4080155a:	f7ed                	c.bnez	a5,40801544 <_ZL8cmd_modePKc+0x8c>
4080155c:	851a                	c.mv	a0,t1
4080155e:	7e4020ef          	jal	ra,40803d42 <display_set_mode>
40801562:	e939                	c.bnez	a0,408015b8 <_ZL8cmd_modePKc+0x100>
40801564:	4080d537          	lui	a0,0x4080d
40801568:	f7050513          	addi	a0,a0,-144 # 4080cf70 <_str_crlf+0xb22>
4080156c:	85a2                	c.mv	a1,s0
4080156e:	4422                	c.lwsp	s0,8(sp)
40801570:	40b2                	c.lwsp	ra,12(sp)
40801572:	0141                	c.addi	sp,16
40801574:	805ff06f          	jal	zero,40800d78 <kprintf>
40801578:	4080d437          	lui	s0,0x4080d
4080157c:	f9c40413          	addi	s0,s0,-100 # 4080cf9c <_str_crlf+0xb4e>
40801580:	05500513          	addi	a0,zero,85
40801584:	0405                	c.addi	s0,1
40801586:	b56ff0ef          	jal	ra,408008dc <uart_putc>
4080158a:	00044503          	lbu	a0,0(s0)
4080158e:	f97d                	c.bnez	a0,40801584 <_ZL8cmd_modePKc+0xcc>
40801590:	4422                	c.lwsp	s0,8(sp)
40801592:	40b2                	c.lwsp	ra,12(sp)
40801594:	0141                	c.addi	sp,16
40801596:	8082                	c.jr	ra
40801598:	0017c783          	lbu	a5,1(a5)
4080159c:	fbbd                	c.bnez	a5,40801512 <_ZL8cmd_modePKc+0x5a>
4080159e:	4080d437          	lui	s0,0x4080d
408015a2:	ed840413          	addi	s0,s0,-296 # 4080ced8 <_str_crlf+0xa8a>
408015a6:	06d00513          	addi	a0,zero,109
408015aa:	0405                	c.addi	s0,1
408015ac:	b30ff0ef          	jal	ra,408008dc <uart_putc>
408015b0:	00044503          	lbu	a0,0(s0)
408015b4:	f97d                	c.bnez	a0,408015aa <_ZL8cmd_modePKc+0xf2>
408015b6:	bfe9                	c.j	40801590 <_ZL8cmd_modePKc+0xd8>
408015b8:	4080d537          	lui	a0,0x4080d
408015bc:	f8450513          	addi	a0,a0,-124 # 4080cf84 <_str_crlf+0xb36>
408015c0:	b775                	c.j	4080156c <_ZL8cmd_modePKc+0xb4>

408015c2 <_ZL10cmd_uptimePKc>:
408015c2:	1141                	c.addi	sp,-16
408015c4:	c606                	c.swsp	ra,12(sp)
408015c6:	00054783          	lbu	a5,0(a0)
408015ca:	c39d                	c.beqz	a5,408015f0 <_ZL10cmd_uptimePKc+0x2e>
408015cc:	4080d737          	lui	a4,0x4080d
408015d0:	ab470713          	addi	a4,a4,-1356 # 4080cab4 <_str_crlf+0x666>
408015d4:	02d00693          	addi	a3,zero,45
408015d8:	a809                	c.j	408015ea <_ZL10cmd_uptimePKc+0x28>
408015da:	00054783          	lbu	a5,0(a0)
408015de:	00170613          	addi	a2,a4,1
408015e2:	cfb1                	c.beqz	a5,4080163e <_ZL10cmd_uptimePKc+0x7c>
408015e4:	00174683          	lbu	a3,1(a4)
408015e8:	8732                	c.mv	a4,a2
408015ea:	0505                	c.addi	a0,1
408015ec:	fef687e3          	beq	a3,a5,408015da <_ZL10cmd_uptimePKc+0x18>
408015f0:	a7dfe0ef          	jal	ra,4080006c <get_mcycle>
408015f4:	ccccd637          	lui	a2,0xccccd
408015f8:	ccd60613          	addi	a2,a2,-819 # cccccccd <_kern_stack_top+0x8c450ccd>
408015fc:	02c53633          	mulhu	a2,a0,a2
40801600:	431be5b7          	lui	a1,0x431be
40801604:	e8358593          	addi	a1,a1,-381 # 431bde83 <_kern_stack_top+0x2941e83>
40801608:	000f47b7          	lui	a5,0xf4
4080160c:	24078793          	addi	a5,a5,576 # f4240 <_kernel_start-0x4070bdc0>
40801610:	10625737          	lui	a4,0x10625
40801614:	dd370713          	addi	a4,a4,-557 # 10624dd3 <_kernel_start-0x301db22d>
40801618:	40b2                	c.lwsp	ra,12(sp)
4080161a:	86aa                	c.mv	a3,a0
4080161c:	4080d537          	lui	a0,0x4080d
40801620:	8215                	c.srli	a2,0x5
40801622:	02b635b3          	mulhu	a1,a2,a1
40801626:	00850513          	addi	a0,a0,8 # 4080d008 <_str_crlf+0xbba>
4080162a:	0141                	c.addi	sp,16
4080162c:	81c9                	c.srli	a1,0x12
4080162e:	02f587b3          	mul	a5,a1,a5
40801632:	8e1d                	c.sub	a2,a5
40801634:	02e63633          	mulhu	a2,a2,a4
40801638:	8219                	c.srli	a2,0x6
4080163a:	f3eff06f          	jal	zero,40800d78 <kprintf>
4080163e:	00174783          	lbu	a5,1(a4)
40801642:	f7dd                	c.bnez	a5,408015f0 <_ZL10cmd_uptimePKc+0x2e>
40801644:	c422                	c.swsp	s0,8(sp)
40801646:	4080d437          	lui	s0,0x4080d
4080164a:	fdc40413          	addi	s0,s0,-36 # 4080cfdc <_str_crlf+0xb8e>
4080164e:	07500513          	addi	a0,zero,117
40801652:	0405                	c.addi	s0,1
40801654:	a88ff0ef          	jal	ra,408008dc <uart_putc>
40801658:	00044503          	lbu	a0,0(s0)
4080165c:	f97d                	c.bnez	a0,40801652 <_ZL10cmd_uptimePKc+0x90>
4080165e:	4422                	c.lwsp	s0,8(sp)
40801660:	40b2                	c.lwsp	ra,12(sp)
40801662:	0141                	c.addi	sp,16
40801664:	8082                	c.jr	ra

40801666 <_ZL8cmd_infoPKc>:
40801666:	1141                	c.addi	sp,-16
40801668:	c606                	c.swsp	ra,12(sp)
4080166a:	c422                	c.swsp	s0,8(sp)
4080166c:	00054783          	lbu	a5,0(a0)
40801670:	c39d                	c.beqz	a5,40801696 <_ZL8cmd_infoPKc+0x30>
40801672:	4080d737          	lui	a4,0x4080d
40801676:	ab470713          	addi	a4,a4,-1356 # 4080cab4 <_str_crlf+0x666>
4080167a:	02d00693          	addi	a3,zero,45
4080167e:	a809                	c.j	40801690 <_ZL8cmd_infoPKc+0x2a>
40801680:	00054783          	lbu	a5,0(a0)
40801684:	00170613          	addi	a2,a4,1
40801688:	c3e5                	c.beqz	a5,40801768 <_ZL8cmd_infoPKc+0x102>
4080168a:	00174683          	lbu	a3,1(a4)
4080168e:	8732                	c.mv	a4,a2
40801690:	0505                	c.addi	a0,1
40801692:	fef687e3          	beq	a3,a5,40801680 <_ZL8cmd_infoPKc+0x1a>
40801696:	408127b7          	lui	a5,0x40812
4080169a:	50c7a403          	lw	s0,1292(a5) # 4081250c <__kern_bss_start>
4080169e:	c801                	c.beqz	s0,408016ae <_ZL8cmd_infoPKc+0x48>
408016a0:	4018                	c.lw	a4,0(s0)
408016a2:	c6b007b7          	lui	a5,0xc6b00
408016a6:	10178793          	addi	a5,a5,257 # c6b00101 <_kern_stack_top+0x86284101>
408016aa:	02f70263          	beq	a4,a5,408016ce <_ZL8cmd_infoPKc+0x68>
408016ae:	4080c437          	lui	s0,0x4080c
408016b2:	47440413          	addi	s0,s0,1140 # 4080c474 <_str_crlf+0x26>
408016b6:	06200513          	addi	a0,zero,98
408016ba:	0405                	c.addi	s0,1
408016bc:	a20ff0ef          	jal	ra,408008dc <uart_putc>
408016c0:	00044503          	lbu	a0,0(s0)
408016c4:	f97d                	c.bnez	a0,408016ba <_ZL8cmd_infoPKc+0x54>
408016c6:	40b2                	c.lwsp	ra,12(sp)
408016c8:	4422                	c.lwsp	s0,8(sp)
408016ca:	0141                	c.addi	sp,16
408016cc:	8082                	c.jr	ra
408016ce:	404c                	c.lw	a1,4(s0)
408016d0:	4080d537          	lui	a0,0x4080d
408016d4:	05450513          	addi	a0,a0,84 # 4080d054 <_str_crlf+0xc06>
408016d8:	01059613          	slli	a2,a1,0x10
408016dc:	8241                	c.srli	a2,0x10
408016de:	81c1                	c.srli	a1,0x10
408016e0:	e98ff0ef          	jal	ra,40800d78 <kprintf>
408016e4:	441c                	c.lw	a5,8(s0)
408016e6:	470d                	c.li	a4,3
408016e8:	0af77063          	bgeu	a4,a5,40801788 <_ZL8cmd_infoPKc+0x122>
408016ec:	4080f5b7          	lui	a1,0x4080f
408016f0:	4080d537          	lui	a0,0x4080d
408016f4:	18858593          	addi	a1,a1,392 # 4080f188 <_str_crlf+0x2d3a>
408016f8:	07050513          	addi	a0,a0,112 # 4080d070 <_str_crlf+0xc22>
408016fc:	e7cff0ef          	jal	ra,40800d78 <kprintf>
40801700:	445c                	c.lw	a5,12(s0)
40801702:	4709                	c.li	a4,2
40801704:	0af76363          	bltu	a4,a5,408017aa <_ZL8cmd_infoPKc+0x144>
40801708:	40811737          	lui	a4,0x40811
4080170c:	078a                	c.slli	a5,0x2
4080170e:	73c70713          	addi	a4,a4,1852 # 4081173c <_ZZL8cmd_modePKcE5names>
40801712:	97ba                	c.add	a5,a4
40801714:	4fcc                	c.lw	a1,28(a5)
40801716:	4080d537          	lui	a0,0x4080d
4080171a:	08050513          	addi	a0,a0,128 # 4080d080 <_str_crlf+0xc32>
4080171e:	e5aff0ef          	jal	ra,40800d78 <kprintf>
40801722:	4c4c                	c.lw	a1,28(s0)
40801724:	431be7b7          	lui	a5,0x431be
40801728:	e8378793          	addi	a5,a5,-381 # 431bde83 <_kern_stack_top+0x2941e83>
4080172c:	02f5b5b3          	mulhu	a1,a1,a5
40801730:	5010                	c.lw	a2,32(s0)
40801732:	4080d537          	lui	a0,0x4080d
40801736:	09050513          	addi	a0,a0,144 # 4080d090 <_str_crlf+0xc42>
4080173a:	8229                	c.srli	a2,0xa
4080173c:	81c9                	c.srli	a1,0x12
4080173e:	e3aff0ef          	jal	ra,40800d78 <kprintf>
40801742:	480c                	c.lw	a1,16(s0)
40801744:	4c14                	c.lw	a3,24(s0)
40801746:	4850                	c.lw	a2,20(s0)
40801748:	4080d537          	lui	a0,0x4080d
4080174c:	0b050513          	addi	a0,a0,176 # 4080d0b0 <_str_crlf+0xc62>
40801750:	e28ff0ef          	jal	ra,40800d78 <kprintf>
40801754:	540c                	c.lw	a1,40(s0)
40801756:	4422                	c.lwsp	s0,8(sp)
40801758:	40b2                	c.lwsp	ra,12(sp)
4080175a:	4080d537          	lui	a0,0x4080d
4080175e:	0dc50513          	addi	a0,a0,220 # 4080d0dc <_str_crlf+0xc8e>
40801762:	0141                	c.addi	sp,16
40801764:	e14ff06f          	jal	zero,40800d78 <kprintf>
40801768:	00174783          	lbu	a5,1(a4)
4080176c:	f78d                	c.bnez	a5,40801696 <_ZL8cmd_infoPKc+0x30>
4080176e:	4080d437          	lui	s0,0x4080d
40801772:	02840413          	addi	s0,s0,40 # 4080d028 <_str_crlf+0xbda>
40801776:	06900513          	addi	a0,zero,105
4080177a:	0405                	c.addi	s0,1
4080177c:	960ff0ef          	jal	ra,408008dc <uart_putc>
40801780:	00044503          	lbu	a0,0(s0)
40801784:	f97d                	c.bnez	a0,4080177a <_ZL8cmd_infoPKc+0x114>
40801786:	b781                	c.j	408016c6 <_ZL8cmd_infoPKc+0x60>
40801788:	40811737          	lui	a4,0x40811
4080178c:	73c70713          	addi	a4,a4,1852 # 4081173c <_ZZL8cmd_modePKcE5names>
40801790:	078a                	c.slli	a5,0x2
40801792:	97ba                	c.add	a5,a4
40801794:	47cc                	c.lw	a1,12(a5)
40801796:	4080d537          	lui	a0,0x4080d
4080179a:	07050513          	addi	a0,a0,112 # 4080d070 <_str_crlf+0xc22>
4080179e:	ddaff0ef          	jal	ra,40800d78 <kprintf>
408017a2:	445c                	c.lw	a5,12(s0)
408017a4:	4709                	c.li	a4,2
408017a6:	f6f771e3          	bgeu	a4,a5,40801708 <_ZL8cmd_infoPKc+0xa2>
408017aa:	4080f5b7          	lui	a1,0x4080f
408017ae:	18858593          	addi	a1,a1,392 # 4080f188 <_str_crlf+0x2d3a>
408017b2:	b795                	c.j	40801716 <_ZL8cmd_infoPKc+0xb0>

408017b4 <_ZL8cmd_wifiPKc>:
408017b4:	1141                	c.addi	sp,-16
408017b6:	c606                	c.swsp	ra,12(sp)
408017b8:	c422                	c.swsp	s0,8(sp)
408017ba:	00054883          	lbu	a7,0(a0)
408017be:	04089e63          	bne	a7,zero,4080181a <_ZL8cmd_wifiPKc+0x66>
408017c2:	7cc080ef          	jal	ra,40809f8e <wifi_is_active>
408017c6:	26050763          	beq	a0,zero,40801a34 <_ZL8cmd_wifiPKc+0x280>
408017ca:	4080d437          	lui	s0,0x4080d
408017ce:	2c440413          	addi	s0,s0,708 # 4080d2c4 <_str_crlf+0xe76>
408017d2:	05700513          	addi	a0,zero,87
408017d6:	0405                	c.addi	s0,1
408017d8:	904ff0ef          	jal	ra,408008dc <uart_putc>
408017dc:	00044503          	lbu	a0,0(s0)
408017e0:	f97d                	c.bnez	a0,408017d6 <_ZL8cmd_wifiPKc+0x22>
408017e2:	4080d437          	lui	s0,0x4080d
408017e6:	2d840413          	addi	s0,s0,728 # 4080d2d8 <_str_crlf+0xe8a>
408017ea:	02000513          	addi	a0,zero,32
408017ee:	0405                	c.addi	s0,1
408017f0:	8ecff0ef          	jal	ra,408008dc <uart_putc>
408017f4:	00044503          	lbu	a0,0(s0)
408017f8:	f97d                	c.bnez	a0,408017ee <_ZL8cmd_wifiPKc+0x3a>
408017fa:	4080d437          	lui	s0,0x4080d
408017fe:	31c40413          	addi	s0,s0,796 # 4080d31c <_str_crlf+0xece>
40801802:	05500513          	addi	a0,zero,85
40801806:	0405                	c.addi	s0,1
40801808:	8d4ff0ef          	jal	ra,408008dc <uart_putc>
4080180c:	00044503          	lbu	a0,0(s0)
40801810:	f97d                	c.bnez	a0,40801806 <_ZL8cmd_wifiPKc+0x52>
40801812:	40b2                	c.lwsp	ra,12(sp)
40801814:	4422                	c.lwsp	s0,8(sp)
40801816:	0141                	c.addi	sp,16
40801818:	8082                	c.jr	ra
4080181a:	4080d7b7          	lui	a5,0x4080d
4080181e:	85aa                	c.mv	a1,a0
40801820:	ab478793          	addi	a5,a5,-1356 # 4080cab4 <_str_crlf+0x666>
40801824:	86c6                	c.mv	a3,a7
40801826:	872a                	c.mv	a4,a0
40801828:	02d00613          	addi	a2,zero,45
4080182c:	a811                	c.j	40801840 <_ZL8cmd_wifiPKc+0x8c>
4080182e:	00074683          	lbu	a3,0(a4)
40801832:	00178513          	addi	a0,a5,1
40801836:	1c068163          	beq	a3,zero,408019f8 <_ZL8cmd_wifiPKc+0x244>
4080183a:	0017c603          	lbu	a2,1(a5)
4080183e:	87aa                	c.mv	a5,a0
40801840:	0705                	c.addi	a4,1
40801842:	fed606e3          	beq	a2,a3,4080182e <_ZL8cmd_wifiPKc+0x7a>
40801846:	4080d7b7          	lui	a5,0x4080d
4080184a:	41078793          	addi	a5,a5,1040 # 4080d410 <_str_crlf+0xfc2>
4080184e:	872e                	c.mv	a4,a1
40801850:	86c6                	c.mv	a3,a7
40801852:	02d00613          	addi	a2,zero,45
40801856:	a811                	c.j	4080186a <_ZL8cmd_wifiPKc+0xb6>
40801858:	00074683          	lbu	a3,0(a4)
4080185c:	00178813          	addi	a6,a5,1
40801860:	10068e63          	beq	a3,zero,4080197c <_ZL8cmd_wifiPKc+0x1c8>
40801864:	0017c603          	lbu	a2,1(a5)
40801868:	87c2                	c.mv	a5,a6
4080186a:	0705                	c.addi	a4,1
4080186c:	fed606e3          	beq	a2,a3,40801858 <_ZL8cmd_wifiPKc+0xa4>
40801870:	4080d7b7          	lui	a5,0x4080d
40801874:	48478793          	addi	a5,a5,1156 # 4080d484 <_str_crlf+0x1036>
40801878:	86c6                	c.mv	a3,a7
4080187a:	872e                	c.mv	a4,a1
4080187c:	02d00613          	addi	a2,zero,45
40801880:	a811                	c.j	40801894 <_ZL8cmd_wifiPKc+0xe0>
40801882:	00074683          	lbu	a3,0(a4)
40801886:	00178513          	addi	a0,a5,1
4080188a:	14068063          	beq	a3,zero,408019ca <_ZL8cmd_wifiPKc+0x216>
4080188e:	0017c603          	lbu	a2,1(a5)
40801892:	87aa                	c.mv	a5,a0
40801894:	0705                	c.addi	a4,1
40801896:	fec686e3          	beq	a3,a2,40801882 <_ZL8cmd_wifiPKc+0xce>
4080189a:	4080d7b7          	lui	a5,0x4080d
4080189e:	4bc78793          	addi	a5,a5,1212 # 4080d4bc <_str_crlf+0x106e>
408018a2:	86c6                	c.mv	a3,a7
408018a4:	872e                	c.mv	a4,a1
408018a6:	02d00613          	addi	a2,zero,45
408018aa:	a811                	c.j	408018be <_ZL8cmd_wifiPKc+0x10a>
408018ac:	00074683          	lbu	a3,0(a4)
408018b0:	00178513          	addi	a0,a5,1
408018b4:	16068363          	beq	a3,zero,40801a1a <_ZL8cmd_wifiPKc+0x266>
408018b8:	0017c603          	lbu	a2,1(a5)
408018bc:	87aa                	c.mv	a5,a0
408018be:	0705                	c.addi	a4,1
408018c0:	fed606e3          	beq	a2,a3,408018ac <_ZL8cmd_wifiPKc+0xf8>
408018c4:	4080d7b7          	lui	a5,0x4080d
408018c8:	4c478793          	addi	a5,a5,1220 # 4080d4c4 <_str_crlf+0x1076>
408018cc:	86c6                	c.mv	a3,a7
408018ce:	872e                	c.mv	a4,a1
408018d0:	02d00613          	addi	a2,zero,45
408018d4:	a811                	c.j	408018e8 <_ZL8cmd_wifiPKc+0x134>
408018d6:	00074683          	lbu	a3,0(a4)
408018da:	00178513          	addi	a0,a5,1
408018de:	18068c63          	beq	a3,zero,40801a76 <_ZL8cmd_wifiPKc+0x2c2>
408018e2:	0017c603          	lbu	a2,1(a5)
408018e6:	87aa                	c.mv	a5,a0
408018e8:	0705                	c.addi	a4,1
408018ea:	fed606e3          	beq	a2,a3,408018d6 <_ZL8cmd_wifiPKc+0x122>
408018ee:	4080d7b7          	lui	a5,0x4080d
408018f2:	5a078793          	addi	a5,a5,1440 # 4080d5a0 <_str_crlf+0x1152>
408018f6:	86c6                	c.mv	a3,a7
408018f8:	872e                	c.mv	a4,a1
408018fa:	02d00613          	addi	a2,zero,45
408018fe:	a811                	c.j	40801912 <_ZL8cmd_wifiPKc+0x15e>
40801900:	00074683          	lbu	a3,0(a4)
40801904:	00178513          	addi	a0,a5,1
40801908:	18068863          	beq	a3,zero,40801a98 <_ZL8cmd_wifiPKc+0x2e4>
4080190c:	0017c603          	lbu	a2,1(a5)
40801910:	87aa                	c.mv	a5,a0
40801912:	0705                	c.addi	a4,1
40801914:	fec686e3          	beq	a3,a2,40801900 <_ZL8cmd_wifiPKc+0x14c>
40801918:	4080d7b7          	lui	a5,0x4080d
4080191c:	63078793          	addi	a5,a5,1584 # 4080d630 <_str_crlf+0x11e2>
40801920:	86c6                	c.mv	a3,a7
40801922:	872e                	c.mv	a4,a1
40801924:	02d00613          	addi	a2,zero,45
40801928:	a811                	c.j	4080193c <_ZL8cmd_wifiPKc+0x188>
4080192a:	00074683          	lbu	a3,0(a4)
4080192e:	00178513          	addi	a0,a5,1
40801932:	1a068263          	beq	a3,zero,40801ad6 <_ZL8cmd_wifiPKc+0x322>
40801936:	0017c603          	lbu	a2,1(a5)
4080193a:	87aa                	c.mv	a5,a0
4080193c:	0705                	c.addi	a4,1
4080193e:	fed606e3          	beq	a2,a3,4080192a <_ZL8cmd_wifiPKc+0x176>
40801942:	4080d7b7          	lui	a5,0x4080d
40801946:	65078793          	addi	a5,a5,1616 # 4080d650 <_str_crlf+0x1202>
4080194a:	872e                	c.mv	a4,a1
4080194c:	02d00693          	addi	a3,zero,45
40801950:	a811                	c.j	40801964 <_ZL8cmd_wifiPKc+0x1b0>
40801952:	00074883          	lbu	a7,0(a4)
40801956:	00178613          	addi	a2,a5,1
4080195a:	18088d63          	beq	a7,zero,40801af4 <_ZL8cmd_wifiPKc+0x340>
4080195e:	0017c683          	lbu	a3,1(a5)
40801962:	87b2                	c.mv	a5,a2
40801964:	0705                	c.addi	a4,1
40801966:	ff1686e3          	beq	a3,a7,40801952 <_ZL8cmd_wifiPKc+0x19e>
4080196a:	4080d537          	lui	a0,0x4080d
4080196e:	77850513          	addi	a0,a0,1912 # 4080d778 <_str_crlf+0x132a>
40801972:	4422                	c.lwsp	s0,8(sp)
40801974:	40b2                	c.lwsp	ra,12(sp)
40801976:	0141                	c.addi	sp,16
40801978:	c00ff06f          	jal	zero,40800d78 <kprintf>
4080197c:	0017c783          	lbu	a5,1(a5)
40801980:	ee0798e3          	bne	a5,zero,40801870 <_ZL8cmd_wifiPKc+0xbc>
40801984:	4080d537          	lui	a0,0x4080d
40801988:	73850513          	addi	a0,a0,1848 # 4080d738 <_str_crlf+0x12ea>
4080198c:	4619                	c.li	a2,6
4080198e:	4581                	c.li	a1,0
40801990:	612080ef          	jal	ra,40809fa2 <wifi_ap_start>
40801994:	18051163          	bne	a0,zero,40801b16 <_ZL8cmd_wifiPKc+0x362>
40801998:	4080d437          	lui	s0,0x4080d
4080199c:	41440413          	addi	s0,s0,1044 # 4080d414 <_str_crlf+0xfc6>
408019a0:	05700513          	addi	a0,zero,87
408019a4:	0405                	c.addi	s0,1
408019a6:	f37fe0ef          	jal	ra,408008dc <uart_putc>
408019aa:	00044503          	lbu	a0,0(s0)
408019ae:	f97d                	c.bnez	a0,408019a4 <_ZL8cmd_wifiPKc+0x1f0>
408019b0:	4080d437          	lui	s0,0x4080d
408019b4:	43c40413          	addi	s0,s0,1084 # 4080d43c <_str_crlf+0xfee>
408019b8:	02000513          	addi	a0,zero,32
408019bc:	0405                	c.addi	s0,1
408019be:	f1ffe0ef          	jal	ra,408008dc <uart_putc>
408019c2:	00044503          	lbu	a0,0(s0)
408019c6:	f97d                	c.bnez	a0,408019bc <_ZL8cmd_wifiPKc+0x208>
408019c8:	b5a9                	c.j	40801812 <_ZL8cmd_wifiPKc+0x5e>
408019ca:	0017c783          	lbu	a5,1(a5)
408019ce:	ec0796e3          	bne	a5,zero,4080189a <_ZL8cmd_wifiPKc+0xe6>
408019d2:	690080ef          	jal	ra,4080a062 <wifi_ap_stop>
408019d6:	4080d437          	lui	s0,0x4080d
408019da:	48c40413          	addi	s0,s0,1164 # 4080d48c <_str_crlf+0x103e>
408019de:	05700513          	addi	a0,zero,87
408019e2:	0405                	c.addi	s0,1
408019e4:	ef9fe0ef          	jal	ra,408008dc <uart_putc>
408019e8:	00044503          	lbu	a0,0(s0)
408019ec:	f97d                	c.bnez	a0,408019e2 <_ZL8cmd_wifiPKc+0x22e>
408019ee:	4422                	c.lwsp	s0,8(sp)
408019f0:	40b2                	c.lwsp	ra,12(sp)
408019f2:	0141                	c.addi	sp,16
408019f4:	34e0206f          	jal	zero,40803d42 <display_set_mode>
408019f8:	0017c783          	lbu	a5,1(a5)
408019fc:	e40795e3          	bne	a5,zero,40801846 <_ZL8cmd_wifiPKc+0x92>
40801a00:	4080d437          	lui	s0,0x4080d
40801a04:	0ec40413          	addi	s0,s0,236 # 4080d0ec <_str_crlf+0xc9e>
40801a08:	07700513          	addi	a0,zero,119
40801a0c:	0405                	c.addi	s0,1
40801a0e:	ecffe0ef          	jal	ra,408008dc <uart_putc>
40801a12:	00044503          	lbu	a0,0(s0)
40801a16:	f97d                	c.bnez	a0,40801a0c <_ZL8cmd_wifiPKc+0x258>
40801a18:	bbed                	c.j	40801812 <_ZL8cmd_wifiPKc+0x5e>
40801a1a:	0017c783          	lbu	a5,1(a5)
40801a1e:	ea0793e3          	bne	a5,zero,408018c4 <_ZL8cmd_wifiPKc+0x110>
40801a22:	4422                	c.lwsp	s0,8(sp)
40801a24:	40b2                	c.lwsp	ra,12(sp)
40801a26:	4080c537          	lui	a0,0x4080c
40801a2a:	6e850513          	addi	a0,a0,1768 # 4080c6e8 <_str_crlf+0x29a>
40801a2e:	0141                	c.addi	sp,16
40801a30:	7c80406f          	jal	zero,408061f8 <soft_wifiinfo>
40801a34:	564080ef          	jal	ra,40809f98 <wifi_ap_configured>
40801a38:	0e051c63          	bne	a0,zero,40801b30 <_ZL8cmd_wifiPKc+0x37c>
40801a3c:	548080ef          	jal	ra,40809f84 <wifi_fw_loaded>
40801a40:	12050d63          	beq	a0,zero,40801b7a <_ZL8cmd_wifiPKc+0x3c6>
40801a44:	4080d437          	lui	s0,0x4080d
40801a48:	39c40413          	addi	s0,s0,924 # 4080d39c <_str_crlf+0xf4e>
40801a4c:	05700513          	addi	a0,zero,87
40801a50:	0405                	c.addi	s0,1
40801a52:	e8bfe0ef          	jal	ra,408008dc <uart_putc>
40801a56:	00044503          	lbu	a0,0(s0)
40801a5a:	f97d                	c.bnez	a0,40801a50 <_ZL8cmd_wifiPKc+0x29c>
40801a5c:	4080d437          	lui	s0,0x4080d
40801a60:	3c440413          	addi	s0,s0,964 # 4080d3c4 <_str_crlf+0xf76>
40801a64:	05500513          	addi	a0,zero,85
40801a68:	0405                	c.addi	s0,1
40801a6a:	e73fe0ef          	jal	ra,408008dc <uart_putc>
40801a6e:	00044503          	lbu	a0,0(s0)
40801a72:	f97d                	c.bnez	a0,40801a68 <_ZL8cmd_wifiPKc+0x2b4>
40801a74:	bb79                	c.j	40801812 <_ZL8cmd_wifiPKc+0x5e>
40801a76:	0017c783          	lbu	a5,1(a5)
40801a7a:	e6079ae3          	bne	a5,zero,408018ee <_ZL8cmd_wifiPKc+0x13a>
40801a7e:	4080d437          	lui	s0,0x4080d
40801a82:	4cc40413          	addi	s0,s0,1228 # 4080d4cc <_str_crlf+0x107e>
40801a86:	07700513          	addi	a0,zero,119
40801a8a:	0405                	c.addi	s0,1
40801a8c:	e51fe0ef          	jal	ra,408008dc <uart_putc>
40801a90:	00044503          	lbu	a0,0(s0)
40801a94:	f97d                	c.bnez	a0,40801a8a <_ZL8cmd_wifiPKc+0x2d6>
40801a96:	bbb5                	c.j	40801812 <_ZL8cmd_wifiPKc+0x5e>
40801a98:	0017c783          	lbu	a5,1(a5)
40801a9c:	e6079ee3          	bne	a5,zero,40801918 <_ZL8cmd_wifiPKc+0x164>
40801aa0:	4080d437          	lui	s0,0x4080d
40801aa4:	5ac40413          	addi	s0,s0,1452 # 4080d5ac <_str_crlf+0x115e>
40801aa8:	05700513          	addi	a0,zero,87
40801aac:	0405                	c.addi	s0,1
40801aae:	e2ffe0ef          	jal	ra,408008dc <uart_putc>
40801ab2:	00044503          	lbu	a0,0(s0)
40801ab6:	f97d                	c.bnez	a0,40801aac <_ZL8cmd_wifiPKc+0x2f8>
40801ab8:	488080ef          	jal	ra,40809f40 <wifi_phy_calibrate_verbose>
40801abc:	4080d437          	lui	s0,0x4080d
40801ac0:	5f040413          	addi	s0,s0,1520 # 4080d5f0 <_str_crlf+0x11a2>
40801ac4:	05700513          	addi	a0,zero,87
40801ac8:	0405                	c.addi	s0,1
40801aca:	e13fe0ef          	jal	ra,408008dc <uart_putc>
40801ace:	00044503          	lbu	a0,0(s0)
40801ad2:	f97d                	c.bnez	a0,40801ac8 <_ZL8cmd_wifiPKc+0x314>
40801ad4:	bb3d                	c.j	40801812 <_ZL8cmd_wifiPKc+0x5e>
40801ad6:	0017c783          	lbu	a5,1(a5)
40801ada:	e60794e3          	bne	a5,zero,40801942 <_ZL8cmd_wifiPKc+0x18e>
40801ade:	4a6080ef          	jal	ra,40809f84 <wifi_fw_loaded>
40801ae2:	c94d                	c.beqz	a0,40801b94 <_ZL8cmd_wifiPKc+0x3e0>
40801ae4:	496080ef          	jal	ra,40809f7a <wifi_read_noisefloor>
40801ae8:	85aa                	c.mv	a1,a0
40801aea:	4080d537          	lui	a0,0x4080d
40801aee:	74450513          	addi	a0,a0,1860 # 4080d744 <_str_crlf+0x12f6>
40801af2:	b541                	c.j	40801972 <_ZL8cmd_wifiPKc+0x1be>
40801af4:	0017c783          	lbu	a5,1(a5)
40801af8:	e60799e3          	bne	a5,zero,4080196a <_ZL8cmd_wifiPKc+0x1b6>
40801afc:	4080d437          	lui	s0,0x4080d
40801b00:	65840413          	addi	s0,s0,1624 # 4080d658 <_str_crlf+0x120a>
40801b04:	07700513          	addi	a0,zero,119
40801b08:	0405                	c.addi	s0,1
40801b0a:	dd3fe0ef          	jal	ra,408008dc <uart_putc>
40801b0e:	00044503          	lbu	a0,0(s0)
40801b12:	f97d                	c.bnez	a0,40801b08 <_ZL8cmd_wifiPKc+0x354>
40801b14:	b9fd                	c.j	40801812 <_ZL8cmd_wifiPKc+0x5e>
40801b16:	4080d437          	lui	s0,0x4080d
40801b1a:	46c40413          	addi	s0,s0,1132 # 4080d46c <_str_crlf+0x101e>
40801b1e:	05700513          	addi	a0,zero,87
40801b22:	0405                	c.addi	s0,1
40801b24:	db9fe0ef          	jal	ra,408008dc <uart_putc>
40801b28:	00044503          	lbu	a0,0(s0)
40801b2c:	f97d                	c.bnez	a0,40801b22 <_ZL8cmd_wifiPKc+0x36e>
40801b2e:	b1d5                	c.j	40801812 <_ZL8cmd_wifiPKc+0x5e>
40801b30:	4080d437          	lui	s0,0x4080d
40801b34:	34040413          	addi	s0,s0,832 # 4080d340 <_str_crlf+0xef2>
40801b38:	05700513          	addi	a0,zero,87
40801b3c:	0405                	c.addi	s0,1
40801b3e:	d9ffe0ef          	jal	ra,408008dc <uart_putc>
40801b42:	00044503          	lbu	a0,0(s0)
40801b46:	f97d                	c.bnez	a0,40801b3c <_ZL8cmd_wifiPKc+0x388>
40801b48:	4080d437          	lui	s0,0x4080d
40801b4c:	36840413          	addi	s0,s0,872 # 4080d368 <_str_crlf+0xf1a>
40801b50:	02000513          	addi	a0,zero,32
40801b54:	0405                	c.addi	s0,1
40801b56:	d87fe0ef          	jal	ra,408008dc <uart_putc>
40801b5a:	00044503          	lbu	a0,0(s0)
40801b5e:	f97d                	c.bnez	a0,40801b54 <_ZL8cmd_wifiPKc+0x3a0>
40801b60:	4080d437          	lui	s0,0x4080d
40801b64:	31c40413          	addi	s0,s0,796 # 4080d31c <_str_crlf+0xece>
40801b68:	05500513          	addi	a0,zero,85
40801b6c:	0405                	c.addi	s0,1
40801b6e:	d6ffe0ef          	jal	ra,408008dc <uart_putc>
40801b72:	00044503          	lbu	a0,0(s0)
40801b76:	f97d                	c.bnez	a0,40801b6c <_ZL8cmd_wifiPKc+0x3b8>
40801b78:	b969                	c.j	40801812 <_ZL8cmd_wifiPKc+0x5e>
40801b7a:	4080d437          	lui	s0,0x4080d
40801b7e:	3f440413          	addi	s0,s0,1012 # 4080d3f4 <_str_crlf+0xfa6>
40801b82:	05700513          	addi	a0,zero,87
40801b86:	0405                	c.addi	s0,1
40801b88:	d55fe0ef          	jal	ra,408008dc <uart_putc>
40801b8c:	00044503          	lbu	a0,0(s0)
40801b90:	f97d                	c.bnez	a0,40801b86 <_ZL8cmd_wifiPKc+0x3d2>
40801b92:	b141                	c.j	40801812 <_ZL8cmd_wifiPKc+0x5e>
40801b94:	4080d437          	lui	s0,0x4080d
40801b98:	63440413          	addi	s0,s0,1588 # 4080d634 <_str_crlf+0x11e6>
40801b9c:	05700513          	addi	a0,zero,87
40801ba0:	0405                	c.addi	s0,1
40801ba2:	d3bfe0ef          	jal	ra,408008dc <uart_putc>
40801ba6:	00044503          	lbu	a0,0(s0)
40801baa:	f97d                	c.bnez	a0,40801ba0 <_ZL8cmd_wifiPKc+0x3ec>
40801bac:	b19d                	c.j	40801812 <_ZL8cmd_wifiPKc+0x5e>

40801bae <_ZL9cmd_chdivPKc>:
40801bae:	00054583          	lbu	a1,0(a0)
40801bb2:	ed81                	c.bnez	a1,40801bca <_ZL9cmd_chdivPKc+0x1c>
40801bb4:	408127b7          	lui	a5,0x40812
40801bb8:	4ec7c603          	lbu	a2,1260(a5) # 408124ec <_ZL9g_divider>
40801bbc:	4080e537          	lui	a0,0x4080e
40801bc0:	81450513          	addi	a0,a0,-2028 # 4080d814 <_str_crlf+0x13c6>
40801bc4:	85b2                	c.mv	a1,a2
40801bc6:	9b2ff06f          	jal	zero,40800d78 <kprintf>
40801bca:	4080d7b7          	lui	a5,0x4080d
40801bce:	ab478793          	addi	a5,a5,-1356 # 4080cab4 <_str_crlf+0x666>
40801bd2:	86ae                	c.mv	a3,a1
40801bd4:	872a                	c.mv	a4,a0
40801bd6:	02d00613          	addi	a2,zero,45
40801bda:	a809                	c.j	40801bec <_ZL9cmd_chdivPKc+0x3e>
40801bdc:	00074683          	lbu	a3,0(a4)
40801be0:	00178813          	addi	a6,a5,1
40801be4:	c6a9                	c.beqz	a3,40801c2e <_ZL9cmd_chdivPKc+0x80>
40801be6:	0017c603          	lbu	a2,1(a5)
40801bea:	87c2                	c.mv	a5,a6
40801bec:	0705                	c.addi	a4,1
40801bee:	fed607e3          	beq	a2,a3,40801bdc <_ZL9cmd_chdivPKc+0x2e>
40801bf2:	02200793          	addi	a5,zero,34
40801bf6:	02f58063          	beq	a1,a5,40801c16 <_ZL9cmd_chdivPKc+0x68>
40801bfa:	02700793          	addi	a5,zero,39
40801bfe:	00f58c63          	beq	a1,a5,40801c16 <_ZL9cmd_chdivPKc+0x68>
40801c02:	4080e537          	lui	a0,0x4080e
40801c06:	408127b7          	lui	a5,0x40812
40801c0a:	83850513          	addi	a0,a0,-1992 # 4080d838 <_str_crlf+0x13ea>
40801c0e:	4eb78623          	sb	a1,1260(a5) # 408124ec <_ZL9g_divider>
40801c12:	966ff06f          	jal	zero,40800d78 <kprintf>
40801c16:	00154583          	lbu	a1,1(a0)
40801c1a:	4080e537          	lui	a0,0x4080e
40801c1e:	408127b7          	lui	a5,0x40812
40801c22:	83850513          	addi	a0,a0,-1992 # 4080d838 <_str_crlf+0x13ea>
40801c26:	4eb78623          	sb	a1,1260(a5) # 408124ec <_ZL9g_divider>
40801c2a:	94eff06f          	jal	zero,40800d78 <kprintf>
40801c2e:	0017c783          	lbu	a5,1(a5)
40801c32:	f3e1                	c.bnez	a5,40801bf2 <_ZL9cmd_chdivPKc+0x44>
40801c34:	1141                	c.addi	sp,-16
40801c36:	c422                	c.swsp	s0,8(sp)
40801c38:	4080d437          	lui	s0,0x4080d
40801c3c:	c606                	c.swsp	ra,12(sp)
40801c3e:	7a840413          	addi	s0,s0,1960 # 4080d7a8 <_str_crlf+0x135a>
40801c42:	06300513          	addi	a0,zero,99
40801c46:	0405                	c.addi	s0,1
40801c48:	c95fe0ef          	jal	ra,408008dc <uart_putc>
40801c4c:	00044503          	lbu	a0,0(s0)
40801c50:	f97d                	c.bnez	a0,40801c46 <_ZL9cmd_chdivPKc+0x98>
40801c52:	40b2                	c.lwsp	ra,12(sp)
40801c54:	4422                	c.lwsp	s0,8(sp)
40801c56:	0141                	c.addi	sp,16
40801c58:	8082                	c.jr	ra

40801c5a <_ZL10cmd_devicePKc>:
40801c5a:	1141                	c.addi	sp,-16
40801c5c:	c606                	c.swsp	ra,12(sp)
40801c5e:	c422                	c.swsp	s0,8(sp)
40801c60:	00054783          	lbu	a5,0(a0)
40801c64:	c39d                	c.beqz	a5,40801c8a <_ZL10cmd_devicePKc+0x30>
40801c66:	4080d737          	lui	a4,0x4080d
40801c6a:	ab470713          	addi	a4,a4,-1356 # 4080cab4 <_str_crlf+0x666>
40801c6e:	02d00693          	addi	a3,zero,45
40801c72:	a809                	c.j	40801c84 <_ZL10cmd_devicePKc+0x2a>
40801c74:	00054783          	lbu	a5,0(a0)
40801c78:	00170613          	addi	a2,a4,1
40801c7c:	cfad                	c.beqz	a5,40801cf6 <_ZL10cmd_devicePKc+0x9c>
40801c7e:	00174683          	lbu	a3,1(a4)
40801c82:	8732                	c.mv	a4,a2
40801c84:	0505                	c.addi	a0,1
40801c86:	fed787e3          	beq	a5,a3,40801c74 <_ZL10cmd_devicePKc+0x1a>
40801c8a:	408127b7          	lui	a5,0x40812
40801c8e:	c226                	c.swsp	s1,4(sp)
40801c90:	50c7a483          	lw	s1,1292(a5) # 4081250c <__kern_bss_start>
40801c94:	4080e437          	lui	s0,0x4080e
40801c98:	88840413          	addi	s0,s0,-1912 # 4080d888 <_str_crlf+0x143a>
40801c9c:	04400513          	addi	a0,zero,68
40801ca0:	0405                	c.addi	s0,1
40801ca2:	c3bfe0ef          	jal	ra,408008dc <uart_putc>
40801ca6:	00044503          	lbu	a0,0(s0)
40801caa:	f97d                	c.bnez	a0,40801ca0 <_ZL10cmd_devicePKc+0x46>
40801cac:	4080e437          	lui	s0,0x4080e
40801cb0:	8a440413          	addi	s0,s0,-1884 # 4080d8a4 <_str_crlf+0x1456>
40801cb4:	04300513          	addi	a0,zero,67
40801cb8:	0405                	c.addi	s0,1
40801cba:	c23fe0ef          	jal	ra,408008dc <uart_putc>
40801cbe:	00044503          	lbu	a0,0(s0)
40801cc2:	f97d                	c.bnez	a0,40801cb8 <_ZL10cmd_devicePKc+0x5e>
40801cc4:	c881                	c.beqz	s1,40801cd4 <_ZL10cmd_devicePKc+0x7a>
40801cc6:	4098                	c.lw	a4,0(s1)
40801cc8:	c6b007b7          	lui	a5,0xc6b00
40801ccc:	10178793          	addi	a5,a5,257 # c6b00101 <_kern_stack_top+0x86284101>
40801cd0:	04f70663          	beq	a4,a5,40801d1c <_ZL10cmd_devicePKc+0xc2>
40801cd4:	2b8020ef          	jal	ra,40803f8c <mm_free_bytes>
40801cd8:	842a                	c.mv	s0,a0
40801cda:	2ce020ef          	jal	ra,40803fa8 <mm_total_bytes>
40801cde:	85a2                	c.mv	a1,s0
40801ce0:	4422                	c.lwsp	s0,8(sp)
40801ce2:	4492                	c.lwsp	s1,4(sp)
40801ce4:	40b2                	c.lwsp	ra,12(sp)
40801ce6:	862a                	c.mv	a2,a0
40801ce8:	4080e537          	lui	a0,0x4080e
40801cec:	8f850513          	addi	a0,a0,-1800 # 4080d8f8 <_str_crlf+0x14aa>
40801cf0:	0141                	c.addi	sp,16
40801cf2:	886ff06f          	jal	zero,40800d78 <kprintf>
40801cf6:	00174783          	lbu	a5,1(a4)
40801cfa:	fbc1                	c.bnez	a5,40801c8a <_ZL10cmd_devicePKc+0x30>
40801cfc:	4080e437          	lui	s0,0x4080e
40801d00:	85440413          	addi	s0,s0,-1964 # 4080d854 <_str_crlf+0x1406>
40801d04:	06400513          	addi	a0,zero,100
40801d08:	0405                	c.addi	s0,1
40801d0a:	bd3fe0ef          	jal	ra,408008dc <uart_putc>
40801d0e:	00044503          	lbu	a0,0(s0)
40801d12:	f97d                	c.bnez	a0,40801d08 <_ZL10cmd_devicePKc+0xae>
40801d14:	40b2                	c.lwsp	ra,12(sp)
40801d16:	4422                	c.lwsp	s0,8(sp)
40801d18:	0141                	c.addi	sp,16
40801d1a:	8082                	c.jr	ra
40801d1c:	4ccc                	c.lw	a1,28(s1)
40801d1e:	431be7b7          	lui	a5,0x431be
40801d22:	e8378793          	addi	a5,a5,-381 # 431bde83 <_kern_stack_top+0x2941e83>
40801d26:	02f5b5b3          	mulhu	a1,a1,a5
40801d2a:	4080e537          	lui	a0,0x4080e
40801d2e:	8c850513          	addi	a0,a0,-1848 # 4080d8c8 <_str_crlf+0x147a>
40801d32:	81c9                	c.srli	a1,0x12
40801d34:	844ff0ef          	jal	ra,40800d78 <kprintf>
40801d38:	508c                	c.lw	a1,32(s1)
40801d3a:	4080e537          	lui	a0,0x4080e
40801d3e:	8d850513          	addi	a0,a0,-1832 # 4080d8d8 <_str_crlf+0x148a>
40801d42:	81a9                	c.srli	a1,0xa
40801d44:	834ff0ef          	jal	ra,40800d78 <kprintf>
40801d48:	50cc                	c.lw	a1,36(s1)
40801d4a:	4080e537          	lui	a0,0x4080e
40801d4e:	8e850513          	addi	a0,a0,-1816 # 4080d8e8 <_str_crlf+0x149a>
40801d52:	826ff0ef          	jal	ra,40800d78 <kprintf>
40801d56:	bfbd                	c.j	40801cd4 <_ZL10cmd_devicePKc+0x7a>

40801d58 <_ZL8cmd_diskPKc>:
40801d58:	1141                	c.addi	sp,-16
40801d5a:	c606                	c.swsp	ra,12(sp)
40801d5c:	00054603          	lbu	a2,0(a0)
40801d60:	ce45                	c.beqz	a2,40801e18 <_ZL8cmd_diskPKc+0xc0>
40801d62:	4080d7b7          	lui	a5,0x4080d
40801d66:	85aa                	c.mv	a1,a0
40801d68:	ab478793          	addi	a5,a5,-1356 # 4080cab4 <_str_crlf+0x666>
40801d6c:	86b2                	c.mv	a3,a2
40801d6e:	872a                	c.mv	a4,a0
40801d70:	02d00813          	addi	a6,zero,45
40801d74:	a809                	c.j	40801d86 <_ZL8cmd_diskPKc+0x2e>
40801d76:	00074683          	lbu	a3,0(a4)
40801d7a:	00178893          	addi	a7,a5,1
40801d7e:	caf9                	c.beqz	a3,40801e54 <_ZL8cmd_diskPKc+0xfc>
40801d80:	0017c803          	lbu	a6,1(a5)
40801d84:	87c6                	c.mv	a5,a7
40801d86:	0705                	c.addi	a4,1
40801d88:	fed807e3          	beq	a6,a3,40801d76 <_ZL8cmd_diskPKc+0x1e>
40801d8c:	4080e7b7          	lui	a5,0x4080e
40801d90:	9c078793          	addi	a5,a5,-1600 # 4080d9c0 <_str_crlf+0x1572>
40801d94:	86b2                	c.mv	a3,a2
40801d96:	872e                	c.mv	a4,a1
40801d98:	02d00813          	addi	a6,zero,45
40801d9c:	a809                	c.j	40801dae <_ZL8cmd_diskPKc+0x56>
40801d9e:	00074683          	lbu	a3,0(a4)
40801da2:	00178893          	addi	a7,a5,1
40801da6:	c6b5                	c.beqz	a3,40801e12 <_ZL8cmd_diskPKc+0xba>
40801da8:	0017c803          	lbu	a6,1(a5)
40801dac:	87c6                	c.mv	a5,a7
40801dae:	0705                	c.addi	a4,1
40801db0:	fed807e3          	beq	a6,a3,40801d9e <_ZL8cmd_diskPKc+0x46>
40801db4:	4080e7b7          	lui	a5,0x4080e
40801db8:	9f078793          	addi	a5,a5,-1552 # 4080d9f0 <_str_crlf+0x15a2>
40801dbc:	86b2                	c.mv	a3,a2
40801dbe:	872e                	c.mv	a4,a1
40801dc0:	02d00813          	addi	a6,zero,45
40801dc4:	a809                	c.j	40801dd6 <_ZL8cmd_diskPKc+0x7e>
40801dc6:	00074683          	lbu	a3,0(a4)
40801dca:	00178893          	addi	a7,a5,1
40801dce:	c6c5                	c.beqz	a3,40801e76 <_ZL8cmd_diskPKc+0x11e>
40801dd0:	0017c803          	lbu	a6,1(a5)
40801dd4:	87c6                	c.mv	a5,a7
40801dd6:	0705                	c.addi	a4,1
40801dd8:	fed807e3          	beq	a6,a3,40801dc6 <_ZL8cmd_diskPKc+0x6e>
40801ddc:	4080e7b7          	lui	a5,0x4080e
40801de0:	a4478793          	addi	a5,a5,-1468 # 4080da44 <_str_crlf+0x15f6>
40801de4:	872e                	c.mv	a4,a1
40801de6:	02d00693          	addi	a3,zero,45
40801dea:	a809                	c.j	40801dfc <_ZL8cmd_diskPKc+0xa4>
40801dec:	00074603          	lbu	a2,0(a4)
40801df0:	00178513          	addi	a0,a5,1
40801df4:	c255                	c.beqz	a2,40801e98 <_ZL8cmd_diskPKc+0x140>
40801df6:	0017c683          	lbu	a3,1(a5)
40801dfa:	87aa                	c.mv	a5,a0
40801dfc:	0705                	c.addi	a4,1
40801dfe:	fec687e3          	beq	a3,a2,40801dec <_ZL8cmd_diskPKc+0x94>
40801e02:	40b2                	c.lwsp	ra,12(sp)
40801e04:	4080e537          	lui	a0,0x4080e
40801e08:	a8850513          	addi	a0,a0,-1400 # 4080da88 <_str_crlf+0x163a>
40801e0c:	0141                	c.addi	sp,16
40801e0e:	f6bfe06f          	jal	zero,40800d78 <kprintf>
40801e12:	0017c783          	lbu	a5,1(a5)
40801e16:	ffd9                	c.bnez	a5,40801db4 <_ZL8cmd_diskPKc+0x5c>
40801e18:	c422                	c.swsp	s0,8(sp)
40801e1a:	172020ef          	jal	ra,40803f8c <mm_free_bytes>
40801e1e:	842a                	c.mv	s0,a0
40801e20:	188020ef          	jal	ra,40803fa8 <mm_total_bytes>
40801e24:	862a                	c.mv	a2,a0
40801e26:	4080e537          	lui	a0,0x4080e
40801e2a:	85a2                	c.mv	a1,s0
40801e2c:	a6c50513          	addi	a0,a0,-1428 # 4080da6c <_str_crlf+0x161e>
40801e30:	f49fe0ef          	jal	ra,40800d78 <kprintf>
40801e34:	4080e437          	lui	s0,0x4080e
40801e38:	9c840413          	addi	s0,s0,-1592 # 4080d9c8 <_str_crlf+0x157a>
40801e3c:	04600513          	addi	a0,zero,70
40801e40:	0405                	c.addi	s0,1
40801e42:	a9bfe0ef          	jal	ra,408008dc <uart_putc>
40801e46:	00044503          	lbu	a0,0(s0)
40801e4a:	f97d                	c.bnez	a0,40801e40 <_ZL8cmd_diskPKc+0xe8>
40801e4c:	4422                	c.lwsp	s0,8(sp)
40801e4e:	40b2                	c.lwsp	ra,12(sp)
40801e50:	0141                	c.addi	sp,16
40801e52:	8082                	c.jr	ra
40801e54:	0017c783          	lbu	a5,1(a5)
40801e58:	fb95                	c.bnez	a5,40801d8c <_ZL8cmd_diskPKc+0x34>
40801e5a:	c422                	c.swsp	s0,8(sp)
40801e5c:	4080e437          	lui	s0,0x4080e
40801e60:	91840413          	addi	s0,s0,-1768 # 4080d918 <_str_crlf+0x14ca>
40801e64:	06400513          	addi	a0,zero,100
40801e68:	0405                	c.addi	s0,1
40801e6a:	a73fe0ef          	jal	ra,408008dc <uart_putc>
40801e6e:	00044503          	lbu	a0,0(s0)
40801e72:	f97d                	c.bnez	a0,40801e68 <_ZL8cmd_diskPKc+0x110>
40801e74:	bfe1                	c.j	40801e4c <_ZL8cmd_diskPKc+0xf4>
40801e76:	0017c783          	lbu	a5,1(a5)
40801e7a:	f3ad                	c.bnez	a5,40801ddc <_ZL8cmd_diskPKc+0x84>
40801e7c:	c422                	c.swsp	s0,8(sp)
40801e7e:	4080e437          	lui	s0,0x4080e
40801e82:	9f840413          	addi	s0,s0,-1544 # 4080d9f8 <_str_crlf+0x15aa>
40801e86:	05000513          	addi	a0,zero,80
40801e8a:	0405                	c.addi	s0,1
40801e8c:	a51fe0ef          	jal	ra,408008dc <uart_putc>
40801e90:	00044503          	lbu	a0,0(s0)
40801e94:	f97d                	c.bnez	a0,40801e8a <_ZL8cmd_diskPKc+0x132>
40801e96:	bf5d                	c.j	40801e4c <_ZL8cmd_diskPKc+0xf4>
40801e98:	0017c783          	lbu	a5,1(a5)
40801e9c:	f3bd                	c.bnez	a5,40801e02 <_ZL8cmd_diskPKc+0xaa>
40801e9e:	c422                	c.swsp	s0,8(sp)
40801ea0:	4080e437          	lui	s0,0x4080e
40801ea4:	a4c40413          	addi	s0,s0,-1460 # 4080da4c <_str_crlf+0x15fe>
40801ea8:	06400513          	addi	a0,zero,100
40801eac:	0405                	c.addi	s0,1
40801eae:	a2ffe0ef          	jal	ra,408008dc <uart_putc>
40801eb2:	00044503          	lbu	a0,0(s0)
40801eb6:	f97d                	c.bnez	a0,40801eac <_ZL8cmd_diskPKc+0x154>
40801eb8:	bf51                	c.j	40801e4c <_ZL8cmd_diskPKc+0xf4>

40801eba <_ZL6cmd_cdPKc>:
40801eba:	00054783          	lbu	a5,0(a0)
40801ebe:	e799                	c.bnez	a5,40801ecc <_ZL6cmd_cdPKc+0x12>
40801ec0:	4080f537          	lui	a0,0x4080f
40801ec4:	97450513          	addi	a0,a0,-1676 # 4080e974 <_str_crlf+0x2526>
40801ec8:	1730206f          	jal	zero,4080483a <vfs_chdir>
40801ecc:	1141                	c.addi	sp,-16
40801ece:	4080d737          	lui	a4,0x4080d
40801ed2:	c422                	c.swsp	s0,8(sp)
40801ed4:	c606                	c.swsp	ra,12(sp)
40801ed6:	842a                	c.mv	s0,a0
40801ed8:	ab470713          	addi	a4,a4,-1356 # 4080cab4 <_str_crlf+0x666>
40801edc:	86aa                	c.mv	a3,a0
40801ede:	02d00613          	addi	a2,zero,45
40801ee2:	a809                	c.j	40801ef4 <_ZL6cmd_cdPKc+0x3a>
40801ee4:	0006c783          	lbu	a5,0(a3)
40801ee8:	00170813          	addi	a6,a4,1
40801eec:	cf99                	c.beqz	a5,40801f0a <_ZL6cmd_cdPKc+0x50>
40801eee:	00174603          	lbu	a2,1(a4)
40801ef2:	8742                	c.mv	a4,a6
40801ef4:	0685                	c.addi	a3,1
40801ef6:	fef607e3          	beq	a2,a5,40801ee4 <_ZL6cmd_cdPKc+0x2a>
40801efa:	8522                	c.mv	a0,s0
40801efc:	13f020ef          	jal	ra,4080483a <vfs_chdir>
40801f00:	e50d                	c.bnez	a0,40801f2a <_ZL6cmd_cdPKc+0x70>
40801f02:	40b2                	c.lwsp	ra,12(sp)
40801f04:	4422                	c.lwsp	s0,8(sp)
40801f06:	0141                	c.addi	sp,16
40801f08:	8082                	c.jr	ra
40801f0a:	00174783          	lbu	a5,1(a4)
40801f0e:	f7f5                	c.bnez	a5,40801efa <_ZL6cmd_cdPKc+0x40>
40801f10:	4080e437          	lui	s0,0x4080e
40801f14:	aa440413          	addi	s0,s0,-1372 # 4080daa4 <_str_crlf+0x1656>
40801f18:	06300513          	addi	a0,zero,99
40801f1c:	0405                	c.addi	s0,1
40801f1e:	9bffe0ef          	jal	ra,408008dc <uart_putc>
40801f22:	00044503          	lbu	a0,0(s0)
40801f26:	f97d                	c.bnez	a0,40801f1c <_ZL6cmd_cdPKc+0x62>
40801f28:	bfe9                	c.j	40801f02 <_ZL6cmd_cdPKc+0x48>
40801f2a:	43c020ef          	jal	ra,40804366 <kerr_str>
40801f2e:	85a2                	c.mv	a1,s0
40801f30:	4422                	c.lwsp	s0,8(sp)
40801f32:	40b2                	c.lwsp	ra,12(sp)
40801f34:	862a                	c.mv	a2,a0
40801f36:	4080e537          	lui	a0,0x4080e
40801f3a:	ad850513          	addi	a0,a0,-1320 # 4080dad8 <_str_crlf+0x168a>
40801f3e:	0141                	c.addi	sp,16
40801f40:	e39fe06f          	jal	zero,40800d78 <kprintf>

40801f44 <_ZL7cmd_pwdPKc>:
40801f44:	1141                	c.addi	sp,-16
40801f46:	c606                	c.swsp	ra,12(sp)
40801f48:	00054783          	lbu	a5,0(a0)
40801f4c:	c39d                	c.beqz	a5,40801f72 <_ZL7cmd_pwdPKc+0x2e>
40801f4e:	4080d737          	lui	a4,0x4080d
40801f52:	ab470713          	addi	a4,a4,-1356 # 4080cab4 <_str_crlf+0x666>
40801f56:	02d00693          	addi	a3,zero,45
40801f5a:	a809                	c.j	40801f6c <_ZL7cmd_pwdPKc+0x28>
40801f5c:	00054783          	lbu	a5,0(a0)
40801f60:	00170613          	addi	a2,a4,1
40801f64:	c395                	c.beqz	a5,40801f88 <_ZL7cmd_pwdPKc+0x44>
40801f66:	00174683          	lbu	a3,1(a4)
40801f6a:	8732                	c.mv	a4,a2
40801f6c:	0505                	c.addi	a0,1
40801f6e:	fef687e3          	beq	a3,a5,40801f5c <_ZL7cmd_pwdPKc+0x18>
40801f72:	117020ef          	jal	ra,40804888 <vfs_pwd>
40801f76:	40b2                	c.lwsp	ra,12(sp)
40801f78:	85aa                	c.mv	a1,a0
40801f7a:	40811537          	lui	a0,0x40811
40801f7e:	9ec50513          	addi	a0,a0,-1556 # 408109ec <_str_crlf+0x459e>
40801f82:	0141                	c.addi	sp,16
40801f84:	df5fe06f          	jal	zero,40800d78 <kprintf>
40801f88:	00174783          	lbu	a5,1(a4)
40801f8c:	f3fd                	c.bnez	a5,40801f72 <_ZL7cmd_pwdPKc+0x2e>
40801f8e:	c422                	c.swsp	s0,8(sp)
40801f90:	4080e437          	lui	s0,0x4080e
40801f94:	ae840413          	addi	s0,s0,-1304 # 4080dae8 <_str_crlf+0x169a>
40801f98:	07000513          	addi	a0,zero,112
40801f9c:	0405                	c.addi	s0,1
40801f9e:	93ffe0ef          	jal	ra,408008dc <uart_putc>
40801fa2:	00044503          	lbu	a0,0(s0)
40801fa6:	f97d                	c.bnez	a0,40801f9c <_ZL7cmd_pwdPKc+0x58>
40801fa8:	4422                	c.lwsp	s0,8(sp)
40801faa:	40b2                	c.lwsp	ra,12(sp)
40801fac:	0141                	c.addi	sp,16
40801fae:	8082                	c.jr	ra

40801fb0 <_ZL11cmd_newfilePKc>:
40801fb0:	1141                	c.addi	sp,-16
40801fb2:	c606                	c.swsp	ra,12(sp)
40801fb4:	c422                	c.swsp	s0,8(sp)
40801fb6:	00054783          	lbu	a5,0(a0)
40801fba:	c3a9                	c.beqz	a5,40801ffc <_ZL11cmd_newfilePKc+0x4c>
40801fbc:	4080d737          	lui	a4,0x4080d
40801fc0:	842a                	c.mv	s0,a0
40801fc2:	ab470713          	addi	a4,a4,-1356 # 4080cab4 <_str_crlf+0x666>
40801fc6:	86aa                	c.mv	a3,a0
40801fc8:	02d00613          	addi	a2,zero,45
40801fcc:	a809                	c.j	40801fde <_ZL11cmd_newfilePKc+0x2e>
40801fce:	0006c783          	lbu	a5,0(a3)
40801fd2:	00170813          	addi	a6,a4,1
40801fd6:	c385                	c.beqz	a5,40801ff6 <_ZL11cmd_newfilePKc+0x46>
40801fd8:	00174603          	lbu	a2,1(a4)
40801fdc:	8742                	c.mv	a4,a6
40801fde:	0685                	c.addi	a3,1
40801fe0:	fef607e3          	beq	a2,a5,40801fce <_ZL11cmd_newfilePKc+0x1e>
40801fe4:	8522                	c.mv	a0,s0
40801fe6:	3a6020ef          	jal	ra,4080438c <vfs_mkfile>
40801fea:	02054963          	blt	a0,zero,4080201c <_ZL11cmd_newfilePKc+0x6c>
40801fee:	40b2                	c.lwsp	ra,12(sp)
40801ff0:	4422                	c.lwsp	s0,8(sp)
40801ff2:	0141                	c.addi	sp,16
40801ff4:	8082                	c.jr	ra
40801ff6:	00174783          	lbu	a5,1(a4)
40801ffa:	f7ed                	c.bnez	a5,40801fe4 <_ZL11cmd_newfilePKc+0x34>
40801ffc:	4080e437          	lui	s0,0x4080e
40802000:	b1440413          	addi	s0,s0,-1260 # 4080db14 <_str_crlf+0x16c6>
40802004:	06e00513          	addi	a0,zero,110
40802008:	0405                	c.addi	s0,1
4080200a:	8d3fe0ef          	jal	ra,408008dc <uart_putc>
4080200e:	00044503          	lbu	a0,0(s0)
40802012:	f97d                	c.bnez	a0,40802008 <_ZL11cmd_newfilePKc+0x58>
40802014:	40b2                	c.lwsp	ra,12(sp)
40802016:	4422                	c.lwsp	s0,8(sp)
40802018:	0141                	c.addi	sp,16
4080201a:	8082                	c.jr	ra
4080201c:	85a2                	c.mv	a1,s0
4080201e:	4422                	c.lwsp	s0,8(sp)
40802020:	40b2                	c.lwsp	ra,12(sp)
40802022:	4080e537          	lui	a0,0x4080e
40802026:	b6c50513          	addi	a0,a0,-1172 # 4080db6c <_str_crlf+0x171e>
4080202a:	0141                	c.addi	sp,16
4080202c:	d4dfe06f          	jal	zero,40800d78 <kprintf>

40802030 <_ZL7cmd_comPKc>:
40802030:	1141                	c.addi	sp,-16
40802032:	c606                	c.swsp	ra,12(sp)
40802034:	00054783          	lbu	a5,0(a0)
40802038:	c39d                	c.beqz	a5,4080205e <_ZL7cmd_comPKc+0x2e>
4080203a:	4080d737          	lui	a4,0x4080d
4080203e:	ab470713          	addi	a4,a4,-1356 # 4080cab4 <_str_crlf+0x666>
40802042:	02d00693          	addi	a3,zero,45
40802046:	a809                	c.j	40802058 <_ZL7cmd_comPKc+0x28>
40802048:	00054783          	lbu	a5,0(a0)
4080204c:	00170613          	addi	a2,a4,1
40802050:	cba1                	c.beqz	a5,408020a0 <_ZL7cmd_comPKc+0x70>
40802052:	00174683          	lbu	a3,1(a4)
40802056:	8732                	c.mv	a4,a2
40802058:	0505                	c.addi	a0,1
4080205a:	fef687e3          	beq	a3,a5,40802048 <_ZL7cmd_comPKc+0x18>
4080205e:	4080c537          	lui	a0,0x4080c
40802062:	64050513          	addi	a0,a0,1600 # 4080c640 <_str_crlf+0x1f2>
40802066:	429010ef          	jal	ra,40803c8e <driver_find>
4080206a:	c119                	c.beqz	a0,40802070 <_ZL7cmd_comPKc+0x40>
4080206c:	495c                	c.lw	a5,20(a0)
4080206e:	ef89                	c.bnez	a5,40802088 <_ZL7cmd_comPKc+0x58>
40802070:	40b2                	c.lwsp	ra,12(sp)
40802072:	4080e5b7          	lui	a1,0x4080e
40802076:	4080e537          	lui	a0,0x4080e
4080207a:	bd058593          	addi	a1,a1,-1072 # 4080dbd0 <_str_crlf+0x1782>
4080207e:	be050513          	addi	a0,a0,-1056 # 4080dbe0 <_str_crlf+0x1792>
40802082:	0141                	c.addi	sp,16
40802084:	cf5fe06f          	jal	zero,40800d78 <kprintf>
40802088:	40b2                	c.lwsp	ra,12(sp)
4080208a:	4080e5b7          	lui	a1,0x4080e
4080208e:	4080e537          	lui	a0,0x4080e
40802092:	bc458593          	addi	a1,a1,-1084 # 4080dbc4 <_str_crlf+0x1776>
40802096:	be050513          	addi	a0,a0,-1056 # 4080dbe0 <_str_crlf+0x1792>
4080209a:	0141                	c.addi	sp,16
4080209c:	cddfe06f          	jal	zero,40800d78 <kprintf>
408020a0:	00174783          	lbu	a5,1(a4)
408020a4:	ffcd                	c.bnez	a5,4080205e <_ZL7cmd_comPKc+0x2e>
408020a6:	c422                	c.swsp	s0,8(sp)
408020a8:	4080e437          	lui	s0,0x4080e
408020ac:	b8c40413          	addi	s0,s0,-1140 # 4080db8c <_str_crlf+0x173e>
408020b0:	06300513          	addi	a0,zero,99
408020b4:	0405                	c.addi	s0,1
408020b6:	827fe0ef          	jal	ra,408008dc <uart_putc>
408020ba:	00044503          	lbu	a0,0(s0)
408020be:	f97d                	c.bnez	a0,408020b4 <_ZL7cmd_comPKc+0x84>
408020c0:	4422                	c.lwsp	s0,8(sp)
408020c2:	40b2                	c.lwsp	ra,12(sp)
408020c4:	0141                	c.addi	sp,16
408020c6:	8082                	c.jr	ra

408020c8 <_ZL9cmd_mkdirPKc>:
408020c8:	1141                	c.addi	sp,-16
408020ca:	c606                	c.swsp	ra,12(sp)
408020cc:	c422                	c.swsp	s0,8(sp)
408020ce:	00054783          	lbu	a5,0(a0)
408020d2:	c3a9                	c.beqz	a5,40802114 <_ZL9cmd_mkdirPKc+0x4c>
408020d4:	4080d737          	lui	a4,0x4080d
408020d8:	842a                	c.mv	s0,a0
408020da:	ab470713          	addi	a4,a4,-1356 # 4080cab4 <_str_crlf+0x666>
408020de:	86aa                	c.mv	a3,a0
408020e0:	02d00613          	addi	a2,zero,45
408020e4:	a809                	c.j	408020f6 <_ZL9cmd_mkdirPKc+0x2e>
408020e6:	0006c783          	lbu	a5,0(a3)
408020ea:	00170813          	addi	a6,a4,1
408020ee:	c385                	c.beqz	a5,4080210e <_ZL9cmd_mkdirPKc+0x46>
408020f0:	00174603          	lbu	a2,1(a4)
408020f4:	8742                	c.mv	a4,a6
408020f6:	0685                	c.addi	a3,1
408020f8:	fef607e3          	beq	a2,a5,408020e6 <_ZL9cmd_mkdirPKc+0x1e>
408020fc:	8522                	c.mv	a0,s0
408020fe:	28a020ef          	jal	ra,40804388 <vfs_mkdir>
40802102:	02054963          	blt	a0,zero,40802134 <_ZL9cmd_mkdirPKc+0x6c>
40802106:	40b2                	c.lwsp	ra,12(sp)
40802108:	4422                	c.lwsp	s0,8(sp)
4080210a:	0141                	c.addi	sp,16
4080210c:	8082                	c.jr	ra
4080210e:	00174783          	lbu	a5,1(a4)
40802112:	f7ed                	c.bnez	a5,408020fc <_ZL9cmd_mkdirPKc+0x34>
40802114:	4080e437          	lui	s0,0x4080e
40802118:	c0440413          	addi	s0,s0,-1020 # 4080dc04 <_str_crlf+0x17b6>
4080211c:	06d00513          	addi	a0,zero,109
40802120:	0405                	c.addi	s0,1
40802122:	fbafe0ef          	jal	ra,408008dc <uart_putc>
40802126:	00044503          	lbu	a0,0(s0)
4080212a:	f97d                	c.bnez	a0,40802120 <_ZL9cmd_mkdirPKc+0x58>
4080212c:	40b2                	c.lwsp	ra,12(sp)
4080212e:	4422                	c.lwsp	s0,8(sp)
40802130:	0141                	c.addi	sp,16
40802132:	8082                	c.jr	ra
40802134:	85a2                	c.mv	a1,s0
40802136:	4422                	c.lwsp	s0,8(sp)
40802138:	40b2                	c.lwsp	ra,12(sp)
4080213a:	4080e537          	lui	a0,0x4080e
4080213e:	c5050513          	addi	a0,a0,-944 # 4080dc50 <_str_crlf+0x1802>
40802142:	0141                	c.addi	sp,16
40802144:	c35fe06f          	jal	zero,40800d78 <kprintf>

40802148 <_ZL6cmd_lsPKc>:
40802148:	1141                	c.addi	sp,-16
4080214a:	c606                	c.swsp	ra,12(sp)
4080214c:	00054703          	lbu	a4,0(a0)
40802150:	ef01                	c.bnez	a4,40802168 <_ZL6cmd_lsPKc+0x20>
40802152:	4501                	c.li	a0,0
40802154:	408025b7          	lui	a1,0x40802
40802158:	20a58593          	addi	a1,a1,522 # 4080220a <_ZL8ls_printPKcii>
4080215c:	64c020ef          	jal	ra,408047a8 <vfs_list>
40802160:	e925                	c.bnez	a0,408021d0 <_ZL6cmd_lsPKc+0x88>
40802162:	40b2                	c.lwsp	ra,12(sp)
40802164:	0141                	c.addi	sp,16
40802166:	8082                	c.jr	ra
40802168:	4080d7b7          	lui	a5,0x4080d
4080216c:	ab478593          	addi	a1,a5,-1356 # 4080cab4 <_str_crlf+0x666>
40802170:	863a                	c.mv	a2,a4
40802172:	ab478793          	addi	a5,a5,-1356
40802176:	86aa                	c.mv	a3,a0
40802178:	02d00813          	addi	a6,zero,45
4080217c:	a809                	c.j	4080218e <_ZL6cmd_lsPKc+0x46>
4080217e:	0006c603          	lbu	a2,0(a3)
40802182:	00178893          	addi	a7,a5,1
40802186:	c225                	c.beqz	a2,408021e6 <_ZL6cmd_lsPKc+0x9e>
40802188:	0017c803          	lbu	a6,1(a5)
4080218c:	87c6                	c.mv	a5,a7
4080218e:	0685                	c.addi	a3,1
40802190:	fec807e3          	beq	a6,a2,4080217e <_ZL6cmd_lsPKc+0x36>
40802194:	87ae                	c.mv	a5,a1
40802196:	86aa                	c.mv	a3,a0
40802198:	02d00613          	addi	a2,zero,45
4080219c:	a021                	c.j	408021a4 <_ZL6cmd_lsPKc+0x5c>
4080219e:	0017c603          	lbu	a2,1(a5)
408021a2:	87ae                	c.mv	a5,a1
408021a4:	0685                	c.addi	a3,1
408021a6:	fae617e3          	bne	a2,a4,40802154 <_ZL6cmd_lsPKc+0xc>
408021aa:	0006c703          	lbu	a4,0(a3)
408021ae:	00178593          	addi	a1,a5,1
408021b2:	f775                	c.bnez	a4,4080219e <_ZL6cmd_lsPKc+0x56>
408021b4:	0017c783          	lbu	a5,1(a5)
408021b8:	408025b7          	lui	a1,0x40802
408021bc:	20a58593          	addi	a1,a1,522 # 4080220a <_ZL8ls_printPKcii>
408021c0:	00f037b3          	sltu	a5,zero,a5
408021c4:	40f007b3          	sub	a5,zero,a5
408021c8:	8d7d                	c.and	a0,a5
408021ca:	5de020ef          	jal	ra,408047a8 <vfs_list>
408021ce:	d951                	c.beqz	a0,40802162 <_ZL6cmd_lsPKc+0x1a>
408021d0:	196020ef          	jal	ra,40804366 <kerr_str>
408021d4:	40b2                	c.lwsp	ra,12(sp)
408021d6:	85aa                	c.mv	a1,a0
408021d8:	4080e537          	lui	a0,0x4080e
408021dc:	ca450513          	addi	a0,a0,-860 # 4080dca4 <_str_crlf+0x1856>
408021e0:	0141                	c.addi	sp,16
408021e2:	b97fe06f          	jal	zero,40800d78 <kprintf>
408021e6:	0017c783          	lbu	a5,1(a5)
408021ea:	f7cd                	c.bnez	a5,40802194 <_ZL6cmd_lsPKc+0x4c>
408021ec:	c422                	c.swsp	s0,8(sp)
408021ee:	4080e437          	lui	s0,0x4080e
408021f2:	c6c40413          	addi	s0,s0,-916 # 4080dc6c <_str_crlf+0x181e>
408021f6:	06c00513          	addi	a0,zero,108
408021fa:	0405                	c.addi	s0,1
408021fc:	ee0fe0ef          	jal	ra,408008dc <uart_putc>
40802200:	00044503          	lbu	a0,0(s0)
40802204:	f97d                	c.bnez	a0,408021fa <_ZL6cmd_lsPKc+0xb2>
40802206:	4422                	c.lwsp	s0,8(sp)
40802208:	bfa9                	c.j	40802162 <_ZL6cmd_lsPKc+0x1a>

4080220a <_ZL8ls_printPKcii>:
4080220a:	4785                	c.li	a5,1
4080220c:	00f58963          	beq	a1,a5,4080221e <_ZL8ls_printPKcii+0x14>
40802210:	4080e7b7          	lui	a5,0x4080e
40802214:	85aa                	c.mv	a1,a0
40802216:	cc078513          	addi	a0,a5,-832 # 4080dcc0 <_str_crlf+0x1872>
4080221a:	b5ffe06f          	jal	zero,40800d78 <kprintf>
4080221e:	4080e7b7          	lui	a5,0x4080e
40802222:	85aa                	c.mv	a1,a0
40802224:	cb078513          	addi	a0,a5,-848 # 4080dcb0 <_str_crlf+0x1862>
40802228:	b51fe06f          	jal	zero,40800d78 <kprintf>

4080222c <_ZL10cmd_btscanPKc>:
4080222c:	7145                	c.addi16sp	sp,-464
4080222e:	1c112623          	sw	ra,460(sp)
40802232:	1c812423          	sw	s0,456(sp)
40802236:	00054783          	lbu	a5,0(a0)
4080223a:	c785                	c.beqz	a5,40802262 <_ZL10cmd_btscanPKc+0x36>
4080223c:	4080d737          	lui	a4,0x4080d
40802240:	ab470713          	addi	a4,a4,-1356 # 4080cab4 <_str_crlf+0x666>
40802244:	02d00693          	addi	a3,zero,45
40802248:	a811                	c.j	4080225c <_ZL10cmd_btscanPKc+0x30>
4080224a:	00054783          	lbu	a5,0(a0)
4080224e:	00170613          	addi	a2,a4,1
40802252:	1a078963          	beq	a5,zero,40802404 <_ZL10cmd_btscanPKc+0x1d8>
40802256:	00174683          	lbu	a3,1(a4)
4080225a:	8732                	c.mv	a4,a2
4080225c:	0505                	c.addi	a0,1
4080225e:	fef686e3          	beq	a3,a5,4080224a <_ZL10cmd_btscanPKc+0x1e>
40802262:	7c9070ef          	jal	ra,4080a22a <bt_is_active>
40802266:	1c050563          	beq	a0,zero,40802430 <_ZL10cmd_btscanPKc+0x204>
4080226a:	7cb070ef          	jal	ra,4080a234 <bt_is_scanning>
4080226e:	1e051363          	bne	a0,zero,40802454 <_ZL10cmd_btscanPKc+0x228>
40802272:	4080e437          	lui	s0,0x4080e
40802276:	1b512a23          	sw	s5,436(sp)
4080227a:	d9040413          	addi	s0,s0,-624 # 4080dd90 <_str_crlf+0x1942>
4080227e:	05300513          	addi	a0,zero,83
40802282:	0405                	c.addi	s0,1
40802284:	e58fe0ef          	jal	ra,408008dc <uart_putc>
40802288:	00044503          	lbu	a0,0(s0)
4080228c:	f97d                	c.bnez	a0,40802282 <_ZL10cmd_btscanPKc+0x56>
4080228e:	003c                	c.addi4spn	a5,sp,8
40802290:	18e10713          	addi	a4,sp,398
40802294:	0785                	c.addi	a5,1
40802296:	fe078fa3          	sb	zero,-1(a5)
4080229a:	fee79de3          	bne	a5,a4,40802294 <_ZL10cmd_btscanPKc+0x68>
4080229e:	0028                	c.addi4spn	a0,sp,8
408022a0:	45a9                	c.li	a1,10
408022a2:	79d070ef          	jal	ra,4080a23e <bt_scan>
408022a6:	8aaa                	c.mv	s5,a0
408022a8:	24054663          	blt	a0,zero,408024f4 <_ZL10cmd_btscanPKc+0x2c8>
408022ac:	22050063          	beq	a0,zero,408024cc <_ZL10cmd_btscanPKc+0x2a0>
408022b0:	4080e437          	lui	s0,0x4080e
408022b4:	1c912223          	sw	s1,452(sp)
408022b8:	1d212023          	sw	s2,448(sp)
408022bc:	1b312e23          	sw	s3,444(sp)
408022c0:	1b412c23          	sw	s4,440(sp)
408022c4:	1b612823          	sw	s6,432(sp)
408022c8:	1b712623          	sw	s7,428(sp)
408022cc:	1b812423          	sw	s8,424(sp)
408022d0:	1b912223          	sw	s9,420(sp)
408022d4:	1ba12023          	sw	s10,416(sp)
408022d8:	19b12e23          	sw	s11,412(sp)
408022dc:	e0040413          	addi	s0,s0,-512 # 4080de00 <_str_crlf+0x19b2>
408022e0:	04200513          	addi	a0,zero,66
408022e4:	0405                	c.addi	s0,1
408022e6:	df6fe0ef          	jal	ra,408008dc <uart_putc>
408022ea:	00044503          	lbu	a0,0(s0)
408022ee:	f97d                	c.bnez	a0,408022e4 <_ZL10cmd_btscanPKc+0xb8>
408022f0:	4080e437          	lui	s0,0x4080e
408022f4:	e1040413          	addi	s0,s0,-496 # 4080de10 <_str_crlf+0x19c2>
408022f8:	02000513          	addi	a0,zero,32
408022fc:	0405                	c.addi	s0,1
408022fe:	ddefe0ef          	jal	ra,408008dc <uart_putc>
40802302:	00044503          	lbu	a0,0(s0)
40802306:	f97d                	c.bnez	a0,408022fc <_ZL10cmd_btscanPKc+0xd0>
40802308:	4080e437          	lui	s0,0x4080e
4080230c:	e4c40413          	addi	s0,s0,-436 # 4080de4c <_str_crlf+0x19fe>
40802310:	02000513          	addi	a0,zero,32
40802314:	0405                	c.addi	s0,1
40802316:	dc6fe0ef          	jal	ra,408008dc <uart_putc>
4080231a:	00044503          	lbu	a0,0(s0)
4080231e:	f97d                	c.bnez	a0,40802314 <_ZL10cmd_btscanPKc+0xe8>
40802320:	4080fb37          	lui	s6,0x4080f
40802324:	2ccb0b13          	addi	s6,s6,716 # 4080f2cc <_str_crlf+0x2e7e>
40802328:	02e10913          	addi	s2,sp,46
4080232c:	00e10493          	addi	s1,sp,14
40802330:	4a01                	c.li	s4,0
40802332:	4080ebb7          	lui	s7,0x4080e
40802336:	02000993          	addi	s3,zero,32
4080233a:	4dfd                	c.li	s11,31
4080233c:	4080ec37          	lui	s8,0x4080e
40802340:	4080ed37          	lui	s10,0x4080e
40802344:	4080ecb7          	lui	s9,0x4080e
40802348:	02000513          	addi	a0,zero,32
4080234c:	845a                	c.mv	s0,s6
4080234e:	0405                	c.addi	s0,1
40802350:	d8cfe0ef          	jal	ra,408008dc <uart_putc>
40802354:	00044503          	lbu	a0,0(s0)
40802358:	f97d                	c.bnez	a0,4080234e <_ZL10cmd_btscanPKc+0x122>
4080235a:	0004c783          	lbu	a5,0(s1)
4080235e:	12079263          	bne	a5,zero,40802482 <_ZL10cmd_btscanPKc+0x256>
40802362:	02800513          	addi	a0,zero,40
40802366:	e88c0413          	addi	s0,s8,-376 # 4080de88 <_str_crlf+0x1a3a>
4080236a:	0405                	c.addi	s0,1
4080236c:	d70fe0ef          	jal	ra,408008dc <uart_putc>
40802370:	00044503          	lbu	a0,0(s0)
40802374:	f97d                	c.bnez	a0,4080236a <_ZL10cmd_btscanPKc+0x13e>
40802376:	ffa4c583          	lbu	a1,-6(s1)
4080237a:	fff4c803          	lbu	a6,-1(s1)
4080237e:	ffe4c783          	lbu	a5,-2(s1)
40802382:	ffd4c703          	lbu	a4,-3(s1)
40802386:	ffc4c683          	lbu	a3,-4(s1)
4080238a:	ffb4c603          	lbu	a2,-5(s1)
4080238e:	eb8b8513          	addi	a0,s7,-328 # 4080deb8 <_str_crlf+0x1a6a>
40802392:	9e7fe0ef          	jal	ra,40800d78 <kprintf>
40802396:	02048583          	lb	a1,32(s1)
4080239a:	edf9                	c.bnez	a1,40802478 <_ZL10cmd_btscanPKc+0x24c>
4080239c:	02000513          	addi	a0,zero,32
408023a0:	eacc8413          	addi	s0,s9,-340 # 4080deac <_str_crlf+0x1a5e>
408023a4:	0405                	c.addi	s0,1
408023a6:	d36fe0ef          	jal	ra,408008dc <uart_putc>
408023aa:	00044503          	lbu	a0,0(s0)
408023ae:	f97d                	c.bnez	a0,408023a4 <_ZL10cmd_btscanPKc+0x178>
408023b0:	0a05                	c.addi	s4,1
408023b2:	02790913          	addi	s2,s2,39
408023b6:	02748493          	addi	s1,s1,39
408023ba:	f95a47e3          	blt	s4,s5,40802348 <_ZL10cmd_btscanPKc+0x11c>
408023be:	4080e537          	lui	a0,0x4080e
408023c2:	85d6                	c.mv	a1,s5
408023c4:	ee050513          	addi	a0,a0,-288 # 4080dee0 <_str_crlf+0x1a92>
408023c8:	9b1fe0ef          	jal	ra,40800d78 <kprintf>
408023cc:	1cc12083          	lw	ra,460(sp)
408023d0:	1c812403          	lw	s0,456(sp)
408023d4:	1c412483          	lw	s1,452(sp)
408023d8:	1c012903          	lw	s2,448(sp)
408023dc:	1bc12983          	lw	s3,444(sp)
408023e0:	1b812a03          	lw	s4,440(sp)
408023e4:	1b412a83          	lw	s5,436(sp)
408023e8:	1b012b03          	lw	s6,432(sp)
408023ec:	1ac12b83          	lw	s7,428(sp)
408023f0:	1a812c03          	lw	s8,424(sp)
408023f4:	1a412c83          	lw	s9,420(sp)
408023f8:	1a012d03          	lw	s10,416(sp)
408023fc:	19c12d83          	lw	s11,412(sp)
40802400:	6179                	c.addi16sp	sp,464
40802402:	8082                	c.jr	ra
40802404:	00174783          	lbu	a5,1(a4)
40802408:	e4079de3          	bne	a5,zero,40802262 <_ZL10cmd_btscanPKc+0x36>
4080240c:	4080e437          	lui	s0,0x4080e
40802410:	cdc40413          	addi	s0,s0,-804 # 4080dcdc <_str_crlf+0x188e>
40802414:	06200513          	addi	a0,zero,98
40802418:	0405                	c.addi	s0,1
4080241a:	cc2fe0ef          	jal	ra,408008dc <uart_putc>
4080241e:	00044503          	lbu	a0,0(s0)
40802422:	f97d                	c.bnez	a0,40802418 <_ZL10cmd_btscanPKc+0x1ec>
40802424:	1cc12083          	lw	ra,460(sp)
40802428:	1c812403          	lw	s0,456(sp)
4080242c:	6179                	c.addi16sp	sp,464
4080242e:	8082                	c.jr	ra
40802430:	4080e437          	lui	s0,0x4080e
40802434:	d4040413          	addi	s0,s0,-704 # 4080dd40 <_str_crlf+0x18f2>
40802438:	06200513          	addi	a0,zero,98
4080243c:	0405                	c.addi	s0,1
4080243e:	c9efe0ef          	jal	ra,408008dc <uart_putc>
40802442:	00044503          	lbu	a0,0(s0)
40802446:	f97d                	c.bnez	a0,4080243c <_ZL10cmd_btscanPKc+0x210>
40802448:	1cc12083          	lw	ra,460(sp)
4080244c:	1c812403          	lw	s0,456(sp)
40802450:	6179                	c.addi16sp	sp,464
40802452:	8082                	c.jr	ra
40802454:	4080e437          	lui	s0,0x4080e
40802458:	d6840413          	addi	s0,s0,-664 # 4080dd68 <_str_crlf+0x191a>
4080245c:	06200513          	addi	a0,zero,98
40802460:	0405                	c.addi	s0,1
40802462:	c7afe0ef          	jal	ra,408008dc <uart_putc>
40802466:	00044503          	lbu	a0,0(s0)
4080246a:	f97d                	c.bnez	a0,40802460 <_ZL10cmd_btscanPKc+0x234>
4080246c:	1cc12083          	lw	ra,460(sp)
40802470:	1c812403          	lw	s0,456(sp)
40802474:	6179                	c.addi16sp	sp,464
40802476:	8082                	c.jr	ra
40802478:	ed8d0513          	addi	a0,s10,-296 # 4080ded8 <_str_crlf+0x1a8a>
4080247c:	8fdfe0ef          	jal	ra,40800d78 <kprintf>
40802480:	bf05                	c.j	408023b0 <_ZL10cmd_btscanPKc+0x184>
40802482:	8426                	c.mv	s0,s1
40802484:	a031                	c.j	40802490 <_ZL10cmd_btscanPKc+0x264>
40802486:	0405                	c.addi	s0,1
40802488:	c54fe0ef          	jal	ra,408008dc <uart_putc>
4080248c:	00890563          	beq	s2,s0,40802496 <_ZL10cmd_btscanPKc+0x26a>
40802490:	00044503          	lbu	a0,0(s0)
40802494:	f96d                	c.bnez	a0,40802486 <_ZL10cmd_btscanPKc+0x25a>
40802496:	0004c783          	lbu	a5,0(s1)
4080249a:	4401                	c.li	s0,0
4080249c:	cb89                	c.beqz	a5,408024ae <_ZL10cmd_btscanPKc+0x282>
4080249e:	0405                	c.addi	s0,1
408024a0:	008487b3          	add	a5,s1,s0
408024a4:	0007c783          	lbu	a5,0(a5)
408024a8:	fbfd                	c.bnez	a5,4080249e <_ZL10cmd_btscanPKc+0x272>
408024aa:	ec8dc6e3          	blt	s11,s0,40802376 <_ZL10cmd_btscanPKc+0x14a>
408024ae:	02000513          	addi	a0,zero,32
408024b2:	0405                	c.addi	s0,1
408024b4:	c28fe0ef          	jal	ra,408008dc <uart_putc>
408024b8:	eb340fe3          	beq	s0,s3,40802376 <_ZL10cmd_btscanPKc+0x14a>
408024bc:	02000513          	addi	a0,zero,32
408024c0:	0405                	c.addi	s0,1
408024c2:	c1afe0ef          	jal	ra,408008dc <uart_putc>
408024c6:	ff3414e3          	bne	s0,s3,408024ae <_ZL10cmd_btscanPKc+0x282>
408024ca:	b575                	c.j	40802376 <_ZL10cmd_btscanPKc+0x14a>
408024cc:	4080e437          	lui	s0,0x4080e
408024d0:	dc840413          	addi	s0,s0,-568 # 4080ddc8 <_str_crlf+0x197a>
408024d4:	04e00513          	addi	a0,zero,78
408024d8:	0405                	c.addi	s0,1
408024da:	c02fe0ef          	jal	ra,408008dc <uart_putc>
408024de:	00044503          	lbu	a0,0(s0)
408024e2:	f97d                	c.bnez	a0,408024d8 <_ZL10cmd_btscanPKc+0x2ac>
408024e4:	1b412a83          	lw	s5,436(sp)
408024e8:	1cc12083          	lw	ra,460(sp)
408024ec:	1c812403          	lw	s0,456(sp)
408024f0:	6179                	c.addi16sp	sp,464
408024f2:	8082                	c.jr	ra
408024f4:	4080e437          	lui	s0,0x4080e
408024f8:	db040413          	addi	s0,s0,-592 # 4080ddb0 <_str_crlf+0x1962>
408024fc:	06200513          	addi	a0,zero,98
40802500:	0405                	c.addi	s0,1
40802502:	bdafe0ef          	jal	ra,408008dc <uart_putc>
40802506:	00044503          	lbu	a0,0(s0)
4080250a:	f97d                	c.bnez	a0,40802500 <_ZL10cmd_btscanPKc+0x2d4>
4080250c:	1b412a83          	lw	s5,436(sp)
40802510:	bfe1                	c.j	408024e8 <_ZL10cmd_btscanPKc+0x2bc>

40802512 <console_init>:
40802512:	8082                	c.jr	ra

40802514 <console_prompt>:
40802514:	1141                	c.addi	sp,-16
40802516:	c606                	c.swsp	ra,12(sp)
40802518:	370020ef          	jal	ra,40804888 <vfs_pwd>
4080251c:	40b2                	c.lwsp	ra,12(sp)
4080251e:	40812637          	lui	a2,0x40812
40802522:	26860593          	addi	a1,a2,616 # 40812268 <g_hostname>
40802526:	86aa                	c.mv	a3,a0
40802528:	4080e537          	lui	a0,0x4080e
4080252c:	02058593          	addi	a1,a1,32
40802530:	26860613          	addi	a2,a2,616
40802534:	efc50513          	addi	a0,a0,-260 # 4080defc <_str_crlf+0x1aae>
40802538:	0141                	c.addi	sp,16
4080253a:	83ffe06f          	jal	zero,40800d78 <kprintf>

4080253e <console_readline>:
4080253e:	7139                	c.addi16sp	sp,-64
40802540:	da26                	c.swsp	s1,52(sp)
40802542:	ca66                	c.swsp	s9,20(sp)
40802544:	de06                	c.swsp	ra,60(sp)
40802546:	4785                	c.li	a5,1
40802548:	8caa                	c.mv	s9,a0
4080254a:	4481                	c.li	s1,0
4080254c:	08b7dc63          	bge	a5,a1,408025e4 <console_readline+0xa6>
40802550:	dc22                	c.swsp	s0,56(sp)
40802552:	60000437          	lui	s0,0x60000
40802556:	d84a                	c.swsp	s2,48(sp)
40802558:	d64e                	c.swsp	s3,44(sp)
4080255a:	d452                	c.swsp	s4,40(sp)
4080255c:	d256                	c.swsp	s5,36(sp)
4080255e:	d05a                	c.swsp	s6,32(sp)
40802560:	ce5e                	c.swsp	s7,28(sp)
40802562:	cc62                	c.swsp	s8,24(sp)
40802564:	c86a                	c.swsp	s10,16(sp)
40802566:	c66e                	c.swsp	s11,12(sp)
40802568:	fff58b13          	addi	s6,a1,-1
4080256c:	4081a937          	lui	s2,0x4081a
40802570:	0471                	c.addi	s0,28 # 6000001c <_kern_stack_top+0x1f78401c>
40802572:	60000a37          	lui	s4,0x60000
40802576:	49a9                	c.li	s3,10
40802578:	4c35                	c.li	s8,13
4080257a:	07f00a93          	addi	s5,zero,127
4080257e:	4ba1                	c.li	s7,8
40802580:	4080ed37          	lui	s10,0x4080e
40802584:	a019                	c.j	4080258a <console_readline+0x4c>
40802586:	029060ef          	jal	ra,40808dae <task_yield>
4080258a:	401c                	c.lw	a5,0(s0)
4080258c:	0ff7f793          	andi	a5,a5,255
40802590:	dbfd                	c.beqz	a5,40802586 <console_readline+0x48>
40802592:	401c                	c.lw	a5,0(s0)
40802594:	0ff7f793          	andi	a5,a5,255
40802598:	dfed                	c.beqz	a5,40802592 <console_readline+0x54>
4080259a:	000a4783          	lbu	a5,0(s4) # 60000000 <_kern_stack_top+0x1f784000>
4080259e:	0ff7f513          	andi	a0,a5,255
408025a2:	07378363          	beq	a5,s3,40802608 <console_readline+0xca>
408025a6:	ff350793          	addi	a5,a0,-13
408025aa:	0017b793          	sltiu	a5,a5,1
408025ae:	42f92223          	sw	a5,1060(s2) # 4081a424 <_ZZ16console_readlineE11last_was_cr>
408025b2:	05850e63          	beq	a0,s8,4080260e <console_readline+0xd0>
408025b6:	07550863          	beq	a0,s5,40802626 <console_readline+0xe8>
408025ba:	07750663          	beq	a0,s7,40802626 <console_readline+0xe8>
408025be:	fe050793          	addi	a5,a0,-32
408025c2:	05e00713          	addi	a4,zero,94
408025c6:	02f77763          	bgeu	a4,a5,408025f4 <console_readline+0xb6>
408025ca:	fd64c0e3          	blt	s1,s6,4080258a <console_readline+0x4c>
408025ce:	5462                	c.lwsp	s0,56(sp)
408025d0:	5942                	c.lwsp	s2,48(sp)
408025d2:	59b2                	c.lwsp	s3,44(sp)
408025d4:	5a22                	c.lwsp	s4,40(sp)
408025d6:	5a92                	c.lwsp	s5,36(sp)
408025d8:	5b02                	c.lwsp	s6,32(sp)
408025da:	4bf2                	c.lwsp	s7,28(sp)
408025dc:	4c62                	c.lwsp	s8,24(sp)
408025de:	4d42                	c.lwsp	s10,16(sp)
408025e0:	4db2                	c.lwsp	s11,12(sp)
408025e2:	9ca6                	c.add	s9,s1
408025e4:	000c8023          	sb	zero,0(s9)
408025e8:	50f2                	c.lwsp	ra,60(sp)
408025ea:	4cd2                	c.lwsp	s9,20(sp)
408025ec:	8526                	c.mv	a0,s1
408025ee:	54d2                	c.lwsp	s1,52(sp)
408025f0:	6121                	c.addi16sp	sp,64
408025f2:	8082                	c.jr	ra
408025f4:	009c87b3          	add	a5,s9,s1
408025f8:	00a78023          	sb	a0,0(a5)
408025fc:	0485                	c.addi	s1,1
408025fe:	adefe0ef          	jal	ra,408008dc <uart_putc>
40802602:	f964c4e3          	blt	s1,s6,4080258a <console_readline+0x4c>
40802606:	b7e1                	c.j	408025ce <console_readline+0x90>
40802608:	42492783          	lw	a5,1060(s2)
4080260c:	ef85                	c.bnez	a5,40802644 <console_readline+0x106>
4080260e:	40810437          	lui	s0,0x40810
40802612:	bc440413          	addi	s0,s0,-1084 # 4080fbc4 <_str_crlf+0x3776>
40802616:	4535                	c.li	a0,13
40802618:	0405                	c.addi	s0,1
4080261a:	ac2fe0ef          	jal	ra,408008dc <uart_putc>
4080261e:	00044503          	lbu	a0,0(s0)
40802622:	f97d                	c.bnez	a0,40802618 <console_readline+0xda>
40802624:	b76d                	c.j	408025ce <console_readline+0x90>
40802626:	f69052e3          	bge	zero,s1,4080258a <console_readline+0x4c>
4080262a:	14fd                	c.addi	s1,-1
4080262c:	4521                	c.li	a0,8
4080262e:	f08d0d93          	addi	s11,s10,-248 # 4080df08 <_str_crlf+0x1aba>
40802632:	0d85                	c.addi	s11,1
40802634:	aa8fe0ef          	jal	ra,408008dc <uart_putc>
40802638:	000dc503          	lbu	a0,0(s11)
4080263c:	f97d                	c.bnez	a0,40802632 <console_readline+0xf4>
4080263e:	f564c6e3          	blt	s1,s6,4080258a <console_readline+0x4c>
40802642:	b771                	c.j	408025ce <console_readline+0x90>
40802644:	42092223          	sw	zero,1060(s2)
40802648:	f564c1e3          	blt	s1,s6,4080258a <console_readline+0x4c>
4080264c:	b749                	c.j	408025ce <console_readline+0x90>

4080264e <tok_next>:
4080264e:	408127b7          	lui	a5,0x40812
40802652:	4ec7c703          	lbu	a4,1260(a5) # 408124ec <_ZL9g_divider>
40802656:	02000793          	addi	a5,zero,32
4080265a:	46a5                	c.li	a3,9
4080265c:	00f71463          	bne	a4,a5,40802664 <tok_next+0x16>
40802660:	a82d                	c.j	4080269a <tok_next+0x4c>
40802662:	0505                	c.addi	a0,1
40802664:	00054783          	lbu	a5,0(a0)
40802668:	fef70de3          	beq	a4,a5,40802662 <tok_next+0x14>
4080266c:	167d                	c.addi	a2,-1
4080266e:	882e                	c.mv	a6,a1
40802670:	4881                	c.li	a7,0
40802672:	ef89                	c.bnez	a5,4080268c <tok_next+0x3e>
40802674:	a895                	c.j	408026e8 <tok_next+0x9a>
40802676:	00c8de63          	bge	a7,a2,40802692 <tok_next+0x44>
4080267a:	00f80023          	sb	a5,0(a6)
4080267e:	00154783          	lbu	a5,1(a0)
40802682:	0505                	c.addi	a0,1
40802684:	0885                	c.addi	a7,1
40802686:	00168813          	addi	a6,a3,1
4080268a:	c7b9                	c.beqz	a5,408026d8 <tok_next+0x8a>
4080268c:	86c2                	c.mv	a3,a6
4080268e:	fef714e3          	bne	a4,a5,40802676 <tok_next+0x28>
40802692:	00068023          	sb	zero,0(a3)
40802696:	8082                	c.jr	ra
40802698:	0505                	c.addi	a0,1
4080269a:	00054783          	lbu	a5,0(a0)
4080269e:	fee78de3          	beq	a5,a4,40802698 <tok_next+0x4a>
408026a2:	fed78be3          	beq	a5,a3,40802698 <tok_next+0x4a>
408026a6:	167d                	c.addi	a2,-1
408026a8:	872e                	c.mv	a4,a1
408026aa:	4801                	c.li	a6,0
408026ac:	02000893          	addi	a7,zero,32
408026b0:	4325                	c.li	t1,9
408026b2:	ef99                	c.bnez	a5,408026d0 <tok_next+0x82>
408026b4:	a815                	c.j	408026e8 <tok_next+0x9a>
408026b6:	fc678ee3          	beq	a5,t1,40802692 <tok_next+0x44>
408026ba:	fcc85ce3          	bge	a6,a2,40802692 <tok_next+0x44>
408026be:	00f70023          	sb	a5,0(a4)
408026c2:	00154783          	lbu	a5,1(a0)
408026c6:	0505                	c.addi	a0,1
408026c8:	0805                	c.addi	a6,1
408026ca:	00168713          	addi	a4,a3,1
408026ce:	cb91                	c.beqz	a5,408026e2 <tok_next+0x94>
408026d0:	86ba                	c.mv	a3,a4
408026d2:	ff1792e3          	bne	a5,a7,408026b6 <tok_next+0x68>
408026d6:	bf75                	c.j	40802692 <tok_next+0x44>
408026d8:	011586b3          	add	a3,a1,a7
408026dc:	00068023          	sb	zero,0(a3)
408026e0:	8082                	c.jr	ra
408026e2:	010586b3          	add	a3,a1,a6
408026e6:	b775                	c.j	40802692 <tok_next+0x44>
408026e8:	86ae                	c.mv	a3,a1
408026ea:	b765                	c.j	40802692 <tok_next+0x44>

408026ec <_ZL10cmd_renamePKc>:
408026ec:	715d                	c.addi16sp	sp,-80
408026ee:	c686                	c.swsp	ra,76(sp)
408026f0:	c4a2                	c.swsp	s0,72(sp)
408026f2:	00054783          	lbu	a5,0(a0)
408026f6:	c7ad                	c.beqz	a5,40802760 <_ZL10cmd_renamePKc+0x74>
408026f8:	4080d737          	lui	a4,0x4080d
408026fc:	ab470713          	addi	a4,a4,-1356 # 4080cab4 <_str_crlf+0x666>
40802700:	86aa                	c.mv	a3,a0
40802702:	02d00613          	addi	a2,zero,45
40802706:	a809                	c.j	40802718 <_ZL10cmd_renamePKc+0x2c>
40802708:	0006c783          	lbu	a5,0(a3)
4080270c:	00170593          	addi	a1,a4,1
40802710:	c7a9                	c.beqz	a5,4080275a <_ZL10cmd_renamePKc+0x6e>
40802712:	00174603          	lbu	a2,1(a4)
40802716:	872e                	c.mv	a4,a1
40802718:	0685                	c.addi	a3,1
4080271a:	fef607e3          	beq	a2,a5,40802708 <_ZL10cmd_renamePKc+0x1c>
4080271e:	858a                	c.mv	a1,sp
40802720:	02000613          	addi	a2,zero,32
40802724:	372d                	c.jal	4080264e <tok_next>
40802726:	100c                	c.addi4spn	a1,sp,32
40802728:	02000613          	addi	a2,zero,32
4080272c:	370d                	c.jal	4080264e <tok_next>
4080272e:	00014783          	lbu	a5,0(sp)
40802732:	c781                	c.beqz	a5,4080273a <_ZL10cmd_renamePKc+0x4e>
40802734:	02014783          	lbu	a5,32(sp)
40802738:	e7a1                	c.bnez	a5,40802780 <_ZL10cmd_renamePKc+0x94>
4080273a:	4080e437          	lui	s0,0x4080e
4080273e:	f5440413          	addi	s0,s0,-172 # 4080df54 <_str_crlf+0x1b06>
40802742:	07200513          	addi	a0,zero,114
40802746:	0405                	c.addi	s0,1
40802748:	994fe0ef          	jal	ra,408008dc <uart_putc>
4080274c:	00044503          	lbu	a0,0(s0)
40802750:	f97d                	c.bnez	a0,40802746 <_ZL10cmd_renamePKc+0x5a>
40802752:	40b6                	c.lwsp	ra,76(sp)
40802754:	4426                	c.lwsp	s0,72(sp)
40802756:	6161                	c.addi16sp	sp,80
40802758:	8082                	c.jr	ra
4080275a:	00174783          	lbu	a5,1(a4)
4080275e:	f3e1                	c.bnez	a5,4080271e <_ZL10cmd_renamePKc+0x32>
40802760:	4080e437          	lui	s0,0x4080e
40802764:	f0c40413          	addi	s0,s0,-244 # 4080df0c <_str_crlf+0x1abe>
40802768:	07200513          	addi	a0,zero,114
4080276c:	0405                	c.addi	s0,1
4080276e:	96efe0ef          	jal	ra,408008dc <uart_putc>
40802772:	00044503          	lbu	a0,0(s0)
40802776:	f97d                	c.bnez	a0,4080276c <_ZL10cmd_renamePKc+0x80>
40802778:	40b6                	c.lwsp	ra,76(sp)
4080277a:	4426                	c.lwsp	s0,72(sp)
4080277c:	6161                	c.addi16sp	sp,80
4080277e:	8082                	c.jr	ra
40802780:	100c                	c.addi4spn	a1,sp,32
40802782:	850a                	c.mv	a0,sp
40802784:	40d010ef          	jal	ra,40804390 <vfs_rename>
40802788:	fc0555e3          	bge	a0,zero,40802752 <_ZL10cmd_renamePKc+0x66>
4080278c:	4080e437          	lui	s0,0x4080e
40802790:	f7840413          	addi	s0,s0,-136 # 4080df78 <_str_crlf+0x1b2a>
40802794:	07200513          	addi	a0,zero,114
40802798:	0405                	c.addi	s0,1
4080279a:	942fe0ef          	jal	ra,408008dc <uart_putc>
4080279e:	00044503          	lbu	a0,0(s0)
408027a2:	f97d                	c.bnez	a0,40802798 <_ZL10cmd_renamePKc+0xac>
408027a4:	b77d                	c.j	40802752 <_ZL10cmd_renamePKc+0x66>

408027a6 <_ZL7cmd_cmdPKc>:
408027a6:	715d                	c.addi16sp	sp,-80
408027a8:	c686                	c.swsp	ra,76(sp)
408027aa:	c4a2                	c.swsp	s0,72(sp)
408027ac:	00054783          	lbu	a5,0(a0)
408027b0:	c3cd                	c.beqz	a5,40802852 <_ZL7cmd_cmdPKc+0xac>
408027b2:	4080d737          	lui	a4,0x4080d
408027b6:	ab470713          	addi	a4,a4,-1356 # 4080cab4 <_str_crlf+0x666>
408027ba:	86aa                	c.mv	a3,a0
408027bc:	02d00613          	addi	a2,zero,45
408027c0:	a809                	c.j	408027d2 <_ZL7cmd_cmdPKc+0x2c>
408027c2:	0006c783          	lbu	a5,0(a3)
408027c6:	00170593          	addi	a1,a4,1
408027ca:	c3c9                	c.beqz	a5,4080284c <_ZL7cmd_cmdPKc+0xa6>
408027cc:	00174603          	lbu	a2,1(a4)
408027d0:	872e                	c.mv	a4,a1
408027d2:	0685                	c.addi	a3,1
408027d4:	fef607e3          	beq	a2,a5,408027c2 <_ZL7cmd_cmdPKc+0x1c>
408027d8:	4641                	c.li	a2,16
408027da:	858a                	c.mv	a1,sp
408027dc:	3d8d                	c.jal	4080264e <tok_next>
408027de:	00014603          	lbu	a2,0(sp)
408027e2:	ca31                	c.beqz	a2,40802836 <_ZL7cmd_cmdPKc+0x90>
408027e4:	4080e737          	lui	a4,0x4080e
408027e8:	04070713          	addi	a4,a4,64 # 4080e040 <_str_crlf+0x1bf2>
408027ec:	87b2                	c.mv	a5,a2
408027ee:	02d00593          	addi	a1,zero,45
408027f2:	868a                	c.mv	a3,sp
408027f4:	a809                	c.j	40802806 <_ZL7cmd_cmdPKc+0x60>
408027f6:	0006c783          	lbu	a5,0(a3)
408027fa:	00174583          	lbu	a1,1(a4)
408027fe:	00170813          	addi	a6,a4,1
40802802:	c789                	c.beqz	a5,4080280c <_ZL7cmd_cmdPKc+0x66>
40802804:	8742                	c.mv	a4,a6
40802806:	0685                	c.addi	a3,1
40802808:	fef587e3          	beq	a1,a5,408027f6 <_ZL7cmd_cmdPKc+0x50>
4080280c:	0cb78863          	beq	a5,a1,408028dc <_ZL7cmd_cmdPKc+0x136>
40802810:	4080e7b7          	lui	a5,0x4080e
40802814:	08078793          	addi	a5,a5,128 # 4080e080 <_str_crlf+0x1c32>
40802818:	02d00693          	addi	a3,zero,45
4080281c:	870a                	c.mv	a4,sp
4080281e:	a809                	c.j	40802830 <_ZL7cmd_cmdPKc+0x8a>
40802820:	00074603          	lbu	a2,0(a4)
40802824:	00178593          	addi	a1,a5,1
40802828:	c629                	c.beqz	a2,40802872 <_ZL7cmd_cmdPKc+0xcc>
4080282a:	0017c683          	lbu	a3,1(a5)
4080282e:	87ae                	c.mv	a5,a1
40802830:	0705                	c.addi	a4,1
40802832:	fec687e3          	beq	a3,a2,40802820 <_ZL7cmd_cmdPKc+0x7a>
40802836:	4080e537          	lui	a0,0x4080e
4080283a:	858a                	c.mv	a1,sp
4080283c:	0fc50513          	addi	a0,a0,252 # 4080e0fc <_str_crlf+0x1cae>
40802840:	d38fe0ef          	jal	ra,40800d78 <kprintf>
40802844:	40b6                	c.lwsp	ra,76(sp)
40802846:	4426                	c.lwsp	s0,72(sp)
40802848:	6161                	c.addi16sp	sp,80
4080284a:	8082                	c.jr	ra
4080284c:	00174783          	lbu	a5,1(a4)
40802850:	f7c1                	c.bnez	a5,408027d8 <_ZL7cmd_cmdPKc+0x32>
40802852:	4080e437          	lui	s0,0x4080e
40802856:	f8c40413          	addi	s0,s0,-116 # 4080df8c <_str_crlf+0x1b3e>
4080285a:	06300513          	addi	a0,zero,99
4080285e:	0405                	c.addi	s0,1
40802860:	87cfe0ef          	jal	ra,408008dc <uart_putc>
40802864:	00044503          	lbu	a0,0(s0)
40802868:	f97d                	c.bnez	a0,4080285e <_ZL7cmd_cmdPKc+0xb8>
4080286a:	40b6                	c.lwsp	ra,76(sp)
4080286c:	4426                	c.lwsp	s0,72(sp)
4080286e:	6161                	c.addi16sp	sp,80
40802870:	8082                	c.jr	ra
40802872:	0017c783          	lbu	a5,1(a5)
40802876:	f3e1                	c.bnez	a5,40802836 <_ZL7cmd_cmdPKc+0x90>
40802878:	080c                	c.addi4spn	a1,sp,16
4080287a:	02000613          	addi	a2,zero,32
4080287e:	3bc1                	c.jal	4080264e <tok_next>
40802880:	01014883          	lbu	a7,16(sp)
40802884:	1a088063          	beq	a7,zero,40802a24 <_ZL7cmd_cmdPKc+0x27e>
40802888:	40811537          	lui	a0,0x40811
4080288c:	4080e7b7          	lui	a5,0x4080e
40802890:	76850513          	addi	a0,a0,1896 # 40811768 <_ZZL13is_system_cmdPKcE11system_cmds+0x4>
40802894:	06078793          	addi	a5,a5,96 # 4080e060 <_str_crlf+0x1c12>
40802898:	06800613          	addi	a2,zero,104
4080289c:	86c6                	c.mv	a3,a7
4080289e:	0818                	c.addi4spn	a4,sp,16
408028a0:	a809                	c.j	408028b2 <_ZL7cmd_cmdPKc+0x10c>
408028a2:	00074683          	lbu	a3,0(a4)
408028a6:	00178593          	addi	a1,a5,1
408028aa:	ce91                	c.beqz	a3,408028c6 <_ZL7cmd_cmdPKc+0x120>
408028ac:	0017c603          	lbu	a2,1(a5)
408028b0:	87ae                	c.mv	a5,a1
408028b2:	0705                	c.addi	a4,1
408028b4:	fed607e3          	beq	a2,a3,408028a2 <_ZL7cmd_cmdPKc+0xfc>
408028b8:	411c                	c.lw	a5,0(a0)
408028ba:	0511                	c.addi	a0,4
408028bc:	0e078b63          	beq	a5,zero,408029b2 <_ZL7cmd_cmdPKc+0x20c>
408028c0:	0007c603          	lbu	a2,0(a5)
408028c4:	bfe1                	c.j	4080289c <_ZL7cmd_cmdPKc+0xf6>
408028c6:	0017c783          	lbu	a5,1(a5)
408028ca:	f7fd                	c.bnez	a5,408028b8 <_ZL7cmd_cmdPKc+0x112>
408028cc:	4080e537          	lui	a0,0x4080e
408028d0:	080c                	c.addi4spn	a1,sp,16
408028d2:	12850513          	addi	a0,a0,296 # 4080e128 <_str_crlf+0x1cda>
408028d6:	ca2fe0ef          	jal	ra,40800d78 <kprintf>
408028da:	b7ad                	c.j	40802844 <_ZL7cmd_cmdPKc+0x9e>
408028dc:	4080e437          	lui	s0,0x4080e
408028e0:	da56                	c.swsp	s5,52(sp)
408028e2:	04840413          	addi	s0,s0,72 # 4080e048 <_str_crlf+0x1bfa>
408028e6:	05200513          	addi	a0,zero,82
408028ea:	0405                	c.addi	s0,1
408028ec:	ff1fd0ef          	jal	ra,408008dc <uart_putc>
408028f0:	00044503          	lbu	a0,0(s0)
408028f4:	f97d                	c.bnez	a0,408028ea <_ZL7cmd_cmdPKc+0x144>
408028f6:	40812ab7          	lui	s5,0x40812
408028fa:	268a8a93          	addi	s5,s5,616 # 40812268 <g_hostname>
408028fe:	040aa583          	lw	a1,64(s5)
40802902:	14058363          	beq	a1,zero,40802a48 <_ZL7cmd_cmdPKc+0x2a2>
40802906:	c2a6                	c.swsp	s1,68(sp)
40802908:	c0ca                	c.swsp	s2,64(sp)
4080290a:	de4e                	c.swsp	s3,60(sp)
4080290c:	dc52                	c.swsp	s4,56(sp)
4080290e:	044a8a93          	addi	s5,s5,68
40802912:	40811937          	lui	s2,0x40811
40802916:	4080e4b7          	lui	s1,0x4080e
4080291a:	4080ea37          	lui	s4,0x4080e
4080291e:	4080e9b7          	lui	s3,0x4080e
40802922:	4080e437          	lui	s0,0x4080e
40802926:	000aa783          	lw	a5,0(s5)
4080292a:	c7bd                	c.beqz	a5,40802998 <_ZL7cmd_cmdPKc+0x1f2>
4080292c:	0005c883          	lbu	a7,0(a1)
40802930:	73c90813          	addi	a6,s2,1852 # 4081173c <_ZZL8cmd_modePKcE5names>
40802934:	02c80813          	addi	a6,a6,44
40802938:	06800613          	addi	a2,zero,104
4080293c:	06048793          	addi	a5,s1,96 # 4080e060 <_str_crlf+0x1c12>
40802940:	02088c63          	beq	a7,zero,40802978 <_ZL7cmd_cmdPKc+0x1d2>
40802944:	86c6                	c.mv	a3,a7
40802946:	872e                	c.mv	a4,a1
40802948:	a809                	c.j	4080295a <_ZL7cmd_cmdPKc+0x1b4>
4080294a:	00074683          	lbu	a3,0(a4)
4080294e:	00178513          	addi	a0,a5,1
40802952:	ca95                	c.beqz	a3,40802986 <_ZL7cmd_cmdPKc+0x1e0>
40802954:	0017c603          	lbu	a2,1(a5)
40802958:	87aa                	c.mv	a5,a0
4080295a:	0705                	c.addi	a4,1
4080295c:	fed607e3          	beq	a2,a3,4080294a <_ZL7cmd_cmdPKc+0x1a4>
40802960:	00082783          	lw	a5,0(a6)
40802964:	0811                	c.addi	a6,4
40802966:	c3b9                	c.beqz	a5,408029ac <_ZL7cmd_cmdPKc+0x206>
40802968:	0007c603          	lbu	a2,0(a5)
4080296c:	bfe1                	c.j	40802944 <_ZL7cmd_cmdPKc+0x19e>
4080296e:	ffc82783          	lw	a5,-4(a6)
40802972:	c7f1                	c.beqz	a5,40802a3e <_ZL7cmd_cmdPKc+0x298>
40802974:	0007c603          	lbu	a2,0(a5)
40802978:	0811                	c.addi	a6,4
4080297a:	fa75                	c.bnez	a2,4080296e <_ZL7cmd_cmdPKc+0x1c8>
4080297c:	4080e637          	lui	a2,0x4080e
40802980:	06860613          	addi	a2,a2,104 # 4080e068 <_str_crlf+0x1c1a>
40802984:	a031                	c.j	40802990 <_ZL7cmd_cmdPKc+0x1ea>
40802986:	0017c783          	lbu	a5,1(a5)
4080298a:	fbf9                	c.bnez	a5,40802960 <_ZL7cmd_cmdPKc+0x1ba>
4080298c:	06898613          	addi	a2,s3,104 # 4080e068 <_str_crlf+0x1c1a>
40802990:	0b440513          	addi	a0,s0,180 # 4080e0b4 <_str_crlf+0x1c66>
40802994:	be4fe0ef          	jal	ra,40800d78 <kprintf>
40802998:	004aa583          	lw	a1,4(s5)
4080299c:	0aa1                	c.addi	s5,8
4080299e:	f5c1                	c.bnez	a1,40802926 <_ZL7cmd_cmdPKc+0x180>
408029a0:	4496                	c.lwsp	s1,68(sp)
408029a2:	4906                	c.lwsp	s2,64(sp)
408029a4:	59f2                	c.lwsp	s3,60(sp)
408029a6:	5a62                	c.lwsp	s4,56(sp)
408029a8:	5ad2                	c.lwsp	s5,52(sp)
408029aa:	bd69                	c.j	40802844 <_ZL7cmd_cmdPKc+0x9e>
408029ac:	074a0613          	addi	a2,s4,116 # 4080e074 <_str_crlf+0x1c26>
408029b0:	b7c5                	c.j	40802990 <_ZL7cmd_cmdPKc+0x1ea>
408029b2:	40812337          	lui	t1,0x40812
408029b6:	26830313          	addi	t1,t1,616 # 40812268 <g_hostname>
408029ba:	04032783          	lw	a5,64(t1)
408029be:	04430513          	addi	a0,t1,68
408029c2:	4801                	c.li	a6,0
408029c4:	e791                	c.bnez	a5,408029d0 <_ZL7cmd_cmdPKc+0x22a>
408029c6:	a0b9                	c.j	40802a14 <_ZL7cmd_cmdPKc+0x26e>
408029c8:	415c                	c.lw	a5,4(a0)
408029ca:	0521                	c.addi	a0,8
408029cc:	0805                	c.addi	a6,1
408029ce:	c3b9                	c.beqz	a5,40802a14 <_ZL7cmd_cmdPKc+0x26e>
408029d0:	4118                	c.lw	a4,0(a0)
408029d2:	db7d                	c.beqz	a4,408029c8 <_ZL7cmd_cmdPKc+0x222>
408029d4:	0007c703          	lbu	a4,0(a5)
408029d8:	8646                	c.mv	a2,a7
408029da:	0814                	c.addi4spn	a3,sp,16
408029dc:	e709                	c.bnez	a4,408029e6 <_ZL7cmd_cmdPKc+0x240>
408029de:	b7ed                	c.j	408029c8 <_ZL7cmd_cmdPKc+0x222>
408029e0:	0016c603          	lbu	a2,1(a3)
408029e4:	86ae                	c.mv	a3,a1
408029e6:	0785                	c.addi	a5,1
408029e8:	fee610e3          	bne	a2,a4,408029c8 <_ZL7cmd_cmdPKc+0x222>
408029ec:	0007c703          	lbu	a4,0(a5)
408029f0:	00168593          	addi	a1,a3,1
408029f4:	f775                	c.bnez	a4,408029e0 <_ZL7cmd_cmdPKc+0x23a>
408029f6:	0016c783          	lbu	a5,1(a3)
408029fa:	f7f9                	c.bnez	a5,408029c8 <_ZL7cmd_cmdPKc+0x222>
408029fc:	080e                	c.slli	a6,0x3
408029fe:	4080e537          	lui	a0,0x4080e
40802a02:	9342                	c.add	t1,a6
40802a04:	080c                	c.addi4spn	a1,sp,16
40802a06:	0c050513          	addi	a0,a0,192 # 4080e0c0 <_str_crlf+0x1c72>
40802a0a:	04032223          	sw	zero,68(t1)
40802a0e:	b6afe0ef          	jal	ra,40800d78 <kprintf>
40802a12:	bd0d                	c.j	40802844 <_ZL7cmd_cmdPKc+0x9e>
40802a14:	4080e537          	lui	a0,0x4080e
40802a18:	080c                	c.addi4spn	a1,sp,16
40802a1a:	0dc50513          	addi	a0,a0,220 # 4080e0dc <_str_crlf+0x1c8e>
40802a1e:	b5afe0ef          	jal	ra,40800d78 <kprintf>
40802a22:	b50d                	c.j	40802844 <_ZL7cmd_cmdPKc+0x9e>
40802a24:	4080e437          	lui	s0,0x4080e
40802a28:	08c40413          	addi	s0,s0,140 # 4080e08c <_str_crlf+0x1c3e>
40802a2c:	06300513          	addi	a0,zero,99
40802a30:	0405                	c.addi	s0,1
40802a32:	eabfd0ef          	jal	ra,408008dc <uart_putc>
40802a36:	00044503          	lbu	a0,0(s0)
40802a3a:	f97d                	c.bnez	a0,40802a30 <_ZL7cmd_cmdPKc+0x28a>
40802a3c:	b521                	c.j	40802844 <_ZL7cmd_cmdPKc+0x9e>
40802a3e:	4080e637          	lui	a2,0x4080e
40802a42:	07460613          	addi	a2,a2,116 # 4080e074 <_str_crlf+0x1c26>
40802a46:	b7a9                	c.j	40802990 <_ZL7cmd_cmdPKc+0x1ea>
40802a48:	5ad2                	c.lwsp	s5,52(sp)
40802a4a:	bbed                	c.j	40802844 <_ZL7cmd_cmdPKc+0x9e>

40802a4c <_ZL15dispatch_singlePKc>:
40802a4c:	7171                	c.addi16sp	sp,-176
40802a4e:	408127b7          	lui	a5,0x40812
40802a52:	d522                	c.swsp	s0,168(sp)
40802a54:	4ec7c403          	lbu	s0,1260(a5) # 408124ec <_ZL9g_divider>
40802a58:	d706                	c.swsp	ra,172(sp)
40802a5a:	d326                	c.swsp	s1,164(sp)
40802a5c:	02000613          	addi	a2,zero,32
40802a60:	87aa                	c.mv	a5,a0
40802a62:	46a5                	c.li	a3,9
40802a64:	02c40263          	beq	s0,a2,40802a88 <_ZL15dispatch_singlePKc+0x3c>
40802a68:	00054703          	lbu	a4,0(a0)
40802a6c:	10e41c63          	bne	s0,a4,40802b84 <_ZL15dispatch_singlePKc+0x138>
40802a70:	0017c703          	lbu	a4,1(a5)
40802a74:	0785                	c.addi	a5,1
40802a76:	fee40de3          	beq	s0,a4,40802a70 <_ZL15dispatch_singlePKc+0x24>
40802a7a:	ef1d                	c.bnez	a4,40802ab8 <_ZL15dispatch_singlePKc+0x6c>
40802a7c:	50ba                	c.lwsp	ra,172(sp)
40802a7e:	542a                	c.lwsp	s0,168(sp)
40802a80:	549a                	c.lwsp	s1,164(sp)
40802a82:	614d                	c.addi16sp	sp,176
40802a84:	8082                	c.jr	ra
40802a86:	0785                	c.addi	a5,1
40802a88:	0007c703          	lbu	a4,0(a5)
40802a8c:	fe870de3          	beq	a4,s0,40802a86 <_ZL15dispatch_singlePKc+0x3a>
40802a90:	fed70be3          	beq	a4,a3,40802a86 <_ZL15dispatch_singlePKc+0x3a>
40802a94:	d765                	c.beqz	a4,40802a7c <_ZL15dispatch_singlePKc+0x30>
40802a96:	853e                	c.mv	a0,a5
40802a98:	858a                	c.mv	a1,sp
40802a9a:	02000613          	addi	a2,zero,32
40802a9e:	3e45                	c.jal	4080264e <tok_next>
40802aa0:	848a                	c.mv	s1,sp
40802aa2:	02000713          	addi	a4,zero,32
40802aa6:	46a5                	c.li	a3,9
40802aa8:	00054783          	lbu	a5,0(a0)
40802aac:	00e78463          	beq	a5,a4,40802ab4 <_ZL15dispatch_singlePKc+0x68>
40802ab0:	02d79063          	bne	a5,a3,40802ad0 <_ZL15dispatch_singlePKc+0x84>
40802ab4:	0505                	c.addi	a0,1
40802ab6:	bfcd                	c.j	40802aa8 <_ZL15dispatch_singlePKc+0x5c>
40802ab8:	853e                	c.mv	a0,a5
40802aba:	858a                	c.mv	a1,sp
40802abc:	02000613          	addi	a2,zero,32
40802ac0:	848a                	c.mv	s1,sp
40802ac2:	3671                	c.jal	4080264e <tok_next>
40802ac4:	a011                	c.j	40802ac8 <_ZL15dispatch_singlePKc+0x7c>
40802ac6:	0505                	c.addi	a0,1
40802ac8:	00054783          	lbu	a5,0(a0)
40802acc:	fe878de3          	beq	a5,s0,40802ac6 <_ZL15dispatch_singlePKc+0x7a>
40802ad0:	1018                	c.addi4spn	a4,sp,32
40802ad2:	09e10693          	addi	a3,sp,158
40802ad6:	00054783          	lbu	a5,0(a0)
40802ada:	0505                	c.addi	a0,1
40802adc:	c791                	c.beqz	a5,40802ae8 <_ZL15dispatch_singlePKc+0x9c>
40802ade:	0705                	c.addi	a4,1
40802ae0:	fef70fa3          	sb	a5,-1(a4)
40802ae4:	fed719e3          	bne	a4,a3,40802ad6 <_ZL15dispatch_singlePKc+0x8a>
40802ae8:	40812837          	lui	a6,0x40812
40802aec:	26880813          	addi	a6,a6,616 # 40812268 <g_hostname>
40802af0:	04082783          	lw	a5,64(a6)
40802af4:	00070023          	sb	zero,0(a4)
40802af8:	08010fa3          	sb	zero,159(sp)
40802afc:	cbb1                	c.beqz	a5,40802b50 <_ZL15dispatch_singlePKc+0x104>
40802afe:	00014303          	lbu	t1,0(sp)
40802b02:	04480813          	addi	a6,a6,68
40802b06:	a029                	c.j	40802b10 <_ZL15dispatch_singlePKc+0xc4>
40802b08:	00482783          	lw	a5,4(a6)
40802b0c:	0821                	c.addi	a6,8
40802b0e:	c3a9                	c.beqz	a5,40802b50 <_ZL15dispatch_singlePKc+0x104>
40802b10:	00082883          	lw	a7,0(a6)
40802b14:	fe088ae3          	beq	a7,zero,40802b08 <_ZL15dispatch_singlePKc+0xbc>
40802b18:	06030263          	beq	t1,zero,40802b7c <_ZL15dispatch_singlePKc+0x130>
40802b1c:	869a                	c.mv	a3,t1
40802b1e:	8726                	c.mv	a4,s1
40802b20:	a029                	c.j	40802b2a <_ZL15dispatch_singlePKc+0xde>
40802b22:	00074683          	lbu	a3,0(a4)
40802b26:	c2a9                	c.beqz	a3,40802b68 <_ZL15dispatch_singlePKc+0x11c>
40802b28:	87aa                	c.mv	a5,a0
40802b2a:	0007c603          	lbu	a2,0(a5)
40802b2e:	0705                	c.addi	a4,1
40802b30:	00178513          	addi	a0,a5,1
40802b34:	fed607e3          	beq	a2,a3,40802b22 <_ZL15dispatch_singlePKc+0xd6>
40802b38:	00482783          	lw	a5,4(a6)
40802b3c:	0821                	c.addi	a6,8
40802b3e:	cb89                	c.beqz	a5,40802b50 <_ZL15dispatch_singlePKc+0x104>
40802b40:	00082883          	lw	a7,0(a6)
40802b44:	fc089ce3          	bne	a7,zero,40802b1c <_ZL15dispatch_singlePKc+0xd0>
40802b48:	00482783          	lw	a5,4(a6)
40802b4c:	0821                	c.addi	a6,8
40802b4e:	f3e9                	c.bnez	a5,40802b10 <_ZL15dispatch_singlePKc+0xc4>
40802b50:	4080e537          	lui	a0,0x4080e
40802b54:	85a6                	c.mv	a1,s1
40802b56:	16050513          	addi	a0,a0,352 # 4080e160 <_str_crlf+0x1d12>
40802b5a:	a1efe0ef          	jal	ra,40800d78 <kprintf>
40802b5e:	50ba                	c.lwsp	ra,172(sp)
40802b60:	542a                	c.lwsp	s0,168(sp)
40802b62:	549a                	c.lwsp	s1,164(sp)
40802b64:	614d                	c.addi16sp	sp,176
40802b66:	8082                	c.jr	ra
40802b68:	0017c783          	lbu	a5,1(a5)
40802b6c:	ffd1                	c.bnez	a5,40802b08 <_ZL15dispatch_singlePKc+0xbc>
40802b6e:	1008                	c.addi4spn	a0,sp,32
40802b70:	9882                	c.jalr	a7
40802b72:	50ba                	c.lwsp	ra,172(sp)
40802b74:	542a                	c.lwsp	s0,168(sp)
40802b76:	549a                	c.lwsp	s1,164(sp)
40802b78:	614d                	c.addi16sp	sp,176
40802b7a:	8082                	c.jr	ra
40802b7c:	0007c783          	lbu	a5,0(a5)
40802b80:	f7c1                	c.bnez	a5,40802b08 <_ZL15dispatch_singlePKc+0xbc>
40802b82:	b7f5                	c.j	40802b6e <_ZL15dispatch_singlePKc+0x122>
40802b84:	ee070ce3          	beq	a4,zero,40802a7c <_ZL15dispatch_singlePKc+0x30>
40802b88:	858a                	c.mv	a1,sp
40802b8a:	848a                	c.mv	s1,sp
40802b8c:	34c9                	c.jal	4080264e <tok_next>
40802b8e:	bf2d                	c.j	40802ac8 <_ZL15dispatch_singlePKc+0x7c>

40802b90 <env_get>:
40802b90:	4081a7b7          	lui	a5,0x4081a
40802b94:	4207ae03          	lw	t3,1056(a5) # 4081a420 <_ZL11g_env_count>
40802b98:	05c05263          	bge	zero,t3,40802bdc <env_get+0x4c>
40802b9c:	40813837          	lui	a6,0x40813
40802ba0:	d1080e93          	addi	t4,a6,-752 # 40812d10 <_ZL11g_env_table>
40802ba4:	4301                	c.li	t1,0
40802ba6:	d1080813          	addi	a6,a6,-752
40802baa:	4881                	c.li	a7,0
40802bac:	00084783          	lbu	a5,0(a6)
40802bb0:	8742                	c.mv	a4,a6
40802bb2:	86aa                	c.mv	a3,a0
40802bb4:	e791                	c.bnez	a5,40802bc0 <env_get+0x30>
40802bb6:	a82d                	c.j	40802bf0 <env_get+0x60>
40802bb8:	00074783          	lbu	a5,0(a4)
40802bbc:	c395                	c.beqz	a5,40802be0 <env_get+0x50>
40802bbe:	86ae                	c.mv	a3,a1
40802bc0:	0006c603          	lbu	a2,0(a3)
40802bc4:	0705                	c.addi	a4,1
40802bc6:	00168593          	addi	a1,a3,1
40802bca:	fef607e3          	beq	a2,a5,40802bb8 <env_get+0x28>
40802bce:	0885                	c.addi	a7,1
40802bd0:	06080813          	addi	a6,a6,96
40802bd4:	06030313          	addi	t1,t1,96
40802bd8:	fdc89ae3          	bne	a7,t3,40802bac <env_get+0x1c>
40802bdc:	4501                	c.li	a0,0
40802bde:	8082                	c.jr	ra
40802be0:	0016c783          	lbu	a5,1(a3)
40802be4:	f7ed                	c.bnez	a5,40802bce <env_get+0x3e>
40802be6:	02030313          	addi	t1,t1,32
40802bea:	006e8533          	add	a0,t4,t1
40802bee:	8082                	c.jr	ra
40802bf0:	00054783          	lbu	a5,0(a0)
40802bf4:	ffe9                	c.bnez	a5,40802bce <env_get+0x3e>
40802bf6:	bfc5                	c.j	40802be6 <env_get+0x56>

40802bf8 <env_set>:
40802bf8:	4081afb7          	lui	t6,0x4081a
40802bfc:	420faf03          	lw	t5,1056(t6) # 4081a420 <_ZL11g_env_count>
40802c00:	408138b7          	lui	a7,0x40813
40802c04:	d1088313          	addi	t1,a7,-752 # 40812d10 <_ZL11g_env_table>
40802c08:	4e81                	c.li	t4,0
40802c0a:	d1088893          	addi	a7,a7,-752
40802c0e:	4e01                	c.li	t3,0
40802c10:	03e05d63          	bge	zero,t5,40802c4a <env_set+0x52>
40802c14:	0008c783          	lbu	a5,0(a7)
40802c18:	8746                	c.mv	a4,a7
40802c1a:	86aa                	c.mv	a3,a0
40802c1c:	e791                	c.bnez	a5,40802c28 <env_set+0x30>
40802c1e:	a06d                	c.j	40802cc8 <env_set+0xd0>
40802c20:	00074783          	lbu	a5,0(a4)
40802c24:	cfa5                	c.beqz	a5,40802c9c <env_set+0xa4>
40802c26:	86c2                	c.mv	a3,a6
40802c28:	0006c603          	lbu	a2,0(a3)
40802c2c:	0705                	c.addi	a4,1
40802c2e:	00168813          	addi	a6,a3,1
40802c32:	fef607e3          	beq	a2,a5,40802c20 <env_set+0x28>
40802c36:	0e05                	c.addi	t3,1
40802c38:	06088893          	addi	a7,a7,96
40802c3c:	060e8e93          	addi	t4,t4,96
40802c40:	fdee1ae3          	bne	t3,t5,40802c14 <env_set+0x1c>
40802c44:	47bd                	c.li	a5,15
40802c46:	09c7c563          	blt	a5,t3,40802cd0 <env_set+0xd8>
40802c4a:	001f1613          	slli	a2,t5,0x1
40802c4e:	967a                	c.add	a2,t5
40802c50:	0616                	c.slli	a2,0x5
40802c52:	00c30733          	add	a4,t1,a2
40802c56:	01e50693          	addi	a3,a0,30
40802c5a:	00054783          	lbu	a5,0(a0)
40802c5e:	0505                	c.addi	a0,1
40802c60:	c791                	c.beqz	a5,40802c6c <env_set+0x74>
40802c62:	00f70023          	sb	a5,0(a4)
40802c66:	0705                	c.addi	a4,1
40802c68:	fed519e3          	bne	a0,a3,40802c5a <env_set+0x62>
40802c6c:	02060613          	addi	a2,a2,32
40802c70:	00c307b3          	add	a5,t1,a2
40802c74:	00070023          	sb	zero,0(a4)
40802c78:	03e58693          	addi	a3,a1,62
40802c7c:	0005c703          	lbu	a4,0(a1)
40802c80:	0585                	c.addi	a1,1
40802c82:	c711                	c.beqz	a4,40802c8e <env_set+0x96>
40802c84:	00e78023          	sb	a4,0(a5)
40802c88:	0785                	c.addi	a5,1
40802c8a:	fed599e3          	bne	a1,a3,40802c7c <env_set+0x84>
40802c8e:	0f05                	c.addi	t5,1
40802c90:	43efa023          	sw	t5,1056(t6)
40802c94:	00078023          	sb	zero,0(a5)
40802c98:	4501                	c.li	a0,0
40802c9a:	8082                	c.jr	ra
40802c9c:	0016c783          	lbu	a5,1(a3)
40802ca0:	fbd9                	c.bnez	a5,40802c36 <env_set+0x3e>
40802ca2:	020e8e93          	addi	t4,t4,32
40802ca6:	01d307b3          	add	a5,t1,t4
40802caa:	03e58693          	addi	a3,a1,62
40802cae:	0005c703          	lbu	a4,0(a1)
40802cb2:	0585                	c.addi	a1,1
40802cb4:	d365                	c.beqz	a4,40802c94 <env_set+0x9c>
40802cb6:	00e78023          	sb	a4,0(a5)
40802cba:	0785                	c.addi	a5,1
40802cbc:	fed599e3          	bne	a1,a3,40802cae <env_set+0xb6>
40802cc0:	00078023          	sb	zero,0(a5)
40802cc4:	4501                	c.li	a0,0
40802cc6:	8082                	c.jr	ra
40802cc8:	00054783          	lbu	a5,0(a0)
40802ccc:	f7ad                	c.bnez	a5,40802c36 <env_set+0x3e>
40802cce:	bfd1                	c.j	40802ca2 <env_set+0xaa>
40802cd0:	5569                	c.li	a0,-6
40802cd2:	8082                	c.jr	ra

40802cd4 <env_init>:
40802cd4:	4080e5b7          	lui	a1,0x4080e
40802cd8:	4080e537          	lui	a0,0x4080e
40802cdc:	1141                	c.addi	sp,-16
40802cde:	4081a7b7          	lui	a5,0x4081a
40802ce2:	17858593          	addi	a1,a1,376 # 4080e178 <_str_crlf+0x1d2a>
40802ce6:	18850513          	addi	a0,a0,392 # 4080e188 <_str_crlf+0x1d3a>
40802cea:	c606                	c.swsp	ra,12(sp)
40802cec:	4207a023          	sw	zero,1056(a5) # 4081a420 <_ZL11g_env_count>
40802cf0:	3721                	c.jal	40802bf8 <env_set>
40802cf2:	4080e5b7          	lui	a1,0x4080e
40802cf6:	4080e537          	lui	a0,0x4080e
40802cfa:	19058593          	addi	a1,a1,400 # 4080e190 <_str_crlf+0x1d42>
40802cfe:	19c50513          	addi	a0,a0,412 # 4080e19c <_str_crlf+0x1d4e>
40802d02:	3ddd                	c.jal	40802bf8 <env_set>
40802d04:	40b2                	c.lwsp	ra,12(sp)
40802d06:	4080e5b7          	lui	a1,0x4080e
40802d0a:	4080e537          	lui	a0,0x4080e
40802d0e:	1a458593          	addi	a1,a1,420 # 4080e1a4 <_str_crlf+0x1d56>
40802d12:	1ac50513          	addi	a0,a0,428 # 4080e1ac <_str_crlf+0x1d5e>
40802d16:	0141                	c.addi	sp,16
40802d18:	b5c5                	c.j	40802bf8 <env_set>

40802d1a <_ZL10cmd_exportPKc>:
40802d1a:	7159                	c.addi16sp	sp,-112
40802d1c:	d686                	c.swsp	ra,108(sp)
40802d1e:	d4a2                	c.swsp	s0,104(sp)
40802d20:	00054803          	lbu	a6,0(a0)
40802d24:	0c080763          	beq	a6,zero,40802df2 <_ZL10cmd_exportPKc+0xd8>
40802d28:	4080d7b7          	lui	a5,0x4080d
40802d2c:	862a                	c.mv	a2,a0
40802d2e:	ab478793          	addi	a5,a5,-1356 # 4080cab4 <_str_crlf+0x666>
40802d32:	86c2                	c.mv	a3,a6
40802d34:	872a                	c.mv	a4,a0
40802d36:	02d00593          	addi	a1,zero,45
40802d3a:	a809                	c.j	40802d4c <_ZL10cmd_exportPKc+0x32>
40802d3c:	00074683          	lbu	a3,0(a4)
40802d40:	00178513          	addi	a0,a5,1
40802d44:	c6c5                	c.beqz	a3,40802dec <_ZL10cmd_exportPKc+0xd2>
40802d46:	0017c583          	lbu	a1,1(a5)
40802d4a:	87aa                	c.mv	a5,a0
40802d4c:	0705                	c.addi	a4,1
40802d4e:	fed587e3          	beq	a1,a3,40802d3c <_ZL10cmd_exportPKc+0x22>
40802d52:	4080e737          	lui	a4,0x4080e
40802d56:	2a070713          	addi	a4,a4,672 # 4080e2a0 <_str_crlf+0x1e52>
40802d5a:	87b2                	c.mv	a5,a2
40802d5c:	00360513          	addi	a0,a2,3
40802d60:	0007c683          	lbu	a3,0(a5)
40802d64:	00074583          	lbu	a1,0(a4)
40802d68:	0785                	c.addi	a5,1
40802d6a:	0705                	c.addi	a4,1
40802d6c:	0ab69363          	bne	a3,a1,40802e12 <_ZL10cmd_exportPKc+0xf8>
40802d70:	c299                	c.beqz	a3,40802d76 <_ZL10cmd_exportPKc+0x5c>
40802d72:	fef517e3          	bne	a0,a5,40802d60 <_ZL10cmd_exportPKc+0x46>
40802d76:	1000                	c.addi4spn	s0,sp,32
40802d78:	85a2                	c.mv	a1,s0
40802d7a:	02000613          	addi	a2,zero,32
40802d7e:	38c1                	c.jal	4080264e <tok_next>
40802d80:	02014583          	lbu	a1,32(sp)
40802d84:	20058c63          	beq	a1,zero,40802f9c <_ZL10cmd_exportPKc+0x282>
40802d88:	4081aeb7          	lui	t4,0x4081a
40802d8c:	420eae03          	lw	t3,1056(t4) # 4081a420 <_ZL11g_env_count>
40802d90:	05c05363          	bge	zero,t3,40802dd6 <_ZL10cmd_exportPKc+0xbc>
40802d94:	408138b7          	lui	a7,0x40813
40802d98:	d1088f13          	addi	t5,a7,-752 # 40812d10 <_ZL11g_env_table>
40802d9c:	d1088613          	addi	a2,a7,-752
40802da0:	4301                	c.li	t1,0
40802da2:	d1088893          	addi	a7,a7,-752
40802da6:	0008c783          	lbu	a5,0(a7)
40802daa:	8746                	c.mv	a4,a7
40802dac:	852e                	c.mv	a0,a1
40802dae:	86a2                	c.mv	a3,s0
40802db0:	eb99                	c.bnez	a5,40802dc6 <_ZL10cmd_exportPKc+0xac>
40802db2:	a829                	c.j	40802dcc <_ZL10cmd_exportPKc+0xb2>
40802db4:	00074783          	lbu	a5,0(a4)
40802db8:	00168813          	addi	a6,a3,1
40802dbc:	10078363          	beq	a5,zero,40802ec2 <_ZL10cmd_exportPKc+0x1a8>
40802dc0:	0016c503          	lbu	a0,1(a3)
40802dc4:	86c2                	c.mv	a3,a6
40802dc6:	0705                	c.addi	a4,1
40802dc8:	fef506e3          	beq	a0,a5,40802db4 <_ZL10cmd_exportPKc+0x9a>
40802dcc:	0305                	c.addi	t1,1
40802dce:	06088893          	addi	a7,a7,96
40802dd2:	fc6e1ae3          	bne	t3,t1,40802da6 <_ZL10cmd_exportPKc+0x8c>
40802dd6:	4080e537          	lui	a0,0x4080e
40802dda:	85a2                	c.mv	a1,s0
40802ddc:	2bc50513          	addi	a0,a0,700 # 4080e2bc <_str_crlf+0x1e6e>
40802de0:	f99fd0ef          	jal	ra,40800d78 <kprintf>
40802de4:	50b6                	c.lwsp	ra,108(sp)
40802de6:	5426                	c.lwsp	s0,104(sp)
40802de8:	6165                	c.addi16sp	sp,112
40802dea:	8082                	c.jr	ra
40802dec:	0017c783          	lbu	a5,1(a5)
40802df0:	f3ad                	c.bnez	a5,40802d52 <_ZL10cmd_exportPKc+0x38>
40802df2:	4080e437          	lui	s0,0x4080e
40802df6:	1b440413          	addi	s0,s0,436 # 4080e1b4 <_str_crlf+0x1d66>
40802dfa:	06500513          	addi	a0,zero,101
40802dfe:	0405                	c.addi	s0,1
40802e00:	addfd0ef          	jal	ra,408008dc <uart_putc>
40802e04:	00044503          	lbu	a0,0(s0)
40802e08:	f97d                	c.bnez	a0,40802dfe <_ZL10cmd_exportPKc+0xe4>
40802e0a:	50b6                	c.lwsp	ra,108(sp)
40802e0c:	5426                	c.lwsp	s0,104(sp)
40802e0e:	6165                	c.addi16sp	sp,112
40802e10:	8082                	c.jr	ra
40802e12:	87b2                	c.mv	a5,a2
40802e14:	03d00713          	addi	a4,zero,61
40802e18:	10e80c63          	beq	a6,a4,40802f30 <_ZL10cmd_exportPKc+0x216>
40802e1c:	0017c803          	lbu	a6,1(a5)
40802e20:	0785                	c.addi	a5,1
40802e22:	fe081be3          	bne	a6,zero,40802e18 <_ZL10cmd_exportPKc+0xfe>
40802e26:	850a                	c.mv	a0,sp
40802e28:	878a                	c.mv	a5,sp
40802e2a:	01e10693          	addi	a3,sp,30
40802e2e:	00064703          	lbu	a4,0(a2)
40802e32:	0605                	c.addi	a2,1
40802e34:	c711                	c.beqz	a4,40802e40 <_ZL10cmd_exportPKc+0x126>
40802e36:	0785                	c.addi	a5,1
40802e38:	fee78fa3          	sb	a4,-1(a5)
40802e3c:	fed799e3          	bne	a5,a3,40802e2e <_ZL10cmd_exportPKc+0x114>
40802e40:	4081a737          	lui	a4,0x4081a
40802e44:	42072e83          	lw	t4,1056(a4) # 4081a420 <_ZL11g_env_count>
40802e48:	00078023          	sb	zero,0(a5)
40802e4c:	05d05263          	bge	zero,t4,40802e90 <_ZL10cmd_exportPKc+0x176>
40802e50:	408138b7          	lui	a7,0x40813
40802e54:	d1088613          	addi	a2,a7,-752 # 40812d10 <_ZL11g_env_table>
40802e58:	4e01                	c.li	t3,0
40802e5a:	d1088893          	addi	a7,a7,-752
40802e5e:	4301                	c.li	t1,0
40802e60:	0008c783          	lbu	a5,0(a7)
40802e64:	8746                	c.mv	a4,a7
40802e66:	86aa                	c.mv	a3,a0
40802e68:	e791                	c.bnez	a5,40802e74 <_ZL10cmd_exportPKc+0x15a>
40802e6a:	a2b1                	c.j	40802fb6 <_ZL10cmd_exportPKc+0x29c>
40802e6c:	00074783          	lbu	a5,0(a4)
40802e70:	cb85                	c.beqz	a5,40802ea0 <_ZL10cmd_exportPKc+0x186>
40802e72:	86c2                	c.mv	a3,a6
40802e74:	0006c583          	lbu	a1,0(a3)
40802e78:	0705                	c.addi	a4,1
40802e7a:	00168813          	addi	a6,a3,1
40802e7e:	fef587e3          	beq	a1,a5,40802e6c <_ZL10cmd_exportPKc+0x152>
40802e82:	0305                	c.addi	t1,1
40802e84:	06088893          	addi	a7,a7,96
40802e88:	060e0e13          	addi	t3,t3,96
40802e8c:	fdd31ae3          	bne	t1,t4,40802e60 <_ZL10cmd_exportPKc+0x146>
40802e90:	4080e7b7          	lui	a5,0x4080e
40802e94:	85aa                	c.mv	a1,a0
40802e96:	2bc78513          	addi	a0,a5,700 # 4080e2bc <_str_crlf+0x1e6e>
40802e9a:	edffd0ef          	jal	ra,40800d78 <kprintf>
40802e9e:	b799                	c.j	40802de4 <_ZL10cmd_exportPKc+0xca>
40802ea0:	0016c783          	lbu	a5,1(a3)
40802ea4:	fff9                	c.bnez	a5,40802e82 <_ZL10cmd_exportPKc+0x168>
40802ea6:	020e0e13          	addi	t3,t3,32
40802eaa:	4080e7b7          	lui	a5,0x4080e
40802eae:	85aa                	c.mv	a1,a0
40802eb0:	9672                	c.add	a2,t3
40802eb2:	2e878513          	addi	a0,a5,744 # 4080e2e8 <_str_crlf+0x1e9a>
40802eb6:	ec3fd0ef          	jal	ra,40800d78 <kprintf>
40802eba:	50b6                	c.lwsp	ra,108(sp)
40802ebc:	5426                	c.lwsp	s0,104(sp)
40802ebe:	6165                	c.addi16sp	sp,112
40802ec0:	8082                	c.jr	ra
40802ec2:	0016c783          	lbu	a5,1(a3)
40802ec6:	f00793e3          	bne	a5,zero,40802dcc <_ZL10cmd_exportPKc+0xb2>
40802eca:	fffe0f93          	addi	t6,t3,-1
40802ece:	05f35763          	bge	t1,t6,40802f1c <_ZL10cmd_exportPKc+0x202>
40802ed2:	00131793          	slli	a5,t1,0x1
40802ed6:	001e1713          	slli	a4,t3,0x1
40802eda:	979a                	c.add	a5,t1
40802edc:	9772                	c.add	a4,t3
40802ede:	fa0f0f13          	addi	t5,t5,-96
40802ee2:	00571313          	slli	t1,a4,0x5
40802ee6:	0796                	c.slli	a5,0x5
40802ee8:	937a                	c.add	t1,t5
40802eea:	97b2                	c.add	a5,a2
40802eec:	06078693          	addi	a3,a5,96
40802ef0:	8736                	c.mv	a4,a3
40802ef2:	0c078613          	addi	a2,a5,192
40802ef6:	00072883          	lw	a7,0(a4)
40802efa:	00472803          	lw	a6,4(a4)
40802efe:	4708                	c.lw	a0,8(a4)
40802f00:	474c                	c.lw	a1,12(a4)
40802f02:	0117a023          	sw	a7,0(a5)
40802f06:	0107a223          	sw	a6,4(a5)
40802f0a:	c788                	c.sw	a0,8(a5)
40802f0c:	c7cc                	c.sw	a1,12(a5)
40802f0e:	0741                	c.addi	a4,16
40802f10:	07c1                	c.addi	a5,16
40802f12:	fec712e3          	bne	a4,a2,40802ef6 <_ZL10cmd_exportPKc+0x1dc>
40802f16:	87b6                	c.mv	a5,a3
40802f18:	fcd31ae3          	bne	t1,a3,40802eec <_ZL10cmd_exportPKc+0x1d2>
40802f1c:	4080e537          	lui	a0,0x4080e
40802f20:	85a2                	c.mv	a1,s0
40802f22:	2a450513          	addi	a0,a0,676 # 4080e2a4 <_str_crlf+0x1e56>
40802f26:	43fea023          	sw	t6,1056(t4)
40802f2a:	e4ffd0ef          	jal	ra,40800d78 <kprintf>
40802f2e:	bd5d                	c.j	40802de4 <_ZL10cmd_exportPKc+0xca>
40802f30:	40c78833          	sub	a6,a5,a2
40802f34:	477d                	c.li	a4,31
40802f36:	01075363          	bge	a4,a6,40802f3c <_ZL10cmd_exportPKc+0x222>
40802f3a:	883a                	c.mv	a6,a4
40802f3c:	850a                	c.mv	a0,sp
40802f3e:	870a                	c.mv	a4,sp
40802f40:	010605b3          	add	a1,a2,a6
40802f44:	00f60a63          	beq	a2,a5,40802f58 <_ZL10cmd_exportPKc+0x23e>
40802f48:	00064683          	lbu	a3,0(a2)
40802f4c:	0605                	c.addi	a2,1
40802f4e:	0705                	c.addi	a4,1
40802f50:	fed70fa3          	sb	a3,-1(a4)
40802f54:	feb61ae3          	bne	a2,a1,40802f48 <_ZL10cmd_exportPKc+0x22e>
40802f58:	980a                	c.add	a6,sp
40802f5a:	1000                	c.addi4spn	s0,sp,32
40802f5c:	00080023          	sb	zero,0(a6)
40802f60:	0785                	c.addi	a5,1
40802f62:	8722                	c.mv	a4,s0
40802f64:	05e10613          	addi	a2,sp,94
40802f68:	0007c683          	lbu	a3,0(a5)
40802f6c:	0785                	c.addi	a5,1
40802f6e:	c691                	c.beqz	a3,40802f7a <_ZL10cmd_exportPKc+0x260>
40802f70:	0705                	c.addi	a4,1
40802f72:	fed70fa3          	sb	a3,-1(a4)
40802f76:	fec719e3          	bne	a4,a2,40802f68 <_ZL10cmd_exportPKc+0x24e>
40802f7a:	85a2                	c.mv	a1,s0
40802f7c:	00070023          	sb	zero,0(a4)
40802f80:	39a5                	c.jal	40802bf8 <env_set>
40802f82:	e60501e3          	beq	a0,zero,40802de4 <_ZL10cmd_exportPKc+0xca>
40802f86:	5569                	c.li	a0,-6
40802f88:	3de010ef          	jal	ra,40804366 <kerr_str>
40802f8c:	85aa                	c.mv	a1,a0
40802f8e:	4080e537          	lui	a0,0x4080e
40802f92:	2d850513          	addi	a0,a0,728 # 4080e2d8 <_str_crlf+0x1e8a>
40802f96:	de3fd0ef          	jal	ra,40800d78 <kprintf>
40802f9a:	b5a9                	c.j	40802de4 <_ZL10cmd_exportPKc+0xca>
40802f9c:	4080e437          	lui	s0,0x4080e
40802fa0:	27c40413          	addi	s0,s0,636 # 4080e27c <_str_crlf+0x1e2e>
40802fa4:	06500513          	addi	a0,zero,101
40802fa8:	0405                	c.addi	s0,1
40802faa:	933fd0ef          	jal	ra,408008dc <uart_putc>
40802fae:	00044503          	lbu	a0,0(s0)
40802fb2:	f97d                	c.bnez	a0,40802fa8 <_ZL10cmd_exportPKc+0x28e>
40802fb4:	bd05                	c.j	40802de4 <_ZL10cmd_exportPKc+0xca>
40802fb6:	00014783          	lbu	a5,0(sp)
40802fba:	b5ed                	c.j	40802ea4 <_ZL10cmd_exportPKc+0x18a>

40802fbc <env_count>:
40802fbc:	4081a7b7          	lui	a5,0x4081a
40802fc0:	4207a503          	lw	a0,1056(a5) # 4081a420 <_ZL11g_env_count>
40802fc4:	8082                	c.jr	ra

40802fc6 <env_entry>:
40802fc6:	87aa                	c.mv	a5,a0
40802fc8:	02054363          	blt	a0,zero,40802fee <env_entry+0x28>
40802fcc:	4081a737          	lui	a4,0x4081a
40802fd0:	42072703          	lw	a4,1056(a4) # 4081a420 <_ZL11g_env_count>
40802fd4:	4501                	c.li	a0,0
40802fd6:	00e7dd63          	bge	a5,a4,40802ff0 <env_entry+0x2a>
40802fda:	00179713          	slli	a4,a5,0x1
40802fde:	97ba                	c.add	a5,a4
40802fe0:	40813537          	lui	a0,0x40813
40802fe4:	0796                	c.slli	a5,0x5
40802fe6:	d1050513          	addi	a0,a0,-752 # 40812d10 <_ZL11g_env_table>
40802fea:	953e                	c.add	a0,a5
40802fec:	8082                	c.jr	ra
40802fee:	4501                	c.li	a0,0
40802ff0:	8082                	c.jr	ra

40802ff2 <user_check_root>:
40802ff2:	4081a7b7          	lui	a5,0x4081a
40802ff6:	41c7a503          	lw	a0,1052(a5) # 4081a41c <g_user_level>
40802ffa:	00153513          	sltiu	a0,a0,1
40802ffe:	8082                	c.jr	ra

40803000 <user_add>:
40803000:	7125                	c.addi16sp	sp,-416
40803002:	4080e7b7          	lui	a5,0x4080e
40803006:	18912a23          	sw	s1,404(sp)
4080300a:	18112e23          	sw	ra,412(sp)
4080300e:	18812c23          	sw	s0,408(sp)
40803012:	19212823          	sw	s2,400(sp)
40803016:	84aa                	c.mv	s1,a0
40803018:	31078793          	addi	a5,a5,784 # 4080e310 <_str_crlf+0x1ec2>
4080301c:	870a                	c.mv	a4,sp
4080301e:	0007c683          	lbu	a3,0(a5)
40803022:	0785                	c.addi	a5,1
40803024:	0705                	c.addi	a4,1
40803026:	fed70fa3          	sb	a3,-1(a4)
4080302a:	faf5                	c.bnez	a3,4080301e <user_add+0x1e>
4080302c:	0004c783          	lbu	a5,0(s1)
40803030:	16078a63          	beq	a5,zero,408031a4 <user_add+0x1a4>
40803034:	4781                	c.li	a5,0
40803036:	00178413          	addi	s0,a5,1
4080303a:	008486b3          	add	a3,s1,s0
4080303e:	0006c703          	lbu	a4,0(a3)
40803042:	863e                	c.mv	a2,a5
40803044:	87a2                	c.mv	a5,s0
40803046:	fb65                	c.bnez	a4,40803036 <user_add+0x36>
40803048:	87a6                	c.mv	a5,s1
4080304a:	00610713          	addi	a4,sp,6
4080304e:	0007c583          	lbu	a1,0(a5)
40803052:	0785                	c.addi	a5,1
40803054:	0705                	c.addi	a4,1
40803056:	feb70fa3          	sb	a1,-1(a4)
4080305a:	fed79ae3          	bne	a5,a3,4080304e <user_add+0x4e>
4080305e:	061d                	c.addi	a2,7
40803060:	960a                	c.add	a2,sp
40803062:	850a                	c.mv	a0,sp
40803064:	00060023          	sb	zero,0(a2)
40803068:	04b010ef          	jal	ra,408048b2 <vfs_exists>
4080306c:	14051363          	bne	a0,zero,408031b2 <user_add+0x1b2>
40803070:	850a                	c.mv	a0,sp
40803072:	316010ef          	jal	ra,40804388 <vfs_mkdir>
40803076:	892a                	c.mv	s2,a0
40803078:	10051b63          	bne	a0,zero,4080318e <user_add+0x18e>
4080307c:	0419                	c.addi	s0,6
4080307e:	940a                	c.add	s0,sp
40803080:	4080e7b7          	lui	a5,0x4080e
40803084:	19312623          	sw	s3,396(sp)
40803088:	8722                	c.mv	a4,s0
4080308a:	31878793          	addi	a5,a5,792 # 4080e318 <_str_crlf+0x1eca>
4080308e:	0007c683          	lbu	a3,0(a5)
40803092:	0785                	c.addi	a5,1
40803094:	0705                	c.addi	a4,1
40803096:	fed70fa3          	sb	a3,-1(a4)
4080309a:	faf5                	c.bnez	a3,4080308e <user_add+0x8e>
4080309c:	850a                	c.mv	a0,sp
4080309e:	2ea010ef          	jal	ra,40804388 <vfs_mkdir>
408030a2:	4080e7b7          	lui	a5,0x4080e
408030a6:	32478793          	addi	a5,a5,804 # 4080e324 <_str_crlf+0x1ed6>
408030aa:	0007c703          	lbu	a4,0(a5)
408030ae:	0785                	c.addi	a5,1
408030b0:	0405                	c.addi	s0,1
408030b2:	fee40fa3          	sb	a4,-1(s0)
408030b6:	fb75                	c.bnez	a4,408030aa <user_add+0xaa>
408030b8:	850a                	c.mv	a0,sp
408030ba:	2ce010ef          	jal	ra,40804388 <vfs_mkdir>
408030be:	08010993          	addi	s3,sp,128
408030c2:	4080e437          	lui	s0,0x4080e
408030c6:	85ce                	c.mv	a1,s3
408030c8:	33840513          	addi	a0,s0,824 # 4080e338 <_str_crlf+0x1eea>
408030cc:	0ff00613          	addi	a2,zero,255
408030d0:	662010ef          	jal	ra,40804732 <vfs_read>
408030d4:	0004c703          	lbu	a4,0(s1)
408030d8:	fff54793          	xori	a5,a0,-1
408030dc:	87fd                	c.srai	a5,0x1f
408030de:	8d7d                	c.and	a0,a5
408030e0:	c769                	c.beqz	a4,408031aa <user_add+0x1aa>
408030e2:	4781                	c.li	a5,0
408030e4:	0785                	c.addi	a5,1
408030e6:	00f48733          	add	a4,s1,a5
408030ea:	00074703          	lbu	a4,0(a4)
408030ee:	85be                	c.mv	a1,a5
408030f0:	fb75                	c.bnez	a4,408030e4 <user_add+0xe4>
408030f2:	00f508b3          	add	a7,a0,a5
408030f6:	4080e737          	lui	a4,0x4080e
408030fa:	33170713          	addi	a4,a4,817 # 4080e331 <_str_crlf+0x1ee3>
408030fe:	00074603          	lbu	a2,0(a4)
40803102:	0705                	c.addi	a4,1
40803104:	86ca                	c.mv	a3,s2
40803106:	0905                	c.addi	s2,1
40803108:	fa7d                	c.bnez	a2,408030fe <user_add+0xfe>
4080310a:	01190733          	add	a4,s2,a7
4080310e:	0fd00613          	addi	a2,zero,253
40803112:	0ae64263          	blt	a2,a4,408031b6 <user_add+0x1b6>
40803116:	00a98733          	add	a4,s3,a0
4080311a:	cb99                	c.beqz	a5,40803130 <user_add+0x130>
4080311c:	00f48833          	add	a6,s1,a5
40803120:	0004c603          	lbu	a2,0(s1)
40803124:	0485                	c.addi	s1,1
40803126:	0705                	c.addi	a4,1
40803128:	fec70fa3          	sb	a2,-1(a4)
4080312c:	ff049ae3          	bne	s1,a6,40803120 <user_add+0x120>
40803130:	00150713          	addi	a4,a0,1
40803134:	972e                	c.add	a4,a1
40803136:	18088613          	addi	a2,a7,384
4080313a:	002608b3          	add	a7,a2,sp
4080313e:	03a00593          	addi	a1,zero,58
40803142:	00168613          	addi	a2,a3,1
40803146:	974e                	c.add	a4,s3
40803148:	4080e6b7          	lui	a3,0x4080e
4080314c:	f0b88023          	sb	a1,-256(a7)
40803150:	963a                	c.add	a2,a4
40803152:	33068693          	addi	a3,a3,816 # 4080e330 <_str_crlf+0x1ee2>
40803156:	0006c803          	lbu	a6,0(a3)
4080315a:	0705                	c.addi	a4,1
4080315c:	0685                	c.addi	a3,1
4080315e:	ff070fa3          	sb	a6,-1(a4)
40803162:	fee61ae3          	bne	a2,a4,40803156 <user_add+0x156>
40803166:	00f90633          	add	a2,s2,a5
4080316a:	0609                	c.addi	a2,2
4080316c:	962a                	c.add	a2,a0
4080316e:	98ca                	c.add	a7,s2
40803170:	47a9                	c.li	a5,10
40803172:	f0f880a3          	sb	a5,-255(a7)
40803176:	85ce                	c.mv	a1,s3
40803178:	002607b3          	add	a5,a2,sp
4080317c:	33840513          	addi	a0,s0,824
40803180:	08078023          	sb	zero,128(a5)
40803184:	43a010ef          	jal	ra,408045be <vfs_write>
40803188:	18c12983          	lw	s3,396(sp)
4080318c:	892a                	c.mv	s2,a0
4080318e:	19c12083          	lw	ra,412(sp)
40803192:	19812403          	lw	s0,408(sp)
40803196:	19412483          	lw	s1,404(sp)
4080319a:	854a                	c.mv	a0,s2
4080319c:	19012903          	lw	s2,400(sp)
408031a0:	611d                	c.addi16sp	sp,416
408031a2:	8082                	c.jr	ra
408031a4:	4619                	c.li	a2,6
408031a6:	4401                	c.li	s0,0
408031a8:	bd65                	c.j	40803060 <user_add+0x60>
408031aa:	88aa                	c.mv	a7,a0
408031ac:	4781                	c.li	a5,0
408031ae:	4581                	c.li	a1,0
408031b0:	b799                	c.j	408030f6 <user_add+0xf6>
408031b2:	5979                	c.li	s2,-2
408031b4:	bfe9                	c.j	4080318e <user_add+0x18e>
408031b6:	18c12983          	lw	s3,396(sp)
408031ba:	5969                	c.li	s2,-6
408031bc:	bfc9                	c.j	4080318e <user_add+0x18e>

408031be <user_del>:
408031be:	df010113          	addi	sp,sp,-528
408031c2:	20812423          	sw	s0,520(sp)
408031c6:	20112623          	sw	ra,524(sp)
408031ca:	00054783          	lbu	a5,0(a0)
408031ce:	842a                	c.mv	s0,a0
408031d0:	c78d                	c.beqz	a5,408031fa <user_del+0x3c>
408031d2:	4080e737          	lui	a4,0x4080e
408031d6:	1a470713          	addi	a4,a4,420 # 4080e1a4 <_str_crlf+0x1d56>
408031da:	86aa                	c.mv	a3,a0
408031dc:	07200613          	addi	a2,zero,114
408031e0:	a811                	c.j	408031f4 <user_del+0x36>
408031e2:	0006c783          	lbu	a5,0(a3)
408031e6:	00170593          	addi	a1,a4,1
408031ea:	10078d63          	beq	a5,zero,40803304 <user_del+0x146>
408031ee:	00174603          	lbu	a2,1(a4)
408031f2:	872e                	c.mv	a4,a1
408031f4:	0685                	c.addi	a3,1
408031f6:	fef606e3          	beq	a2,a5,408031e2 <user_del+0x24>
408031fa:	20912223          	sw	s1,516(sp)
408031fe:	4080e4b7          	lui	s1,0x4080e
40803202:	858a                	c.mv	a1,sp
40803204:	33848513          	addi	a0,s1,824 # 4080e338 <_str_crlf+0x1eea>
40803208:	0ff00613          	addi	a2,zero,255
4080320c:	526010ef          	jal	ra,40804732 <vfs_read>
40803210:	10054063          	blt	a0,zero,40803310 <user_del+0x152>
40803214:	950a                	c.add	a0,sp
40803216:	00050023          	sb	zero,0(a0)
4080321a:	00014783          	lbu	a5,0(sp)
4080321e:	4601                	c.li	a2,0
40803220:	020c                	c.addi4spn	a1,sp,256
40803222:	c3c1                	c.beqz	a5,408032a2 <user_del+0xe4>
40803224:	00044f83          	lbu	t6,0(s0)
40803228:	888a                	c.mv	a7,sp
4080322a:	4601                	c.li	a2,0
4080322c:	020c                	c.addi4spn	a1,sp,256
4080322e:	4e29                	c.li	t3,10
40803230:	03a00293          	addi	t0,zero,58
40803234:	8746                	c.mv	a4,a7
40803236:	86be                	c.mv	a3,a5
40803238:	01c68663          	beq	a3,t3,40803244 <user_del+0x86>
4080323c:	00174683          	lbu	a3,1(a4)
40803240:	0705                	c.addi	a4,1
40803242:	fafd                	c.bnez	a3,40803238 <user_del+0x7a>
40803244:	41170eb3          	sub	t4,a4,a7
40803248:	0a0f8563          	beq	t6,zero,408032f2 <user_del+0x134>
4080324c:	4781                	c.li	a5,0
4080324e:	833e                	c.mv	t1,a5
40803250:	0785                	c.addi	a5,1
40803252:	00f40833          	add	a6,s0,a5
40803256:	00084803          	lbu	a6,0(a6)
4080325a:	fe081ae3          	bne	a6,zero,4080324e <user_del+0x90>
4080325e:	09d7d563          	bge	a5,t4,408032e8 <user_del+0x12a>
40803262:	97c6                	c.add	a5,a7
40803264:	0007c783          	lbu	a5,0(a5)
40803268:	00188813          	addi	a6,a7,1
4080326c:	04578d63          	beq	a5,t0,408032c6 <user_del+0x108>
40803270:	00c587b3          	add	a5,a1,a2
40803274:	a011                	c.j	40803278 <user_del+0xba>
40803276:	0805                	c.addi	a6,1
40803278:	fff84503          	lbu	a0,-1(a6)
4080327c:	0785                	c.addi	a5,1
4080327e:	fea78fa3          	sb	a0,-1(a5)
40803282:	fee81ae3          	bne	a6,a4,40803276 <user_del+0xb8>
40803286:	002607b3          	add	a5,a2,sp
4080328a:	97f6                	c.add	a5,t4
4080328c:	0e85                	c.addi	t4,1
4080328e:	11c78023          	sb	t3,256(a5)
40803292:	9676                	c.add	a2,t4
40803294:	00d037b3          	sltu	a5,zero,a3
40803298:	00f708b3          	add	a7,a4,a5
4080329c:	0008c783          	lbu	a5,0(a7)
408032a0:	fbd1                	c.bnez	a5,40803234 <user_del+0x76>
408032a2:	33848513          	addi	a0,s1,824
408032a6:	002607b3          	add	a5,a2,sp
408032aa:	10078023          	sb	zero,256(a5)
408032ae:	310010ef          	jal	ra,408045be <vfs_write>
408032b2:	20412483          	lw	s1,516(sp)
408032b6:	4501                	c.li	a0,0
408032b8:	20c12083          	lw	ra,524(sp)
408032bc:	20812403          	lw	s0,520(sp)
408032c0:	21010113          	addi	sp,sp,528
408032c4:	8082                	c.jr	ra
408032c6:	87c6                	c.mv	a5,a7
408032c8:	9342                	c.add	t1,a6
408032ca:	8522                	c.mv	a0,s0
408032cc:	a029                	c.j	408032d6 <user_del+0x118>
408032ce:	fc0883e3          	beq	a7,zero,40803294 <user_del+0xd6>
408032d2:	fc6781e3          	beq	a5,t1,40803294 <user_del+0xd6>
408032d6:	0007c883          	lbu	a7,0(a5)
408032da:	00054f03          	lbu	t5,0(a0)
408032de:	0785                	c.addi	a5,1
408032e0:	0505                	c.addi	a0,1
408032e2:	ffe886e3          	beq	a7,t5,408032ce <user_del+0x110>
408032e6:	b769                	c.j	40803270 <user_del+0xb2>
408032e8:	fbd056e3          	bge	zero,t4,40803294 <user_del+0xd6>
408032ec:	00188813          	addi	a6,a7,1
408032f0:	b741                	c.j	40803270 <user_del+0xb2>
408032f2:	fbd051e3          	bge	zero,t4,40803294 <user_del+0xd6>
408032f6:	03a00513          	addi	a0,zero,58
408032fa:	f8a78de3          	beq	a5,a0,40803294 <user_del+0xd6>
408032fe:	00188813          	addi	a6,a7,1
40803302:	b7bd                	c.j	40803270 <user_del+0xb2>
40803304:	00174783          	lbu	a5,1(a4)
40803308:	ee0799e3          	bne	a5,zero,408031fa <user_del+0x3c>
4080330c:	5575                	c.li	a0,-3
4080330e:	b76d                	c.j	408032b8 <user_del+0xfa>
40803310:	20412483          	lw	s1,516(sp)
40803314:	5565                	c.li	a0,-7
40803316:	b74d                	c.j	408032b8 <user_del+0xfa>

40803318 <user_set_perm>:
40803318:	de010113          	addi	sp,sp,-544
4080331c:	20812c23          	sw	s0,536(sp)
40803320:	20112e23          	sw	ra,540(sp)
40803324:	20912a23          	sw	s1,532(sp)
40803328:	21212823          	sw	s2,528(sp)
4080332c:	842a                	c.mv	s0,a0
4080332e:	14059063          	bne	a1,zero,4080346e <user_set_perm+0x156>
40803332:	4080e4b7          	lui	s1,0x4080e
40803336:	1a448493          	addi	s1,s1,420 # 4080e1a4 <_str_crlf+0x1d56>
4080333a:	4080e937          	lui	s2,0x4080e
4080333e:	858a                	c.mv	a1,sp
40803340:	33890513          	addi	a0,s2,824 # 4080e338 <_str_crlf+0x1eea>
40803344:	0ff00613          	addi	a2,zero,255
40803348:	3ea010ef          	jal	ra,40804732 <vfs_read>
4080334c:	1c054663          	blt	a0,zero,40803518 <user_set_perm+0x200>
40803350:	950a                	c.add	a0,sp
40803352:	00050023          	sb	zero,0(a0)
40803356:	00014783          	lbu	a5,0(sp)
4080335a:	1a078363          	beq	a5,zero,40803500 <user_set_perm+0x1e8>
4080335e:	21312623          	sw	s3,524(sp)
40803362:	21412423          	sw	s4,520(sp)
40803366:	21512223          	sw	s5,516(sp)
4080336a:	00044f83          	lbu	t6,0(s0)
4080336e:	880a                	c.mv	a6,sp
40803370:	4981                	c.li	s3,0
40803372:	4601                	c.li	a2,0
40803374:	4329                	c.li	t1,10
40803376:	10010393          	addi	t2,sp,256
4080337a:	03a00293          	addi	t0,zero,58
4080337e:	8742                	c.mv	a4,a6
40803380:	86be                	c.mv	a3,a5
40803382:	00668663          	beq	a3,t1,4080338e <user_set_perm+0x76>
40803386:	00174683          	lbu	a3,1(a4)
4080338a:	0705                	c.addi	a4,1
4080338c:	fafd                	c.bnez	a3,40803382 <user_set_perm+0x6a>
4080338e:	41070f33          	sub	t5,a4,a6
40803392:	0c0f8263          	beq	t6,zero,40803456 <user_set_perm+0x13e>
40803396:	4781                	c.li	a5,0
40803398:	853e                	c.mv	a0,a5
4080339a:	0785                	c.addi	a5,1
4080339c:	00f405b3          	add	a1,s0,a5
408033a0:	0005c583          	lbu	a1,0(a1)
408033a4:	8e3e                	c.mv	t3,a5
408033a6:	f9ed                	c.bnez	a1,40803398 <user_set_perm+0x80>
408033a8:	0be7d263          	bge	a5,t5,4080344c <user_set_perm+0x134>
408033ac:	00f805b3          	add	a1,a6,a5
408033b0:	0005c583          	lbu	a1,0(a1)
408033b4:	00180893          	addi	a7,a6,1
408033b8:	06558863          	beq	a1,t0,40803428 <user_set_perm+0x110>
408033bc:	00c387b3          	add	a5,t2,a2
408033c0:	a011                	c.j	408033c4 <user_set_perm+0xac>
408033c2:	0885                	c.addi	a7,1
408033c4:	fff8c583          	lbu	a1,-1(a7)
408033c8:	0785                	c.addi	a5,1
408033ca:	feb78fa3          	sb	a1,-1(a5)
408033ce:	fee89ae3          	bne	a7,a4,408033c2 <user_set_perm+0xaa>
408033d2:	002607b3          	add	a5,a2,sp
408033d6:	97fa                	c.add	a5,t5
408033d8:	0f05                	c.addi	t5,1
408033da:	10678023          	sb	t1,256(a5)
408033de:	967a                	c.add	a2,t5
408033e0:	00d035b3          	sltu	a1,zero,a3
408033e4:	00b70833          	add	a6,a4,a1
408033e8:	00084783          	lbu	a5,0(a6)
408033ec:	fbc9                	c.bnez	a5,4080337e <user_set_perm+0x66>
408033ee:	10098363          	beq	s3,zero,408034f4 <user_set_perm+0x1dc>
408033f2:	002607b3          	add	a5,a2,sp
408033f6:	33890513          	addi	a0,s2,824
408033fa:	020c                	c.addi4spn	a1,sp,256
408033fc:	10078023          	sb	zero,256(a5)
40803400:	1be010ef          	jal	ra,408045be <vfs_write>
40803404:	20c12983          	lw	s3,524(sp)
40803408:	20812a03          	lw	s4,520(sp)
4080340c:	20412a83          	lw	s5,516(sp)
40803410:	4501                	c.li	a0,0
40803412:	21c12083          	lw	ra,540(sp)
40803416:	21812403          	lw	s0,536(sp)
4080341a:	21412483          	lw	s1,532(sp)
4080341e:	21012903          	lw	s2,528(sp)
40803422:	22010113          	addi	sp,sp,544
40803426:	8082                	c.jr	ra
40803428:	85c2                	c.mv	a1,a6
4080342a:	00a88ab3          	add	s5,a7,a0
4080342e:	8822                	c.mv	a6,s0
40803430:	a029                	c.j	4080343a <user_set_perm+0x122>
40803432:	040e8363          	beq	t4,zero,40803478 <user_set_perm+0x160>
40803436:	05558163          	beq	a1,s5,40803478 <user_set_perm+0x160>
4080343a:	0005ce83          	lbu	t4,0(a1)
4080343e:	00084a03          	lbu	s4,0(a6)
40803442:	0585                	c.addi	a1,1
40803444:	0805                	c.addi	a6,1
40803446:	ff4e86e3          	beq	t4,s4,40803432 <user_set_perm+0x11a>
4080344a:	bf8d                	c.j	408033bc <user_set_perm+0xa4>
4080344c:	00180893          	addi	a7,a6,1
40803450:	f9e058e3          	bge	zero,t5,408033e0 <user_set_perm+0xc8>
40803454:	b7a5                	c.j	408033bc <user_set_perm+0xa4>
40803456:	f9e055e3          	bge	zero,t5,408033e0 <user_set_perm+0xc8>
4080345a:	03a00593          	addi	a1,zero,58
4080345e:	00180893          	addi	a7,a6,1
40803462:	f4b79de3          	bne	a5,a1,408033bc <user_set_perm+0xa4>
40803466:	87b2                	c.mv	a5,a2
40803468:	4e01                	c.li	t3,0
4080346a:	4505                	c.li	a0,1
4080346c:	a03d                	c.j	4080349a <user_set_perm+0x182>
4080346e:	4080e4b7          	lui	s1,0x4080e
40803472:	33048493          	addi	s1,s1,816 # 4080e330 <_str_crlf+0x1ee2>
40803476:	b5d1                	c.j	4080333a <user_set_perm+0x22>
40803478:	10010813          	addi	a6,sp,256
4080347c:	00150e93          	addi	t4,a0,1
40803480:	9832                	c.add	a6,a2
40803482:	9ea2                	c.add	t4,s0
40803484:	85a2                	c.mv	a1,s0
40803486:	0005c883          	lbu	a7,0(a1)
4080348a:	0585                	c.addi	a1,1
4080348c:	0805                	c.addi	a6,1
4080348e:	ff180fa3          	sb	a7,-1(a6)
40803492:	febe9ae3          	bne	t4,a1,40803486 <user_set_perm+0x16e>
40803496:	97b2                	c.add	a5,a2
40803498:	0509                	c.addi	a0,2
4080349a:	0004c803          	lbu	a6,0(s1)
4080349e:	002785b3          	add	a1,a5,sp
408034a2:	03a00893          	addi	a7,zero,58
408034a6:	11158023          	sb	a7,256(a1)
408034aa:	4581                	c.li	a1,0
408034ac:	02080b63          	beq	a6,zero,408034e2 <user_set_perm+0x1ca>
408034b0:	0585                	c.addi	a1,1
408034b2:	00b488b3          	add	a7,s1,a1
408034b6:	0008c883          	lbu	a7,0(a7)
408034ba:	fe089be3          	bne	a7,zero,408034b0 <user_set_perm+0x198>
408034be:	00160e93          	addi	t4,a2,1
408034c2:	9ef2                	c.add	t4,t3
408034c4:	10010893          	addi	a7,sp,256
408034c8:	00b48e33          	add	t3,s1,a1
408034cc:	98f6                	c.add	a7,t4
408034ce:	8826                	c.mv	a6,s1
408034d0:	00084e83          	lbu	t4,0(a6)
408034d4:	0805                	c.addi	a6,1
408034d6:	0885                	c.addi	a7,1
408034d8:	ffd88fa3          	sb	t4,-1(a7)
408034dc:	ffc81ae3          	bne	a6,t3,408034d0 <user_set_perm+0x1b8>
408034e0:	952e                	c.add	a0,a1
408034e2:	958a                	c.add	a1,sp
408034e4:	97ae                	c.add	a5,a1
408034e6:	0505                	c.addi	a0,1
408034e8:	45a9                	c.li	a1,10
408034ea:	962a                	c.add	a2,a0
408034ec:	10b780a3          	sb	a1,257(a5)
408034f0:	4985                	c.li	s3,1
408034f2:	b5fd                	c.j	408033e0 <user_set_perm+0xc8>
408034f4:	20c12983          	lw	s3,524(sp)
408034f8:	20812a03          	lw	s4,520(sp)
408034fc:	20412a83          	lw	s5,516(sp)
40803500:	21c12083          	lw	ra,540(sp)
40803504:	21812403          	lw	s0,536(sp)
40803508:	21412483          	lw	s1,532(sp)
4080350c:	21012903          	lw	s2,528(sp)
40803510:	557d                	c.li	a0,-1
40803512:	22010113          	addi	sp,sp,544
40803516:	8082                	c.jr	ra
40803518:	5565                	c.li	a0,-7
4080351a:	bde5                	c.j	40803412 <user_set_perm+0xfa>

4080351c <_ZL8cmd_userPKc>:
4080351c:	715d                	c.addi16sp	sp,-80
4080351e:	c686                	c.swsp	ra,76(sp)
40803520:	c4a2                	c.swsp	s0,72(sp)
40803522:	00054783          	lbu	a5,0(a0)
40803526:	cfe9                	c.beqz	a5,40803600 <_ZL8cmd_userPKc+0xe4>
40803528:	4080d737          	lui	a4,0x4080d
4080352c:	ab470713          	addi	a4,a4,-1356 # 4080cab4 <_str_crlf+0x666>
40803530:	86aa                	c.mv	a3,a0
40803532:	02d00613          	addi	a2,zero,45
40803536:	a809                	c.j	40803548 <_ZL8cmd_userPKc+0x2c>
40803538:	0006c783          	lbu	a5,0(a3)
4080353c:	00170593          	addi	a1,a4,1
40803540:	cfcd                	c.beqz	a5,408035fa <_ZL8cmd_userPKc+0xde>
40803542:	00174603          	lbu	a2,1(a4)
40803546:	872e                	c.mv	a4,a1
40803548:	0685                	c.addi	a3,1
4080354a:	fef607e3          	beq	a2,a5,40803538 <_ZL8cmd_userPKc+0x1c>
4080354e:	858a                	c.mv	a1,sp
40803550:	4641                	c.li	a2,16
40803552:	8fcff0ef          	jal	ra,4080264e <tok_next>
40803556:	100c                	c.addi4spn	a1,sp,32
40803558:	02000613          	addi	a2,zero,32
4080355c:	8f2ff0ef          	jal	ra,4080264e <tok_next>
40803560:	00014803          	lbu	a6,0(sp)
40803564:	08080063          	beq	a6,zero,408035e4 <_ZL8cmd_userPKc+0xc8>
40803568:	4080e737          	lui	a4,0x4080e
4080356c:	3a870713          	addi	a4,a4,936 # 4080e3a8 <_str_crlf+0x1f5a>
40803570:	87c2                	c.mv	a5,a6
40803572:	02d00613          	addi	a2,zero,45
40803576:	868a                	c.mv	a3,sp
40803578:	a809                	c.j	4080358a <_ZL8cmd_userPKc+0x6e>
4080357a:	0006c783          	lbu	a5,0(a3)
4080357e:	00174603          	lbu	a2,1(a4)
40803582:	00170593          	addi	a1,a4,1
40803586:	c789                	c.beqz	a5,40803590 <_ZL8cmd_userPKc+0x74>
40803588:	872e                	c.mv	a4,a1
4080358a:	0685                	c.addi	a3,1
4080358c:	fef607e3          	beq	a2,a5,4080357a <_ZL8cmd_userPKc+0x5e>
40803590:	0ac78f63          	beq	a5,a2,4080364e <_ZL8cmd_userPKc+0x132>
40803594:	4080e7b7          	lui	a5,0x4080e
40803598:	3cc78793          	addi	a5,a5,972 # 4080e3cc <_str_crlf+0x1f7e>
4080359c:	86c2                	c.mv	a3,a6
4080359e:	02d00613          	addi	a2,zero,45
408035a2:	870a                	c.mv	a4,sp
408035a4:	a809                	c.j	408035b6 <_ZL8cmd_userPKc+0x9a>
408035a6:	00074683          	lbu	a3,0(a4)
408035aa:	00178593          	addi	a1,a5,1
408035ae:	caad                	c.beqz	a3,40803620 <_ZL8cmd_userPKc+0x104>
408035b0:	0017c603          	lbu	a2,1(a5)
408035b4:	87ae                	c.mv	a5,a1
408035b6:	0705                	c.addi	a4,1
408035b8:	fed607e3          	beq	a2,a3,408035a6 <_ZL8cmd_userPKc+0x8a>
408035bc:	4080e7b7          	lui	a5,0x4080e
408035c0:	3f878793          	addi	a5,a5,1016 # 4080e3f8 <_str_crlf+0x1faa>
408035c4:	02d00693          	addi	a3,zero,45
408035c8:	870a                	c.mv	a4,sp
408035ca:	a811                	c.j	408035de <_ZL8cmd_userPKc+0xc2>
408035cc:	00074803          	lbu	a6,0(a4)
408035d0:	00178613          	addi	a2,a5,1
408035d4:	08080d63          	beq	a6,zero,4080366e <_ZL8cmd_userPKc+0x152>
408035d8:	0017c683          	lbu	a3,1(a5)
408035dc:	87b2                	c.mv	a5,a2
408035de:	0705                	c.addi	a4,1
408035e0:	ff0686e3          	beq	a3,a6,408035cc <_ZL8cmd_userPKc+0xb0>
408035e4:	4080e537          	lui	a0,0x4080e
408035e8:	858a                	c.mv	a1,sp
408035ea:	48450513          	addi	a0,a0,1156 # 4080e484 <_str_crlf+0x2036>
408035ee:	f8afd0ef          	jal	ra,40800d78 <kprintf>
408035f2:	40b6                	c.lwsp	ra,76(sp)
408035f4:	4426                	c.lwsp	s0,72(sp)
408035f6:	6161                	c.addi16sp	sp,80
408035f8:	8082                	c.jr	ra
408035fa:	00174783          	lbu	a5,1(a4)
408035fe:	fba1                	c.bnez	a5,4080354e <_ZL8cmd_userPKc+0x32>
40803600:	4080e437          	lui	s0,0x4080e
40803604:	34840413          	addi	s0,s0,840 # 4080e348 <_str_crlf+0x1efa>
40803608:	07500513          	addi	a0,zero,117
4080360c:	0405                	c.addi	s0,1
4080360e:	acefd0ef          	jal	ra,408008dc <uart_putc>
40803612:	00044503          	lbu	a0,0(s0)
40803616:	f97d                	c.bnez	a0,4080360c <_ZL8cmd_userPKc+0xf0>
40803618:	40b6                	c.lwsp	ra,76(sp)
4080361a:	4426                	c.lwsp	s0,72(sp)
4080361c:	6161                	c.addi16sp	sp,80
4080361e:	8082                	c.jr	ra
40803620:	0017c783          	lbu	a5,1(a5)
40803624:	ffc1                	c.bnez	a5,408035bc <_ZL8cmd_userPKc+0xa0>
40803626:	4081a7b7          	lui	a5,0x4081a
4080362a:	41c7a783          	lw	a5,1052(a5) # 4081a41c <g_user_level>
4080362e:	efc5                	c.bnez	a5,408036e6 <_ZL8cmd_userPKc+0x1ca>
40803630:	02014783          	lbu	a5,32(sp)
40803634:	10078d63          	beq	a5,zero,4080374e <_ZL8cmd_userPKc+0x232>
40803638:	1008                	c.addi4spn	a0,sp,32
4080363a:	3651                	c.jal	408031be <user_del>
4080363c:	ed19                	c.bnez	a0,4080365a <_ZL8cmd_userPKc+0x13e>
4080363e:	4080e537          	lui	a0,0x4080e
40803642:	100c                	c.addi4spn	a1,sp,32
40803644:	44c50513          	addi	a0,a0,1100 # 4080e44c <_str_crlf+0x1ffe>
40803648:	f30fd0ef          	jal	ra,40800d78 <kprintf>
4080364c:	b75d                	c.j	408035f2 <_ZL8cmd_userPKc+0xd6>
4080364e:	02014783          	lbu	a5,32(sp)
40803652:	c7e1                	c.beqz	a5,4080371a <_ZL8cmd_userPKc+0x1fe>
40803654:	1008                	c.addi4spn	a0,sp,32
40803656:	326d                	c.jal	40803000 <user_add>
40803658:	cd3d                	c.beqz	a0,408036d6 <_ZL8cmd_userPKc+0x1ba>
4080365a:	50d000ef          	jal	ra,40804366 <kerr_str>
4080365e:	85aa                	c.mv	a1,a0
40803660:	4080e537          	lui	a0,0x4080e
40803664:	42c50513          	addi	a0,a0,1068 # 4080e42c <_str_crlf+0x1fde>
40803668:	f10fd0ef          	jal	ra,40800d78 <kprintf>
4080366c:	b759                	c.j	408035f2 <_ZL8cmd_userPKc+0xd6>
4080366e:	0017c783          	lbu	a5,1(a5)
40803672:	fbad                	c.bnez	a5,408035e4 <_ZL8cmd_userPKc+0xc8>
40803674:	4081a7b7          	lui	a5,0x4081a
40803678:	41c7a783          	lw	a5,1052(a5) # 4081a41c <g_user_level>
4080367c:	e3d1                	c.bnez	a5,40803700 <_ZL8cmd_userPKc+0x1e4>
4080367e:	080c                	c.addi4spn	a1,sp,16
40803680:	4641                	c.li	a2,16
40803682:	fcdfe0ef          	jal	ra,4080264e <tok_next>
40803686:	02014783          	lbu	a5,32(sp)
4080368a:	c7cd                	c.beqz	a5,40803734 <_ZL8cmd_userPKc+0x218>
4080368c:	01014783          	lbu	a5,16(sp)
40803690:	c3d5                	c.beqz	a5,40803734 <_ZL8cmd_userPKc+0x218>
40803692:	4080e737          	lui	a4,0x4080e
40803696:	1a470713          	addi	a4,a4,420 # 4080e1a4 <_str_crlf+0x1d56>
4080369a:	07200613          	addi	a2,zero,114
4080369e:	0814                	c.addi4spn	a3,sp,16
408036a0:	a809                	c.j	408036b2 <_ZL8cmd_userPKc+0x196>
408036a2:	0006c783          	lbu	a5,0(a3)
408036a6:	00174603          	lbu	a2,1(a4)
408036aa:	00170593          	addi	a1,a4,1
408036ae:	c789                	c.beqz	a5,408036b8 <_ZL8cmd_userPKc+0x19c>
408036b0:	872e                	c.mv	a4,a1
408036b2:	0685                	c.addi	a3,1
408036b4:	fef607e3          	beq	a2,a5,408036a2 <_ZL8cmd_userPKc+0x186>
408036b8:	8f91                	c.sub	a5,a2
408036ba:	00f035b3          	sltu	a1,zero,a5
408036be:	1008                	c.addi4spn	a0,sp,32
408036c0:	39a1                	c.jal	40803318 <user_set_perm>
408036c2:	fd41                	c.bnez	a0,4080365a <_ZL8cmd_userPKc+0x13e>
408036c4:	4080e537          	lui	a0,0x4080e
408036c8:	0810                	c.addi4spn	a2,sp,16
408036ca:	100c                	c.addi4spn	a1,sp,32
408036cc:	46050513          	addi	a0,a0,1120 # 4080e460 <_str_crlf+0x2012>
408036d0:	ea8fd0ef          	jal	ra,40800d78 <kprintf>
408036d4:	bf39                	c.j	408035f2 <_ZL8cmd_userPKc+0xd6>
408036d6:	4080e537          	lui	a0,0x4080e
408036da:	100c                	c.addi4spn	a1,sp,32
408036dc:	43850513          	addi	a0,a0,1080 # 4080e438 <_str_crlf+0x1fea>
408036e0:	e98fd0ef          	jal	ra,40800d78 <kprintf>
408036e4:	b739                	c.j	408035f2 <_ZL8cmd_userPKc+0xd6>
408036e6:	4080e437          	lui	s0,0x4080e
408036ea:	3d440413          	addi	s0,s0,980 # 4080e3d4 <_str_crlf+0x1f86>
408036ee:	07500513          	addi	a0,zero,117
408036f2:	0405                	c.addi	s0,1
408036f4:	9e8fd0ef          	jal	ra,408008dc <uart_putc>
408036f8:	00044503          	lbu	a0,0(s0)
408036fc:	f97d                	c.bnez	a0,408036f2 <_ZL8cmd_userPKc+0x1d6>
408036fe:	bdd5                	c.j	408035f2 <_ZL8cmd_userPKc+0xd6>
40803700:	4080e437          	lui	s0,0x4080e
40803704:	3d440413          	addi	s0,s0,980 # 4080e3d4 <_str_crlf+0x1f86>
40803708:	07500513          	addi	a0,zero,117
4080370c:	0405                	c.addi	s0,1
4080370e:	9cefd0ef          	jal	ra,408008dc <uart_putc>
40803712:	00044503          	lbu	a0,0(s0)
40803716:	f97d                	c.bnez	a0,4080370c <_ZL8cmd_userPKc+0x1f0>
40803718:	bde9                	c.j	408035f2 <_ZL8cmd_userPKc+0xd6>
4080371a:	4080e437          	lui	s0,0x4080e
4080371e:	3b040413          	addi	s0,s0,944 # 4080e3b0 <_str_crlf+0x1f62>
40803722:	07500513          	addi	a0,zero,117
40803726:	0405                	c.addi	s0,1
40803728:	9b4fd0ef          	jal	ra,408008dc <uart_putc>
4080372c:	00044503          	lbu	a0,0(s0)
40803730:	f97d                	c.bnez	a0,40803726 <_ZL8cmd_userPKc+0x20a>
40803732:	b5c1                	c.j	408035f2 <_ZL8cmd_userPKc+0xd6>
40803734:	4080e437          	lui	s0,0x4080e
40803738:	40040413          	addi	s0,s0,1024 # 4080e400 <_str_crlf+0x1fb2>
4080373c:	07500513          	addi	a0,zero,117
40803740:	0405                	c.addi	s0,1
40803742:	99afd0ef          	jal	ra,408008dc <uart_putc>
40803746:	00044503          	lbu	a0,0(s0)
4080374a:	f97d                	c.bnez	a0,40803740 <_ZL8cmd_userPKc+0x224>
4080374c:	b55d                	c.j	408035f2 <_ZL8cmd_userPKc+0xd6>
4080374e:	4080e437          	lui	s0,0x4080e
40803752:	3b040413          	addi	s0,s0,944 # 4080e3b0 <_str_crlf+0x1f62>
40803756:	07500513          	addi	a0,zero,117
4080375a:	0405                	c.addi	s0,1
4080375c:	980fd0ef          	jal	ra,408008dc <uart_putc>
40803760:	00044503          	lbu	a0,0(s0)
40803764:	f97d                	c.bnez	a0,4080375a <_ZL8cmd_userPKc+0x23e>
40803766:	b571                	c.j	408035f2 <_ZL8cmd_userPKc+0xd6>

40803768 <user_switch>:
40803768:	7125                	c.addi16sp	sp,-416
4080376a:	4080e7b7          	lui	a5,0x4080e
4080376e:	18912a23          	sw	s1,404(sp)
40803772:	010c                	c.addi4spn	a1,sp,128
40803774:	84aa                	c.mv	s1,a0
40803776:	0ff00613          	addi	a2,zero,255
4080377a:	33878513          	addi	a0,a5,824 # 4080e338 <_str_crlf+0x1eea>
4080377e:	18112e23          	sw	ra,412(sp)
40803782:	7b1000ef          	jal	ra,40804732 <vfs_read>
40803786:	18054c63          	blt	a0,zero,4080391e <user_switch+0x1b6>
4080378a:	18812c23          	sw	s0,408(sp)
4080378e:	19212823          	sw	s2,400(sp)
40803792:	19312623          	sw	s3,396(sp)
40803796:	950a                	c.add	a0,sp
40803798:	08050023          	sb	zero,128(a0)
4080379c:	010c                	c.addi4spn	a1,sp,128
4080379e:	4629                	c.li	a2,10
408037a0:	03a00e13          	addi	t3,zero,58
408037a4:	0005c683          	lbu	a3,0(a1)
408037a8:	c6b1                	c.beqz	a3,408037f4 <user_switch+0x8c>
408037aa:	87ae                	c.mv	a5,a1
408037ac:	8736                	c.mv	a4,a3
408037ae:	00c70663          	beq	a4,a2,408037ba <user_switch+0x52>
408037b2:	0017c703          	lbu	a4,1(a5)
408037b6:	0785                	c.addi	a5,1
408037b8:	fb7d                	c.bnez	a4,408037ae <user_switch+0x46>
408037ba:	0004c503          	lbu	a0,0(s1)
408037be:	40b78833          	sub	a6,a5,a1
408037c2:	4401                	c.li	s0,0
408037c4:	12050e63          	beq	a0,zero,40803900 <user_switch+0x198>
408037c8:	8922                	c.mv	s2,s0
408037ca:	0405                	c.addi	s0,1
408037cc:	008486b3          	add	a3,s1,s0
408037d0:	0006c683          	lbu	a3,0(a3)
408037d4:	faf5                	c.bnez	a3,408037c8 <user_switch+0x60>
408037d6:	01045863          	bge	s0,a6,408037e6 <user_switch+0x7e>
408037da:	008586b3          	add	a3,a1,s0
408037de:	0006c683          	lbu	a3,0(a3)
408037e2:	03c68663          	beq	a3,t3,4080380e <user_switch+0xa6>
408037e6:	00178593          	addi	a1,a5,1
408037ea:	ff4d                	c.bnez	a4,408037a4 <user_switch+0x3c>
408037ec:	85be                	c.mv	a1,a5
408037ee:	0005c683          	lbu	a3,0(a1)
408037f2:	fec5                	c.bnez	a3,408037aa <user_switch+0x42>
408037f4:	19812403          	lw	s0,408(sp)
408037f8:	19012903          	lw	s2,400(sp)
408037fc:	18c12983          	lw	s3,396(sp)
40803800:	557d                	c.li	a0,-1
40803802:	19c12083          	lw	ra,412(sp)
40803806:	19412483          	lw	s1,404(sp)
4080380a:	611d                	c.addi16sp	sp,416
4080380c:	8082                	c.jr	ra
4080380e:	00158313          	addi	t1,a1,1
40803812:	934a                	c.add	t1,s2
40803814:	86ae                	c.mv	a3,a1
40803816:	8526                	c.mv	a0,s1
40803818:	a019                	c.j	4080381e <user_switch+0xb6>
4080381a:	00668c63          	beq	a3,t1,40803832 <user_switch+0xca>
4080381e:	0006c883          	lbu	a7,0(a3)
40803822:	00054803          	lbu	a6,0(a0)
40803826:	0685                	c.addi	a3,1
40803828:	0505                	c.addi	a0,1
4080382a:	fb181ee3          	bne	a6,a7,408037e6 <user_switch+0x7e>
4080382e:	fe0816e3          	bne	a6,zero,4080381a <user_switch+0xb2>
40803832:	00290793          	addi	a5,s2,2
40803836:	00790993          	addi	s3,s2,7
4080383a:	40812537          	lui	a0,0x40812
4080383e:	26850513          	addi	a0,a0,616 # 40812268 <g_hostname>
40803842:	02050693          	addi	a3,a0,32
40803846:	8726                	c.mv	a4,s1
40803848:	03e50513          	addi	a0,a0,62
4080384c:	00074603          	lbu	a2,0(a4)
40803850:	0705                	c.addi	a4,1
40803852:	c611                	c.beqz	a2,4080385e <user_switch+0xf6>
40803854:	0685                	c.addi	a3,1
40803856:	fec68fa3          	sb	a2,-1(a3)
4080385a:	fea699e3          	bne	a3,a0,4080384c <user_switch+0xe4>
4080385e:	4080e737          	lui	a4,0x4080e
40803862:	1a470713          	addi	a4,a4,420 # 4080e1a4 <_str_crlf+0x1d56>
40803866:	97ae                	c.add	a5,a1
40803868:	00068023          	sb	zero,0(a3)
4080386c:	00470593          	addi	a1,a4,4
40803870:	0007c683          	lbu	a3,0(a5)
40803874:	00074603          	lbu	a2,0(a4)
40803878:	0785                	c.addi	a5,1
4080387a:	0705                	c.addi	a4,1
4080387c:	08c69c63          	bne	a3,a2,40803914 <user_switch+0x1ac>
40803880:	c299                	c.beqz	a3,40803886 <user_switch+0x11e>
40803882:	feb717e3          	bne	a4,a1,40803870 <user_switch+0x108>
40803886:	4781                	c.li	a5,0
40803888:	4080e537          	lui	a0,0x4080e
4080388c:	4081a737          	lui	a4,0x4081a
40803890:	1ac50513          	addi	a0,a0,428 # 4080e1ac <_str_crlf+0x1d5e>
40803894:	85a6                	c.mv	a1,s1
40803896:	40f72e23          	sw	a5,1052(a4) # 4081a41c <g_user_level>
4080389a:	b5eff0ef          	jal	ra,40802bf8 <env_set>
4080389e:	4080e7b7          	lui	a5,0x4080e
408038a2:	870a                	c.mv	a4,sp
408038a4:	31078793          	addi	a5,a5,784 # 4080e310 <_str_crlf+0x1ec2>
408038a8:	0007c683          	lbu	a3,0(a5)
408038ac:	0785                	c.addi	a5,1
408038ae:	0705                	c.addi	a4,1
408038b0:	fed70fa3          	sb	a3,-1(a4)
408038b4:	faf5                	c.bnez	a3,408038a8 <user_switch+0x140>
408038b6:	00190693          	addi	a3,s2,1
408038ba:	96a6                	c.add	a3,s1
408038bc:	00610793          	addi	a5,sp,6
408038c0:	c809                	c.beqz	s0,408038d2 <user_switch+0x16a>
408038c2:	0004c703          	lbu	a4,0(s1)
408038c6:	0485                	c.addi	s1,1
408038c8:	0785                	c.addi	a5,1
408038ca:	fee78fa3          	sb	a4,-1(a5)
408038ce:	fed49ae3          	bne	s1,a3,408038c2 <user_switch+0x15a>
408038d2:	4080e537          	lui	a0,0x4080e
408038d6:	998a                	c.add	s3,sp
408038d8:	858a                	c.mv	a1,sp
408038da:	19c50513          	addi	a0,a0,412 # 4080e19c <_str_crlf+0x1d4e>
408038de:	00098023          	sb	zero,0(s3)
408038e2:	b16ff0ef          	jal	ra,40802bf8 <env_set>
408038e6:	19c12083          	lw	ra,412(sp)
408038ea:	19812403          	lw	s0,408(sp)
408038ee:	19012903          	lw	s2,400(sp)
408038f2:	18c12983          	lw	s3,396(sp)
408038f6:	19412483          	lw	s1,404(sp)
408038fa:	4501                	c.li	a0,0
408038fc:	611d                	c.addi16sp	sp,416
408038fe:	8082                	c.jr	ra
40803900:	ef0053e3          	bge	zero,a6,408037e6 <user_switch+0x7e>
40803904:	03a00513          	addi	a0,zero,58
40803908:	eca69fe3          	bne	a3,a0,408037e6 <user_switch+0x7e>
4080390c:	597d                	c.li	s2,-1
4080390e:	4999                	c.li	s3,6
40803910:	4785                	c.li	a5,1
40803912:	b725                	c.j	4080383a <user_switch+0xd2>
40803914:	40c687b3          	sub	a5,a3,a2
40803918:	00f037b3          	sltu	a5,zero,a5
4080391c:	b7b5                	c.j	40803888 <user_switch+0x120>
4080391e:	5565                	c.li	a0,-7
40803920:	b5cd                	c.j	40803802 <user_switch+0x9a>

40803922 <_ZL6cmd_suPKc>:
40803922:	7179                	c.addi16sp	sp,-48
40803924:	d606                	c.swsp	ra,44(sp)
40803926:	d422                	c.swsp	s0,40(sp)
40803928:	00054783          	lbu	a5,0(a0)
4080392c:	c3b9                	c.beqz	a5,40803972 <_ZL6cmd_suPKc+0x50>
4080392e:	4080d737          	lui	a4,0x4080d
40803932:	ab470713          	addi	a4,a4,-1356 # 4080cab4 <_str_crlf+0x666>
40803936:	86aa                	c.mv	a3,a0
40803938:	02d00613          	addi	a2,zero,45
4080393c:	a809                	c.j	4080394e <_ZL6cmd_suPKc+0x2c>
4080393e:	0006c783          	lbu	a5,0(a3)
40803942:	00170593          	addi	a1,a4,1
40803946:	c39d                	c.beqz	a5,4080396c <_ZL6cmd_suPKc+0x4a>
40803948:	00174603          	lbu	a2,1(a4)
4080394c:	872e                	c.mv	a4,a1
4080394e:	0685                	c.addi	a3,1
40803950:	fef607e3          	beq	a2,a5,4080393e <_ZL6cmd_suPKc+0x1c>
40803954:	858a                	c.mv	a1,sp
40803956:	02000613          	addi	a2,zero,32
4080395a:	cf5fe0ef          	jal	ra,4080264e <tok_next>
4080395e:	850a                	c.mv	a0,sp
40803960:	3521                	c.jal	40803768 <user_switch>
40803962:	e905                	c.bnez	a0,40803992 <_ZL6cmd_suPKc+0x70>
40803964:	50b2                	c.lwsp	ra,44(sp)
40803966:	5422                	c.lwsp	s0,40(sp)
40803968:	6145                	c.addi16sp	sp,48
4080396a:	8082                	c.jr	ra
4080396c:	00174783          	lbu	a5,1(a4)
40803970:	f3f5                	c.bnez	a5,40803954 <_ZL6cmd_suPKc+0x32>
40803972:	4080e437          	lui	s0,0x4080e
40803976:	4a040413          	addi	s0,s0,1184 # 4080e4a0 <_str_crlf+0x2052>
4080397a:	07300513          	addi	a0,zero,115
4080397e:	0405                	c.addi	s0,1
40803980:	f5dfc0ef          	jal	ra,408008dc <uart_putc>
40803984:	00044503          	lbu	a0,0(s0)
40803988:	f97d                	c.bnez	a0,4080397e <_ZL6cmd_suPKc+0x5c>
4080398a:	50b2                	c.lwsp	ra,44(sp)
4080398c:	5422                	c.lwsp	s0,40(sp)
4080398e:	6145                	c.addi16sp	sp,48
40803990:	8082                	c.jr	ra
40803992:	4080e537          	lui	a0,0x4080e
40803996:	858a                	c.mv	a1,sp
40803998:	4c850513          	addi	a0,a0,1224 # 4080e4c8 <_str_crlf+0x207a>
4080399c:	bdcfd0ef          	jal	ra,40800d78 <kprintf>
408039a0:	50b2                	c.lwsp	ra,44(sp)
408039a2:	5422                	c.lwsp	s0,40(sp)
408039a4:	6145                	c.addi16sp	sp,48
408039a6:	8082                	c.jr	ra

408039a8 <pipe_putc>:
408039a8:	4081a7b7          	lui	a5,0x4081a
408039ac:	4187a783          	lw	a5,1048(a5) # 4081a418 <g_pipe_buf>
408039b0:	c385                	c.beqz	a5,408039d0 <pipe_putc+0x28>
408039b2:	4081a637          	lui	a2,0x4081a
408039b6:	41462683          	lw	a3,1044(a2) # 4081a414 <g_pipe_pos>
408039ba:	6705                	c.lui	a4,0x1
408039bc:	1779                	c.addi	a4,-2 # ffe <_kernel_start-0x407ff002>
408039be:	00d74963          	blt	a4,a3,408039d0 <pipe_putc+0x28>
408039c2:	00168713          	addi	a4,a3,1
408039c6:	97b6                	c.add	a5,a3
408039c8:	40e62a23          	sw	a4,1044(a2)
408039cc:	00a78023          	sb	a0,0(a5)
408039d0:	8082                	c.jr	ra

408039d2 <console_dispatch>:
408039d2:	00054783          	lbu	a5,0(a0)
408039d6:	c385                	c.beqz	a5,408039f6 <console_dispatch+0x24>
408039d8:	7135                	c.addi16sp	sp,-160
408039da:	cd22                	c.swsp	s0,152(sp)
408039dc:	cf06                	c.swsp	ra,156(sp)
408039de:	842a                	c.mv	s0,a0
408039e0:	07c00713          	addi	a4,zero,124
408039e4:	00e78b63          	beq	a5,a4,408039fa <console_dispatch+0x28>
408039e8:	00144783          	lbu	a5,1(s0)
408039ec:	0405                	c.addi	s0,1
408039ee:	fbfd                	c.bnez	a5,408039e4 <console_dispatch+0x12>
408039f0:	446a                	c.lwsp	s0,152(sp)
408039f2:	40fa                	c.lwsp	ra,156(sp)
408039f4:	610d                	c.addi16sp	sp,160
408039f6:	856ff06f          	jal	zero,40802a4c <_ZL15dispatch_singlePKc>
408039fa:	cb26                	c.swsp	s1,148(sp)
408039fc:	c94a                	c.swsp	s2,144(sp)
408039fe:	c74e                	c.swsp	s3,140(sp)
40803a00:	40a40633          	sub	a2,s0,a0
40803a04:	07f00793          	addi	a5,zero,127
40803a08:	00c7d363          	bge	a5,a2,40803a0e <console_dispatch+0x3c>
40803a0c:	863e                	c.mv	a2,a5
40803a0e:	00c506b3          	add	a3,a0,a2
40803a12:	878a                	c.mv	a5,sp
40803a14:	00850a63          	beq	a0,s0,40803a28 <console_dispatch+0x56>
40803a18:	00054703          	lbu	a4,0(a0)
40803a1c:	0505                	c.addi	a0,1
40803a1e:	0785                	c.addi	a5,1
40803a20:	fee78fa3          	sb	a4,-1(a5)
40803a24:	fed51ae3          	bne	a0,a3,40803a18 <console_dispatch+0x46>
40803a28:	960a                	c.add	a2,sp
40803a2a:	6505                	c.lui	a0,0x1
40803a2c:	00060023          	sb	zero,0(a2)
40803a30:	4081a937          	lui	s2,0x4081a
40803a34:	21e9                	c.jal	40803efe <mm_alloc>
40803a36:	40a92c23          	sw	a0,1048(s2) # 4081a418 <g_pipe_buf>
40803a3a:	cd29                	c.beqz	a0,40803a94 <console_dispatch+0xc2>
40803a3c:	4081a4b7          	lui	s1,0x4081a
40803a40:	4785                	c.li	a5,1
40803a42:	4081a9b7          	lui	s3,0x4081a
40803a46:	850a                	c.mv	a0,sp
40803a48:	40f4a823          	sw	a5,1040(s1) # 4081a410 <g_pipe_active>
40803a4c:	4009aa23          	sw	zero,1044(s3) # 4081a414 <g_pipe_pos>
40803a50:	ffdfe0ef          	jal	ra,40802a4c <_ZL15dispatch_singlePKc>
40803a54:	4149a703          	lw	a4,1044(s3)
40803a58:	41892783          	lw	a5,1048(s2)
40803a5c:	4004a823          	sw	zero,1040(s1)
40803a60:	0405                	c.addi	s0,1
40803a62:	97ba                	c.add	a5,a4
40803a64:	00078023          	sb	zero,0(a5)
40803a68:	41892483          	lw	s1,1048(s2)
40803a6c:	0004c503          	lbu	a0,0(s1)
40803a70:	c909                	c.beqz	a0,40803a82 <console_dispatch+0xb0>
40803a72:	0485                	c.addi	s1,1
40803a74:	e69fc0ef          	jal	ra,408008dc <uart_putc>
40803a78:	0004c503          	lbu	a0,0(s1)
40803a7c:	f97d                	c.bnez	a0,40803a72 <console_dispatch+0xa0>
40803a7e:	41892483          	lw	s1,1048(s2)
40803a82:	8526                	c.mv	a0,s1
40803a84:	21d1                	c.jal	40803f48 <mm_free>
40803a86:	8522                	c.mv	a0,s0
40803a88:	40092c23          	sw	zero,1048(s2)
40803a8c:	44da                	c.lwsp	s1,148(sp)
40803a8e:	494a                	c.lwsp	s2,144(sp)
40803a90:	49ba                	c.lwsp	s3,140(sp)
40803a92:	bfb9                	c.j	408039f0 <console_dispatch+0x1e>
40803a94:	4080e437          	lui	s0,0x4080e
40803a98:	4e440413          	addi	s0,s0,1252 # 4080e4e4 <_str_crlf+0x2096>
40803a9c:	07000513          	addi	a0,zero,112
40803aa0:	0405                	c.addi	s0,1
40803aa2:	e3bfc0ef          	jal	ra,408008dc <uart_putc>
40803aa6:	00044503          	lbu	a0,0(s0)
40803aaa:	f97d                	c.bnez	a0,40803aa0 <console_dispatch+0xce>
40803aac:	40fa                	c.lwsp	ra,156(sp)
40803aae:	446a                	c.lwsp	s0,152(sp)
40803ab0:	44da                	c.lwsp	s1,148(sp)
40803ab2:	494a                	c.lwsp	s2,144(sp)
40803ab4:	49ba                	c.lwsp	s3,140(sp)
40803ab6:	610d                	c.addi16sp	sp,160
40803ab8:	8082                	c.jr	ra

40803aba <_ZL11serial_initv>:
40803aba:	4501                	c.li	a0,0
40803abc:	8082                	c.jr	ra

40803abe <_ZL12serial_ioctliPv>:
40803abe:	557d                	c.li	a0,-1
40803ac0:	8082                	c.jr	ra

40803ac2 <_ZL10video_initv>:
40803ac2:	557d                	c.li	a0,-1
40803ac4:	8082                	c.jr	ra

40803ac6 <_ZL10video_readPvi>:
40803ac6:	557d                	c.li	a0,-1
40803ac8:	8082                	c.jr	ra

40803aca <_ZL10sys_rebootPv>:
40803aca:	c6aac6b7          	lui	a3,0xc6aac
40803ace:	408807b7          	lui	a5,0x40880
40803ad2:	b0168693          	addi	a3,a3,-1279 # c6aabb01 <_kern_stack_top+0x8622fb01>
40803ad6:	460d                	c.li	a2,3
40803ad8:	60000737          	lui	a4,0x60000
40803adc:	8007a423          	sw	zero,-2040(a5) # 4087f808 <_kern_stack_top+0x3808>
40803ae0:	8007a623          	sw	zero,-2036(a5)
40803ae4:	80d7a023          	sw	a3,-2048(a5)
40803ae8:	80c7a223          	sw	a2,-2044(a5)
40803aec:	0771                	c.addi	a4,28 # 6000001c <_kern_stack_top+0x1f78401c>
40803aee:	431c                	c.lw	a5,0(a4)
40803af0:	0107d693          	srli	a3,a5,0x10
40803af4:	0ff6f693          	andi	a3,a3,255
40803af8:	fafd                	c.bnez	a3,40803aee <_ZL10sys_rebootPv+0x24>
40803afa:	50d846b7          	lui	a3,0x50d84
40803afe:	60008737          	lui	a4,0x60008
40803b02:	aa168693          	addi	a3,a3,-1375 # 50d83aa1 <_kern_stack_top+0x10507aa1>
40803b06:	d374                	c.sw	a3,100(a4)
40803b08:	4685                	c.li	a3,1
40803b0a:	c774                	c.sw	a3,76(a4)
40803b0c:	87ba                	c.mv	a5,a4
40803b0e:	cb34                	c.sw	a3,80(a4)
40803b10:	e0200737          	lui	a4,0xe0200
40803b14:	c7b8                	c.sw	a4,72(a5)
40803b16:	10500073          	wfi
40803b1a:	10500073          	wfi
40803b1e:	bfe5                	c.j	40803b16 <_ZL10sys_rebootPv+0x4c>

40803b20 <_ZL13sys_driver_ioPv>:
40803b20:	557d                	c.li	a0,-1
40803b22:	8082                	c.jr	ra

40803b24 <_ZL12serial_writePKvi>:
40803b24:	1141                	c.addi	sp,-16
40803b26:	c04a                	c.swsp	s2,0(sp)
40803b28:	c606                	c.swsp	ra,12(sp)
40803b2a:	892e                	c.mv	s2,a1
40803b2c:	02b05063          	bge	zero,a1,40803b4c <_ZL12serial_writePKvi+0x28>
40803b30:	c422                	c.swsp	s0,8(sp)
40803b32:	c226                	c.swsp	s1,4(sp)
40803b34:	842a                	c.mv	s0,a0
40803b36:	00b504b3          	add	s1,a0,a1
40803b3a:	00044503          	lbu	a0,0(s0)
40803b3e:	0405                	c.addi	s0,1
40803b40:	d9dfc0ef          	jal	ra,408008dc <uart_putc>
40803b44:	fe941be3          	bne	s0,s1,40803b3a <_ZL12serial_writePKvi+0x16>
40803b48:	4422                	c.lwsp	s0,8(sp)
40803b4a:	4492                	c.lwsp	s1,4(sp)
40803b4c:	40b2                	c.lwsp	ra,12(sp)
40803b4e:	854a                	c.mv	a0,s2
40803b50:	4902                	c.lwsp	s2,0(sp)
40803b52:	0141                	c.addi	sp,16
40803b54:	8082                	c.jr	ra

40803b56 <_ZL8sys_putcPv>:
40803b56:	1141                	c.addi	sp,-16
40803b58:	0ff57513          	andi	a0,a0,255
40803b5c:	c606                	c.swsp	ra,12(sp)
40803b5e:	d7ffc0ef          	jal	ra,408008dc <uart_putc>
40803b62:	40b2                	c.lwsp	ra,12(sp)
40803b64:	4501                	c.li	a0,0
40803b66:	0141                	c.addi	sp,16
40803b68:	8082                	c.jr	ra

40803b6a <_ZL11serial_readPvi>:
40803b6a:	1141                	c.addi	sp,-16
40803b6c:	c04a                	c.swsp	s2,0(sp)
40803b6e:	c606                	c.swsp	ra,12(sp)
40803b70:	892e                	c.mv	s2,a1
40803b72:	02b05063          	bge	zero,a1,40803b92 <_ZL11serial_readPvi+0x28>
40803b76:	c422                	c.swsp	s0,8(sp)
40803b78:	c226                	c.swsp	s1,4(sp)
40803b7a:	842a                	c.mv	s0,a0
40803b7c:	00b504b3          	add	s1,a0,a1
40803b80:	9e0fd0ef          	jal	ra,40800d60 <uart_getc>
40803b84:	00a40023          	sb	a0,0(s0)
40803b88:	0405                	c.addi	s0,1
40803b8a:	fe941be3          	bne	s0,s1,40803b80 <_ZL11serial_readPvi+0x16>
40803b8e:	4422                	c.lwsp	s0,8(sp)
40803b90:	4492                	c.lwsp	s1,4(sp)
40803b92:	40b2                	c.lwsp	ra,12(sp)
40803b94:	854a                	c.mv	a0,s2
40803b96:	4902                	c.lwsp	s2,0(sp)
40803b98:	0141                	c.addi	sp,16
40803b9a:	8082                	c.jr	ra

40803b9c <_ZL8sys_getcPv>:
40803b9c:	9c4fd06f          	jal	zero,40800d60 <uart_getc>

40803ba0 <_ZL8sys_putsPv>:
40803ba0:	1141                	c.addi	sp,-16
40803ba2:	c606                	c.swsp	ra,12(sp)
40803ba4:	8dafd0ef          	jal	ra,40800c7e <uart_puts>
40803ba8:	40b2                	c.lwsp	ra,12(sp)
40803baa:	4501                	c.li	a0,0
40803bac:	0141                	c.addi	sp,16
40803bae:	8082                	c.jr	ra

40803bb0 <_ZL11sys_versionPv>:
40803bb0:	c105                	c.beqz	a0,40803bd0 <_ZL11sys_versionPv+0x20>
40803bb2:	4080e7b7          	lui	a5,0x4080e
40803bb6:	64478793          	addi	a5,a5,1604 # 4080e644 <_str_crlf+0x21f6>
40803bba:	03000713          	addi	a4,zero,48
40803bbe:	0785                	c.addi	a5,1
40803bc0:	00e50023          	sb	a4,0(a0) # 1000 <_kernel_start-0x407ff000>
40803bc4:	0007c703          	lbu	a4,0(a5)
40803bc8:	0505                	c.addi	a0,1
40803bca:	fb75                	c.bnez	a4,40803bbe <_ZL11sys_versionPv+0xe>
40803bcc:	00050023          	sb	zero,0(a0)
40803bd0:	4501                	c.li	a0,0
40803bd2:	8082                	c.jr	ra

40803bd4 <_ZL10sys_uptimePv>:
40803bd4:	c505                	c.beqz	a0,40803bfc <_ZL10sys_uptimePv+0x28>
40803bd6:	1141                	c.addi	sp,-16
40803bd8:	c422                	c.swsp	s0,8(sp)
40803bda:	c606                	c.swsp	ra,12(sp)
40803bdc:	842a                	c.mv	s0,a0
40803bde:	c8efc0ef          	jal	ra,4080006c <get_mcycle>
40803be2:	ccccd7b7          	lui	a5,0xccccd
40803be6:	ccd78793          	addi	a5,a5,-819 # cccccccd <_kern_stack_top+0x8c450ccd>
40803bea:	02f53533          	mulhu	a0,a0,a5
40803bee:	40b2                	c.lwsp	ra,12(sp)
40803bf0:	8115                	c.srli	a0,0x5
40803bf2:	c008                	c.sw	a0,0(s0)
40803bf4:	4422                	c.lwsp	s0,8(sp)
40803bf6:	4501                	c.li	a0,0
40803bf8:	0141                	c.addi	sp,16
40803bfa:	8082                	c.jr	ra
40803bfc:	4501                	c.li	a0,0
40803bfe:	8082                	c.jr	ra

40803c00 <_ZL11video_ioctliPv>:
40803c00:	557d                	c.li	a0,-1
40803c02:	8082                	c.jr	ra

40803c04 <_ZL11video_writePKvi>:
40803c04:	557d                	c.li	a0,-1
40803c06:	8082                	c.jr	ra

40803c08 <driver_register>:
40803c08:	1141                	c.addi	sp,-16
40803c0a:	c226                	c.swsp	s1,4(sp)
40803c0c:	4081a4b7          	lui	s1,0x4081a
40803c10:	42c4a703          	lw	a4,1068(s1) # 4081a42c <_ZL14g_driver_count>
40803c14:	c606                	c.swsp	ra,12(sp)
40803c16:	479d                	c.li	a5,7
40803c18:	06e7c963          	blt	a5,a4,40803c8a <driver_register+0x82>
40803c1c:	00171693          	slli	a3,a4,0x1
40803c20:	4150                	c.lw	a2,4(a0)
40803c22:	c422                	c.swsp	s0,8(sp)
40803c24:	00052e03          	lw	t3,0(a0)
40803c28:	00e687b3          	add	a5,a3,a4
40803c2c:	40813437          	lui	s0,0x40813
40803c30:	078e                	c.slli	a5,0x3
40803c32:	31040413          	addi	s0,s0,784 # 40813310 <g_drivers>
40803c36:	97a2                	c.add	a5,s0
40803c38:	00852303          	lw	t1,8(a0)
40803c3c:	00c52883          	lw	a7,12(a0)
40803c40:	01052803          	lw	a6,16(a0)
40803c44:	494c                	c.lw	a1,20(a0)
40803c46:	01c7a023          	sw	t3,0(a5)
40803c4a:	c3d0                	c.sw	a2,4(a5)
40803c4c:	4150                	c.lw	a2,4(a0)
40803c4e:	0067a423          	sw	t1,8(a5)
40803c52:	0117a623          	sw	a7,12(a5)
40803c56:	0107a823          	sw	a6,16(a5)
40803c5a:	cbcc                	c.sw	a1,20(a5)
40803c5c:	c605                	c.beqz	a2,40803c84 <driver_register+0x7c>
40803c5e:	9602                	c.jalr	a2
40803c60:	42c4a703          	lw	a4,1068(s1)
40803c64:	00153793          	sltiu	a5,a0,1
40803c68:	00171693          	slli	a3,a4,0x1
40803c6c:	96ba                	c.add	a3,a4
40803c6e:	068e                	c.slli	a3,0x3
40803c70:	9436                	c.add	s0,a3
40803c72:	c85c                	c.sw	a5,20(s0)
40803c74:	4422                	c.lwsp	s0,8(sp)
40803c76:	0705                	c.addi	a4,1 # e0200001 <_kern_stack_top+0x9f984001>
40803c78:	42e4a623          	sw	a4,1068(s1)
40803c7c:	40b2                	c.lwsp	ra,12(sp)
40803c7e:	4492                	c.lwsp	s1,4(sp)
40803c80:	0141                	c.addi	sp,16
40803c82:	8082                	c.jr	ra
40803c84:	4501                	c.li	a0,0
40803c86:	4785                	c.li	a5,1
40803c88:	b7d5                	c.j	40803c6c <driver_register+0x64>
40803c8a:	557d                	c.li	a0,-1
40803c8c:	bfc5                	c.j	40803c7c <driver_register+0x74>

40803c8e <driver_find>:
40803c8e:	c92d                	c.beqz	a0,40803d00 <driver_find+0x72>
40803c90:	1101                	c.addi	sp,-32
40803c92:	c64e                	c.swsp	s3,12(sp)
40803c94:	4081a9b7          	lui	s3,0x4081a
40803c98:	42c9a783          	lw	a5,1068(s3) # 4081a42c <_ZL14g_driver_count>
40803c9c:	ce06                	c.swsp	ra,28(sp)
40803c9e:	02f05e63          	bge	zero,a5,40803cda <driver_find+0x4c>
40803ca2:	cc22                	c.swsp	s0,24(sp)
40803ca4:	40813437          	lui	s0,0x40813
40803ca8:	ca26                	c.swsp	s1,20(sp)
40803caa:	c84a                	c.swsp	s2,16(sp)
40803cac:	c452                	c.swsp	s4,8(sp)
40803cae:	892a                	c.mv	s2,a0
40803cb0:	31040a13          	addi	s4,s0,784 # 40813310 <g_drivers>
40803cb4:	4481                	c.li	s1,0
40803cb6:	31040413          	addi	s0,s0,784
40803cba:	4008                	c.lw	a0,0(s0)
40803cbc:	85ca                	c.mv	a1,s2
40803cbe:	c501                	c.beqz	a0,40803cc6 <driver_find+0x38>
40803cc0:	b4bfc0ef          	jal	ra,4080080a <k_strcmp>
40803cc4:	c105                	c.beqz	a0,40803ce4 <driver_find+0x56>
40803cc6:	42c9a783          	lw	a5,1068(s3)
40803cca:	0485                	c.addi	s1,1
40803ccc:	0461                	c.addi	s0,24
40803cce:	fef4c6e3          	blt	s1,a5,40803cba <driver_find+0x2c>
40803cd2:	4462                	c.lwsp	s0,24(sp)
40803cd4:	44d2                	c.lwsp	s1,20(sp)
40803cd6:	4942                	c.lwsp	s2,16(sp)
40803cd8:	4a22                	c.lwsp	s4,8(sp)
40803cda:	40f2                	c.lwsp	ra,28(sp)
40803cdc:	49b2                	c.lwsp	s3,12(sp)
40803cde:	4501                	c.li	a0,0
40803ce0:	6105                	c.addi16sp	sp,32
40803ce2:	8082                	c.jr	ra
40803ce4:	4462                	c.lwsp	s0,24(sp)
40803ce6:	40f2                	c.lwsp	ra,28(sp)
40803ce8:	00149793          	slli	a5,s1,0x1
40803cec:	97a6                	c.add	a5,s1
40803cee:	078e                	c.slli	a5,0x3
40803cf0:	44d2                	c.lwsp	s1,20(sp)
40803cf2:	4942                	c.lwsp	s2,16(sp)
40803cf4:	49b2                	c.lwsp	s3,12(sp)
40803cf6:	00fa0533          	add	a0,s4,a5
40803cfa:	4a22                	c.lwsp	s4,8(sp)
40803cfc:	6105                	c.addi16sp	sp,32
40803cfe:	8082                	c.jr	ra
40803d00:	4501                	c.li	a0,0
40803d02:	8082                	c.jr	ra

40803d04 <drivers_init>:
40803d04:	408127b7          	lui	a5,0x40812
40803d08:	1141                	c.addi	sp,-16
40803d0a:	45078513          	addi	a0,a5,1104 # 40812450 <_ZL13serial_driver>
40803d0e:	c606                	c.swsp	ra,12(sp)
40803d10:	c422                	c.swsp	s0,8(sp)
40803d12:	45078413          	addi	s0,a5,1104
40803d16:	3dcd                	c.jal	40803c08 <driver_register>
40803d18:	40812537          	lui	a0,0x40812
40803d1c:	48050513          	addi	a0,a0,1152 # 40812480 <g_net_driver>
40803d20:	35e5                	c.jal	40803c08 <driver_register>
40803d22:	01840513          	addi	a0,s0,24
40803d26:	35cd                	c.jal	40803c08 <driver_register>
40803d28:	40812537          	lui	a0,0x40812
40803d2c:	4bc50513          	addi	a0,a0,1212 # 408124bc <g_wifi_driver>
40803d30:	3de1                	c.jal	40803c08 <driver_register>
40803d32:	4422                	c.lwsp	s0,8(sp)
40803d34:	40b2                	c.lwsp	ra,12(sp)
40803d36:	40812537          	lui	a0,0x40812
40803d3a:	4d450513          	addi	a0,a0,1236 # 408124d4 <g_bt_driver>
40803d3e:	0141                	c.addi	sp,16
40803d40:	b5e1                	c.j	40803c08 <driver_register>

40803d42 <display_set_mode>:
40803d42:	4789                	c.li	a5,2
40803d44:	10a7e363          	bltu	a5,a0,40803e4a <display_set_mode+0x108>
40803d48:	1101                	c.addi	sp,-32
40803d4a:	c64e                	c.swsp	s3,12(sp)
40803d4c:	ce06                	c.swsp	ra,28(sp)
40803d4e:	4785                	c.li	a5,1
40803d50:	89aa                	c.mv	s3,a0
40803d52:	02f50763          	beq	a0,a5,40803d80 <display_set_mode+0x3e>
40803d56:	79f050ef          	jal	ra,40809cf4 <net_is_active>
40803d5a:	ed09                	c.bnez	a0,40803d74 <display_set_mode+0x32>
40803d5c:	4789                	c.li	a5,2
40803d5e:	08f98b63          	beq	s3,a5,40803df4 <display_set_mode+0xb2>
40803d62:	40f2                	c.lwsp	ra,28(sp)
40803d64:	4081a7b7          	lui	a5,0x4081a
40803d68:	4337a423          	sw	s3,1064(a5) # 4081a428 <_ZL14g_display_mode>
40803d6c:	4501                	c.li	a0,0
40803d6e:	49b2                	c.lwsp	s3,12(sp)
40803d70:	6105                	c.addi16sp	sp,32
40803d72:	8082                	c.jr	ra
40803d74:	777050ef          	jal	ra,40809cea <net_deactivate>
40803d78:	4789                	c.li	a5,2
40803d7a:	fef994e3          	bne	s3,a5,40803d62 <display_set_mode+0x20>
40803d7e:	a89d                	c.j	40803df4 <display_set_mode+0xb2>
40803d80:	c84a                	c.swsp	s2,16(sp)
40803d82:	4081a937          	lui	s2,0x4081a
40803d86:	42c92783          	lw	a5,1068(s2) # 4081a42c <_ZL14g_driver_count>
40803d8a:	04f05063          	bge	zero,a5,40803dca <display_set_mode+0x88>
40803d8e:	cc22                	c.swsp	s0,24(sp)
40803d90:	40813437          	lui	s0,0x40813
40803d94:	ca26                	c.swsp	s1,20(sp)
40803d96:	c452                	c.swsp	s4,8(sp)
40803d98:	c256                	c.swsp	s5,4(sp)
40803d9a:	31040a13          	addi	s4,s0,784 # 40813310 <g_drivers>
40803d9e:	4481                	c.li	s1,0
40803da0:	31040413          	addi	s0,s0,784
40803da4:	4080cab7          	lui	s5,0x4080c
40803da8:	4008                	c.lw	a0,0(s0)
40803daa:	648a8593          	addi	a1,s5,1608 # 4080c648 <_str_crlf+0x1fa>
40803dae:	c501                	c.beqz	a0,40803db6 <display_set_mode+0x74>
40803db0:	a5bfc0ef          	jal	ra,4080080a <k_strcmp>
40803db4:	c10d                	c.beqz	a0,40803dd6 <display_set_mode+0x94>
40803db6:	42c92783          	lw	a5,1068(s2)
40803dba:	0485                	c.addi	s1,1
40803dbc:	0461                	c.addi	s0,24
40803dbe:	fef4c5e3          	blt	s1,a5,40803da8 <display_set_mode+0x66>
40803dc2:	4462                	c.lwsp	s0,24(sp)
40803dc4:	44d2                	c.lwsp	s1,20(sp)
40803dc6:	4a22                	c.lwsp	s4,8(sp)
40803dc8:	4a92                	c.lwsp	s5,4(sp)
40803dca:	40f2                	c.lwsp	ra,28(sp)
40803dcc:	4942                	c.lwsp	s2,16(sp)
40803dce:	49b2                	c.lwsp	s3,12(sp)
40803dd0:	557d                	c.li	a0,-1
40803dd2:	6105                	c.addi16sp	sp,32
40803dd4:	8082                	c.jr	ra
40803dd6:	00149793          	slli	a5,s1,0x1
40803dda:	97a6                	c.add	a5,s1
40803ddc:	078e                	c.slli	a5,0x3
40803dde:	97d2                	c.add	a5,s4
40803de0:	4bdc                	c.lw	a5,20(a5)
40803de2:	d3e5                	c.beqz	a5,40803dc2 <display_set_mode+0x80>
40803de4:	6e7050ef          	jal	ra,40809cca <net_activate>
40803de8:	4462                	c.lwsp	s0,24(sp)
40803dea:	44d2                	c.lwsp	s1,20(sp)
40803dec:	4942                	c.lwsp	s2,16(sp)
40803dee:	4a22                	c.lwsp	s4,8(sp)
40803df0:	4a92                	c.lwsp	s5,4(sp)
40803df2:	bf85                	c.j	40803d62 <display_set_mode+0x20>
40803df4:	c84a                	c.swsp	s2,16(sp)
40803df6:	4081a937          	lui	s2,0x4081a
40803dfa:	42c92783          	lw	a5,1068(s2) # 4081a42c <_ZL14g_driver_count>
40803dfe:	fcf056e3          	bge	zero,a5,40803dca <display_set_mode+0x88>
40803e02:	cc22                	c.swsp	s0,24(sp)
40803e04:	40813437          	lui	s0,0x40813
40803e08:	ca26                	c.swsp	s1,20(sp)
40803e0a:	c452                	c.swsp	s4,8(sp)
40803e0c:	c256                	c.swsp	s5,4(sp)
40803e0e:	31040a13          	addi	s4,s0,784 # 40813310 <g_drivers>
40803e12:	4481                	c.li	s1,0
40803e14:	31040413          	addi	s0,s0,784
40803e18:	4080cab7          	lui	s5,0x4080c
40803e1c:	4008                	c.lw	a0,0(s0)
40803e1e:	650a8593          	addi	a1,s5,1616 # 4080c650 <_str_crlf+0x202>
40803e22:	c501                	c.beqz	a0,40803e2a <display_set_mode+0xe8>
40803e24:	9e7fc0ef          	jal	ra,4080080a <k_strcmp>
40803e28:	c901                	c.beqz	a0,40803e38 <display_set_mode+0xf6>
40803e2a:	42c92783          	lw	a5,1068(s2)
40803e2e:	0485                	c.addi	s1,1
40803e30:	0461                	c.addi	s0,24
40803e32:	fef4c5e3          	blt	s1,a5,40803e1c <display_set_mode+0xda>
40803e36:	b771                	c.j	40803dc2 <display_set_mode+0x80>
40803e38:	00149793          	slli	a5,s1,0x1
40803e3c:	97a6                	c.add	a5,s1
40803e3e:	078e                	c.slli	a5,0x3
40803e40:	9a3e                	c.add	s4,a5
40803e42:	014a2783          	lw	a5,20(s4)
40803e46:	f3cd                	c.bnez	a5,40803de8 <display_set_mode+0xa6>
40803e48:	bfad                	c.j	40803dc2 <display_set_mode+0x80>
40803e4a:	557d                	c.li	a0,-1
40803e4c:	8082                	c.jr	ra

40803e4e <_ZL16sys_display_modePv>:
40803e4e:	c119                	c.beqz	a0,40803e54 <_ZL16sys_display_modePv+0x6>
40803e50:	4108                	c.lw	a0,0(a0)
40803e52:	bdc5                	c.j	40803d42 <display_set_mode>
40803e54:	4081a7b7          	lui	a5,0x4081a
40803e58:	4287a503          	lw	a0,1064(a5) # 4081a428 <_ZL14g_display_mode>
40803e5c:	8082                	c.jr	ra

40803e5e <display_get_mode>:
40803e5e:	4081a7b7          	lui	a5,0x4081a
40803e62:	4287a503          	lw	a0,1064(a5) # 4081a428 <_ZL14g_display_mode>
40803e66:	8082                	c.jr	ra

40803e68 <espsys_init>:
40803e68:	8082                	c.jr	ra

40803e6a <espsys_call>:
40803e6a:	87aa                	c.mv	a5,a0
40803e6c:	471d                	c.li	a4,7
40803e6e:	852e                	c.mv	a0,a1
40803e70:	00f76a63          	bltu	a4,a5,40803e84 <espsys_call+0x1a>
40803e74:	40812737          	lui	a4,0x40812
40803e78:	078a                	c.slli	a5,0x2
40803e7a:	83870713          	addi	a4,a4,-1992 # 40811838 <_ZL12espsys_table>
40803e7e:	97ba                	c.add	a5,a4
40803e80:	439c                	c.lw	a5,0(a5)
40803e82:	8782                	c.jr	a5
40803e84:	557d                	c.li	a0,-1
40803e86:	8082                	c.jr	ra

40803e88 <uptime_us>:
40803e88:	1141                	c.addi	sp,-16
40803e8a:	c606                	c.swsp	ra,12(sp)
40803e8c:	9e0fc0ef          	jal	ra,4080006c <get_mcycle>
40803e90:	ccccd7b7          	lui	a5,0xccccd
40803e94:	ccd78793          	addi	a5,a5,-819 # cccccccd <_kern_stack_top+0x8c450ccd>
40803e98:	02f53533          	mulhu	a0,a0,a5
40803e9c:	40b2                	c.lwsp	ra,12(sp)
40803e9e:	0141                	c.addi	sp,16
40803ea0:	8115                	c.srli	a0,0x5
40803ea2:	8082                	c.jr	ra

40803ea4 <mm_init>:
40803ea4:	4081a6b7          	lui	a3,0x4081a
40803ea8:	4087c737          	lui	a4,0x4087c
40803eac:	48c68793          	addi	a5,a3,1164 # 4081a48c <__heap_start>
40803eb0:	ef470713          	addi	a4,a4,-268 # 4087bef4 <__heap_start+0x61a68>
40803eb4:	8f1d                	c.sub	a4,a5
40803eb6:	000782a3          	sb	zero,5(a5)
40803eba:	00078323          	sb	zero,6(a5)
40803ebe:	000783a3          	sb	zero,7(a5)
40803ec2:	00078423          	sb	zero,8(a5)
40803ec6:	000784a3          	sb	zero,9(a5)
40803eca:	00078523          	sb	zero,10(a5)
40803ece:	000785a3          	sb	zero,11(a5)
40803ed2:	00875893          	srli	a7,a4,0x8
40803ed6:	4081a837          	lui	a6,0x4081a
40803eda:	4505                	c.li	a0,1
40803edc:	48e68623          	sb	a4,1164(a3)
40803ee0:	491686a3          	sb	a7,1165(a3)
40803ee4:	42f82c23          	sw	a5,1080(a6) # 4081a438 <_ZL11g_heap_head>
40803ee8:	00a78223          	sb	a0,4(a5)
40803eec:	01075593          	srli	a1,a4,0x10
40803ef0:	01875613          	srli	a2,a4,0x18
40803ef4:	48b68723          	sb	a1,1166(a3)
40803ef8:	48c687a3          	sb	a2,1167(a3)
40803efc:	8082                	c.jr	ra

40803efe <mm_alloc>:
40803efe:	4081a7b7          	lui	a5,0x4081a
40803f02:	4387a783          	lw	a5,1080(a5) # 4081a438 <_ZL11g_heap_head>
40803f06:	050d                	c.addi	a0,3
40803f08:	9971                	c.andi	a0,-4
40803f0a:	cb81                	c.beqz	a5,40803f1a <mm_alloc+0x1c>
40803f0c:	43d8                	c.lw	a4,4(a5)
40803f0e:	c701                	c.beqz	a4,40803f16 <mm_alloc+0x18>
40803f10:	4398                	c.lw	a4,0(a5)
40803f12:	00a77663          	bgeu	a4,a0,40803f1e <mm_alloc+0x20>
40803f16:	479c                	c.lw	a5,8(a5)
40803f18:	fbf5                	c.bnez	a5,40803f0c <mm_alloc+0xe>
40803f1a:	853e                	c.mv	a0,a5
40803f1c:	8082                	c.jr	ra
40803f1e:	01c50693          	addi	a3,a0,28
40803f22:	00d76e63          	bltu	a4,a3,40803f3e <mm_alloc+0x40>
40803f26:	4790                	c.lw	a2,8(a5)
40803f28:	8f09                	c.sub	a4,a0
40803f2a:	00c50693          	addi	a3,a0,12
40803f2e:	96be                	c.add	a3,a5
40803f30:	1751                	c.addi	a4,-12
40803f32:	4585                	c.li	a1,1
40803f34:	c298                	c.sw	a4,0(a3)
40803f36:	c2cc                	c.sw	a1,4(a3)
40803f38:	c690                	c.sw	a2,8(a3)
40803f3a:	c794                	c.sw	a3,8(a5)
40803f3c:	c388                	c.sw	a0,0(a5)
40803f3e:	0007a223          	sw	zero,4(a5)
40803f42:	07b1                	c.addi	a5,12
40803f44:	853e                	c.mv	a0,a5
40803f46:	8082                	c.jr	ra

40803f48 <mm_free>:
40803f48:	c121                	c.beqz	a0,40803f88 <mm_free+0x40>
40803f4a:	4081a7b7          	lui	a5,0x4081a
40803f4e:	4387a783          	lw	a5,1080(a5) # 4081a438 <_ZL11g_heap_head>
40803f52:	4705                	c.li	a4,1
40803f54:	fee52c23          	sw	a4,-8(a0)
40803f58:	cb85                	c.beqz	a5,40803f88 <mm_free+0x40>
40803f5a:	43d4                	c.lw	a3,4(a5)
40803f5c:	4798                	c.lw	a4,8(a5)
40803f5e:	ca81                	c.beqz	a3,40803f6e <mm_free+0x26>
40803f60:	c70d                	c.beqz	a4,40803f8a <mm_free+0x42>
40803f62:	4354                	c.lw	a3,4(a4)
40803f64:	e699                	c.bnez	a3,40803f72 <mm_free+0x2a>
40803f66:	87ba                	c.mv	a5,a4
40803f68:	43d4                	c.lw	a3,4(a5)
40803f6a:	4798                	c.lw	a4,8(a5)
40803f6c:	faf5                	c.bnez	a3,40803f60 <mm_free+0x18>
40803f6e:	ff65                	c.bnez	a4,40803f66 <mm_free+0x1e>
40803f70:	8082                	c.jr	ra
40803f72:	4394                	c.lw	a3,0(a5)
40803f74:	430c                	c.lw	a1,0(a4)
40803f76:	4710                	c.lw	a2,8(a4)
40803f78:	00c68713          	addi	a4,a3,12
40803f7c:	972e                	c.add	a4,a1
40803f7e:	c398                	c.sw	a4,0(a5)
40803f80:	873e                	c.mv	a4,a5
40803f82:	c790                	c.sw	a2,8(a5)
40803f84:	87ba                	c.mv	a5,a4
40803f86:	b7cd                	c.j	40803f68 <mm_free+0x20>
40803f88:	8082                	c.jr	ra
40803f8a:	8082                	c.jr	ra

40803f8c <mm_free_bytes>:
40803f8c:	4081a7b7          	lui	a5,0x4081a
40803f90:	4387a783          	lw	a5,1080(a5) # 4081a438 <_ZL11g_heap_head>
40803f94:	4501                	c.li	a0,0
40803f96:	cb81                	c.beqz	a5,40803fa6 <mm_free_bytes+0x1a>
40803f98:	43d8                	c.lw	a4,4(a5)
40803f9a:	c319                	c.beqz	a4,40803fa0 <mm_free_bytes+0x14>
40803f9c:	4398                	c.lw	a4,0(a5)
40803f9e:	953a                	c.add	a0,a4
40803fa0:	479c                	c.lw	a5,8(a5)
40803fa2:	fbfd                	c.bnez	a5,40803f98 <mm_free_bytes+0xc>
40803fa4:	8082                	c.jr	ra
40803fa6:	8082                	c.jr	ra

40803fa8 <mm_total_bytes>:
40803fa8:	4087c537          	lui	a0,0x4087c
40803fac:	4081a7b7          	lui	a5,0x4081a
40803fb0:	48c78793          	addi	a5,a5,1164 # 4081a48c <__heap_start>
40803fb4:	f0050513          	addi	a0,a0,-256 # 4087bf00 <__heap_end>
40803fb8:	8d1d                	c.sub	a0,a5
40803fba:	8082                	c.jr	ra

40803fbc <mm_heap_start>:
40803fbc:	4081a537          	lui	a0,0x4081a
40803fc0:	48c50513          	addi	a0,a0,1164 # 4081a48c <__heap_start>
40803fc4:	8082                	c.jr	ra

40803fc6 <mm_heap_end>:
40803fc6:	4087c537          	lui	a0,0x4087c
40803fca:	f0050513          	addi	a0,a0,-256 # 4087bf00 <__heap_end>
40803fce:	8082                	c.jr	ra

40803fd0 <mm_swap_init>:
40803fd0:	4081a737          	lui	a4,0x4081a
40803fd4:	4081a7b7          	lui	a5,0x4081a
40803fd8:	42072a23          	sw	zero,1076(a4) # 4081a434 <_ZL12g_swap_total>
40803fdc:	4207a823          	sw	zero,1072(a5) # 4081a430 <_ZL11g_swap_used>
40803fe0:	8082                	c.jr	ra

40803fe2 <mm_zram_init>:
40803fe2:	8082                	c.jr	ra

40803fe4 <mm_swap_info>:
40803fe4:	c511                	c.beqz	a0,40803ff0 <mm_swap_info+0xc>
40803fe6:	4081a7b7          	lui	a5,0x4081a
40803fea:	4347a783          	lw	a5,1076(a5) # 4081a434 <_ZL12g_swap_total>
40803fee:	c11c                	c.sw	a5,0(a0)
40803ff0:	c591                	c.beqz	a1,40803ffc <mm_swap_info+0x18>
40803ff2:	4081a7b7          	lui	a5,0x4081a
40803ff6:	4307a783          	lw	a5,1072(a5) # 4081a430 <_ZL11g_swap_used>
40803ffa:	c19c                	c.sw	a5,0(a1)
40803ffc:	8082                	c.jr	ra

40803ffe <_ZL9build_pwdiPci>:
40803ffe:	7135                	c.addi16sp	sp,-160
40804000:	c94a                	c.swsp	s2,144(sp)
40804002:	cf06                	c.swsp	ra,156(sp)
40804004:	892e                	c.mv	s2,a1
40804006:	c545                	c.beqz	a0,408040ae <_ZL9build_pwdiPci+0xb0>
40804008:	c15a                	c.swsp	s6,128(sp)
4080400a:	fff60b13          	addi	s6,a2,-1
4080400e:	c74e                	c.swsp	s3,140(sp)
40804010:	c552                	c.swsp	s4,136(sp)
40804012:	c356                	c.swsp	s5,132(sp)
40804014:	cd22                	c.swsp	s0,152(sp)
40804016:	cb26                	c.swsp	s1,148(sp)
40804018:	016587b3          	add	a5,a1,s6
4080401c:	408139b7          	lui	s3,0x40813
40804020:	8ab2                	c.mv	s5,a2
40804022:	00078023          	sb	zero,0(a5)
40804026:	45098993          	addi	s3,s3,1104 # 40813450 <_ZL7g_nodes>
4080402a:	02f00a13          	addi	s4,zero,47
4080402e:	00151413          	slli	s0,a0,0x1
40804032:	942a                	c.add	s0,a0
40804034:	0412                	c.slli	s0,0x4
40804036:	944e                	c.add	s0,s3
40804038:	8522                	c.mv	a0,s0
4080403a:	fb6fc0ef          	jal	ra,408007f0 <k_strlen>
4080403e:	40ab04b3          	sub	s1,s6,a0
40804042:	862a                	c.mv	a2,a0
40804044:	85a2                	c.mv	a1,s0
40804046:	00990533          	add	a0,s2,s1
4080404a:	04905263          	bge	zero,s1,4080408e <_ZL9build_pwdiPci+0x90>
4080404e:	877fc0ef          	jal	ra,408008c4 <k_memcpy>
40804052:	fff48b13          	addi	s6,s1,-1
40804056:	016905b3          	add	a1,s2,s6
4080405a:	01458023          	sb	s4,0(a1)
4080405e:	5048                	c.lw	a0,36(s0)
40804060:	f579                	c.bnez	a0,4080402e <_ZL9build_pwdiPci+0x30>
40804062:	409a8ab3          	sub	s5,s5,s1
40804066:	0a85                	c.addi	s5,1
40804068:	8656                	c.mv	a2,s5
4080406a:	850a                	c.mv	a0,sp
4080406c:	859fc0ef          	jal	ra,408008c4 <k_memcpy>
40804070:	8656                	c.mv	a2,s5
40804072:	858a                	c.mv	a1,sp
40804074:	854a                	c.mv	a0,s2
40804076:	84ffc0ef          	jal	ra,408008c4 <k_memcpy>
4080407a:	40fa                	c.lwsp	ra,156(sp)
4080407c:	446a                	c.lwsp	s0,152(sp)
4080407e:	44da                	c.lwsp	s1,148(sp)
40804080:	49ba                	c.lwsp	s3,140(sp)
40804082:	4a2a                	c.lwsp	s4,136(sp)
40804084:	4a9a                	c.lwsp	s5,132(sp)
40804086:	4b0a                	c.lwsp	s6,128(sp)
40804088:	494a                	c.lwsp	s2,144(sp)
4080408a:	610d                	c.addi16sp	sp,160
4080408c:	8082                	c.jr	ra
4080408e:	446a                	c.lwsp	s0,152(sp)
40804090:	44da                	c.lwsp	s1,148(sp)
40804092:	49ba                	c.lwsp	s3,140(sp)
40804094:	4a2a                	c.lwsp	s4,136(sp)
40804096:	4a9a                	c.lwsp	s5,132(sp)
40804098:	4b0a                	c.lwsp	s6,128(sp)
4080409a:	40fa                	c.lwsp	ra,156(sp)
4080409c:	854a                	c.mv	a0,s2
4080409e:	494a                	c.lwsp	s2,144(sp)
408040a0:	4080e5b7          	lui	a1,0x4080e
408040a4:	64c58593          	addi	a1,a1,1612 # 4080e64c <_str_crlf+0x21fe>
408040a8:	610d                	c.addi16sp	sp,160
408040aa:	fbcfc06f          	jal	zero,40800866 <k_strcpy>
408040ae:	40fa                	c.lwsp	ra,156(sp)
408040b0:	854a                	c.mv	a0,s2
408040b2:	494a                	c.lwsp	s2,144(sp)
408040b4:	4080f5b7          	lui	a1,0x4080f
408040b8:	97458593          	addi	a1,a1,-1676 # 4080e974 <_str_crlf+0x2526>
408040bc:	610d                	c.addi16sp	sp,160
408040be:	fa8fc06f          	jal	zero,40800866 <k_strcpy>

408040c2 <_ZL12resolve_pathPKc>:
408040c2:	711d                	c.addi16sp	sp,-96
408040c4:	ce86                	c.swsp	ra,92(sp)
408040c6:	d86a                	c.swsp	s10,48(sp)
408040c8:	10050c63          	beq	a0,zero,408041e0 <_ZL12resolve_pathPKc+0x11e>
408040cc:	cca2                	c.swsp	s0,88(sp)
408040ce:	00054783          	lbu	a5,0(a0)
408040d2:	842a                	c.mv	s0,a0
408040d4:	10078563          	beq	a5,zero,408041de <_ZL12resolve_pathPKc+0x11c>
408040d8:	caa6                	c.swsp	s1,84(sp)
408040da:	c8ca                	c.swsp	s2,80(sp)
408040dc:	c6ce                	c.swsp	s3,76(sp)
408040de:	c4d2                	c.swsp	s4,72(sp)
408040e0:	c2d6                	c.swsp	s5,68(sp)
408040e2:	c0da                	c.swsp	s6,64(sp)
408040e4:	de5e                	c.swsp	s7,60(sp)
408040e6:	dc62                	c.swsp	s8,56(sp)
408040e8:	da66                	c.swsp	s9,52(sp)
408040ea:	d66e                	c.swsp	s11,44(sp)
408040ec:	02f00713          	addi	a4,zero,47
408040f0:	4d01                	c.li	s10,0
408040f2:	00e78663          	beq	a5,a4,408040fe <_ZL12resolve_pathPKc+0x3c>
408040f6:	4081a737          	lui	a4,0x4081a
408040fa:	43c72d03          	lw	s10,1084(a4) # 4081a43c <_ZL5g_cwd>
408040fe:	02f00913          	addi	s2,zero,47
40804102:	8c0a                	c.mv	s8,sp
40804104:	4cfd                	c.li	s9,31
40804106:	40810ab7          	lui	s5,0x40810
4080410a:	4080eb37          	lui	s6,0x4080e
4080410e:	40813bb7          	lui	s7,0x40813
40804112:	0b278063          	beq	a5,s2,408041b2 <_ZL12resolve_pathPKc+0xf0>
40804116:	00044703          	lbu	a4,0(s0)
4080411a:	4781                	c.li	a5,0
4080411c:	8a62                	c.mv	s4,s8
4080411e:	cb71                	c.beqz	a4,408041f2 <_ZL12resolve_pathPKc+0x130>
40804120:	01270d63          	beq	a4,s2,4080413a <_ZL12resolve_pathPKc+0x78>
40804124:	01978b63          	beq	a5,s9,4080413a <_ZL12resolve_pathPKc+0x78>
40804128:	0785                	c.addi	a5,1
4080412a:	0405                	c.addi	s0,1
4080412c:	00fc06b3          	add	a3,s8,a5
40804130:	fee68fa3          	sb	a4,-1(a3)
40804134:	00044703          	lbu	a4,0(s0)
40804138:	f765                	c.bnez	a4,40804120 <_ZL12resolve_pathPKc+0x5e>
4080413a:	978a                	c.add	a5,sp
4080413c:	3cca8593          	addi	a1,s5,972 # 408103cc <_str_crlf+0x3f7e>
40804140:	8552                	c.mv	a0,s4
40804142:	00078023          	sb	zero,0(a5)
40804146:	ec4fc0ef          	jal	ra,4080080a <k_strcmp>
4080414a:	c129                	c.beqz	a0,4080418c <_ZL12resolve_pathPKc+0xca>
4080414c:	654b0593          	addi	a1,s6,1620 # 4080e654 <_str_crlf+0x2206>
40804150:	8552                	c.mv	a0,s4
40804152:	eb8fc0ef          	jal	ra,4080080a <k_strcmp>
40804156:	c13d                	c.beqz	a0,408041bc <_ZL12resolve_pathPKc+0xfa>
40804158:	4081adb7          	lui	s11,0x4081a
4080415c:	440da783          	lw	a5,1088(s11) # 4081a440 <_ZL12g_node_count>
40804160:	06f05d63          	bge	zero,a5,408041da <_ZL12resolve_pathPKc+0x118>
40804164:	450b8493          	addi	s1,s7,1104 # 40813450 <_ZL7g_nodes>
40804168:	4981                	c.li	s3,0
4080416a:	a801                	c.j	4080417a <_ZL12resolve_pathPKc+0xb8>
4080416c:	440da783          	lw	a5,1088(s11)
40804170:	0985                	c.addi	s3,1
40804172:	03048493          	addi	s1,s1,48
40804176:	06f9d263          	bge	s3,a5,408041da <_ZL12resolve_pathPKc+0x118>
4080417a:	50dc                	c.lw	a5,36(s1)
4080417c:	ffa798e3          	bne	a5,s10,4080416c <_ZL12resolve_pathPKc+0xaa>
40804180:	85d2                	c.mv	a1,s4
40804182:	8526                	c.mv	a0,s1
40804184:	e86fc0ef          	jal	ra,4080080a <k_strcmp>
40804188:	f175                	c.bnez	a0,4080416c <_ZL12resolve_pathPKc+0xaa>
4080418a:	8d4e                	c.mv	s10,s3
4080418c:	00044783          	lbu	a5,0(s0)
40804190:	f3c9                	c.bnez	a5,40804112 <_ZL12resolve_pathPKc+0x50>
40804192:	4466                	c.lwsp	s0,88(sp)
40804194:	40f6                	c.lwsp	ra,92(sp)
40804196:	44d6                	c.lwsp	s1,84(sp)
40804198:	4946                	c.lwsp	s2,80(sp)
4080419a:	49b6                	c.lwsp	s3,76(sp)
4080419c:	4a26                	c.lwsp	s4,72(sp)
4080419e:	4a96                	c.lwsp	s5,68(sp)
408041a0:	4b06                	c.lwsp	s6,64(sp)
408041a2:	5bf2                	c.lwsp	s7,60(sp)
408041a4:	5c62                	c.lwsp	s8,56(sp)
408041a6:	5cd2                	c.lwsp	s9,52(sp)
408041a8:	5db2                	c.lwsp	s11,44(sp)
408041aa:	856a                	c.mv	a0,s10
408041ac:	5d42                	c.lwsp	s10,48(sp)
408041ae:	6125                	c.addi16sp	sp,96
408041b0:	8082                	c.jr	ra
408041b2:	00144783          	lbu	a5,1(s0)
408041b6:	0405                	c.addi	s0,1
408041b8:	ffa9                	c.bnez	a5,40804112 <_ZL12resolve_pathPKc+0x50>
408041ba:	bfe1                	c.j	40804192 <_ZL12resolve_pathPKc+0xd0>
408041bc:	fc0d08e3          	beq	s10,zero,4080418c <_ZL12resolve_pathPKc+0xca>
408041c0:	001d1793          	slli	a5,s10,0x1
408041c4:	97ea                	c.add	a5,s10
408041c6:	0792                	c.slli	a5,0x4
408041c8:	450b8713          	addi	a4,s7,1104
408041cc:	97ba                	c.add	a5,a4
408041ce:	0247ad03          	lw	s10,36(a5)
408041d2:	00044783          	lbu	a5,0(s0)
408041d6:	ff95                	c.bnez	a5,40804112 <_ZL12resolve_pathPKc+0x50>
408041d8:	bf6d                	c.j	40804192 <_ZL12resolve_pathPKc+0xd0>
408041da:	5d7d                	c.li	s10,-1
408041dc:	bf5d                	c.j	40804192 <_ZL12resolve_pathPKc+0xd0>
408041de:	4466                	c.lwsp	s0,88(sp)
408041e0:	4081a7b7          	lui	a5,0x4081a
408041e4:	43c7ad03          	lw	s10,1084(a5) # 4081a43c <_ZL5g_cwd>
408041e8:	40f6                	c.lwsp	ra,92(sp)
408041ea:	856a                	c.mv	a0,s10
408041ec:	5d42                	c.lwsp	s10,48(sp)
408041ee:	6125                	c.addi16sp	sp,96
408041f0:	8082                	c.jr	ra
408041f2:	8a0a                	c.mv	s4,sp
408041f4:	b799                	c.j	4080413a <_ZL12resolve_pathPKc+0x78>

408041f6 <_ZL11create_nodePKci>:
408041f6:	7131                	c.addi16sp	sp,-192
408041f8:	d74e                	c.swsp	s3,172(sp)
408041fa:	4081a9b7          	lui	s3,0x4081a
408041fe:	4409a703          	lw	a4,1088(s3) # 4081a440 <_ZL12g_node_count>
40804202:	df06                	c.swsp	ra,188(sp)
40804204:	07f00793          	addi	a5,zero,127
40804208:	14e7c163          	blt	a5,a4,4080434a <_ZL11create_nodePKci+0x154>
4080420c:	d552                	c.swsp	s4,168(sp)
4080420e:	dd22                	c.swsp	s0,184(sp)
40804210:	db26                	c.swsp	s1,180(sp)
40804212:	d94a                	c.swsp	s2,176(sp)
40804214:	d356                	c.swsp	s5,164(sp)
40804216:	00054603          	lbu	a2,0(a0)
4080421a:	8a2e                	c.mv	s4,a1
4080421c:	ce45                	c.beqz	a2,408042d4 <_ZL11create_nodePKci+0xde>
4080421e:	87aa                	c.mv	a5,a0
40804220:	8732                	c.mv	a4,a2
40804222:	4401                	c.li	s0,0
40804224:	02f00693          	addi	a3,zero,47
40804228:	00d71363          	bne	a4,a3,4080422e <_ZL11create_nodePKci+0x38>
4080422c:	843e                	c.mv	s0,a5
4080422e:	0017c703          	lbu	a4,1(a5)
40804232:	0785                	c.addi	a5,1
40804234:	fb75                	c.bnez	a4,40804228 <_ZL11create_nodePKci+0x32>
40804236:	0e040b63          	beq	s0,zero,4080432c <_ZL11create_nodePKci+0x136>
4080423a:	08850863          	beq	a0,s0,408042ca <_ZL11create_nodePKci+0xd4>
4080423e:	40a404b3          	sub	s1,s0,a0
40804242:	07f00793          	addi	a5,zero,127
40804246:	1097c763          	blt	a5,s1,40804354 <_ZL11create_nodePKci+0x15e>
4080424a:	85aa                	c.mv	a1,a0
4080424c:	8626                	c.mv	a2,s1
4080424e:	1008                	c.addi4spn	a0,sp,32
40804250:	e74fc0ef          	jal	ra,408008c4 <k_memcpy>
40804254:	948a                	c.add	s1,sp
40804256:	1008                	c.addi4spn	a0,sp,32
40804258:	02048023          	sb	zero,32(s1)
4080425c:	359d                	c.jal	408040c2 <_ZL12resolve_pathPKc>
4080425e:	892a                	c.mv	s2,a0
40804260:	00140593          	addi	a1,s0,1
40804264:	850a                	c.mv	a0,sp
40804266:	467d                	c.li	a2,31
40804268:	e10fc0ef          	jal	ra,40800878 <k_strncpy>
4080426c:	8a8a                	c.mv	s5,sp
4080426e:	00010fa3          	sb	zero,31(sp)
40804272:	0e094863          	blt	s2,zero,40804362 <_ZL11create_nodePKci+0x16c>
40804276:	d15a                	c.swsp	s6,160(sp)
40804278:	00191793          	slli	a5,s2,0x1
4080427c:	97ca                	c.add	a5,s2
4080427e:	40813437          	lui	s0,0x40813
40804282:	0792                	c.slli	a5,0x4
40804284:	45040b13          	addi	s6,s0,1104 # 40813450 <_ZL7g_nodes>
40804288:	97da                	c.add	a5,s6
4080428a:	5398                	c.lw	a4,32(a5)
4080428c:	4785                	c.li	a5,1
4080428e:	0cf71063          	bne	a4,a5,4080434e <_ZL11create_nodePKci+0x158>
40804292:	00014783          	lbu	a5,0(sp)
40804296:	cfd5                	c.beqz	a5,40804352 <_ZL11create_nodePKci+0x15c>
40804298:	4409a783          	lw	a5,1088(s3)
4080429c:	04f05963          	bge	zero,a5,408042ee <_ZL11create_nodePKci+0xf8>
408042a0:	45040413          	addi	s0,s0,1104
408042a4:	4481                	c.li	s1,0
408042a6:	a801                	c.j	408042b6 <_ZL11create_nodePKci+0xc0>
408042a8:	4409a783          	lw	a5,1088(s3)
408042ac:	0485                	c.addi	s1,1
408042ae:	03040413          	addi	s0,s0,48
408042b2:	02f4de63          	bge	s1,a5,408042ee <_ZL11create_nodePKci+0xf8>
408042b6:	505c                	c.lw	a5,36(s0)
408042b8:	ff2798e3          	bne	a5,s2,408042a8 <_ZL11create_nodePKci+0xb2>
408042bc:	85d6                	c.mv	a1,s5
408042be:	8522                	c.mv	a0,s0
408042c0:	d4afc0ef          	jal	ra,4080080a <k_strcmp>
408042c4:	f175                	c.bnez	a0,408042a8 <_ZL11create_nodePKci+0xb2>
408042c6:	5579                	c.li	a0,-2
408042c8:	a881                	c.j	40804318 <_ZL11create_nodePKci+0x122>
408042ca:	02f00793          	addi	a5,zero,47
408042ce:	0505                	c.addi	a0,1
408042d0:	06f60263          	beq	a2,a5,40804334 <_ZL11create_nodePKci+0x13e>
408042d4:	4081a7b7          	lui	a5,0x4081a
408042d8:	85aa                	c.mv	a1,a0
408042da:	467d                	c.li	a2,31
408042dc:	850a                	c.mv	a0,sp
408042de:	43c7a903          	lw	s2,1084(a5) # 4081a43c <_ZL5g_cwd>
408042e2:	8a8a                	c.mv	s5,sp
408042e4:	d94fc0ef          	jal	ra,40800878 <k_strncpy>
408042e8:	00010fa3          	sb	zero,31(sp)
408042ec:	b759                	c.j	40804272 <_ZL11create_nodePKci+0x7c>
408042ee:	00179413          	slli	s0,a5,0x1
408042f2:	943e                	c.add	s0,a5
408042f4:	0412                	c.slli	s0,0x4
408042f6:	945a                	c.add	s0,s6
408042f8:	0785                	c.addi	a5,1
408042fa:	85d6                	c.mv	a1,s5
408042fc:	8522                	c.mv	a0,s0
408042fe:	44f9a023          	sw	a5,1088(s3)
40804302:	d64fc0ef          	jal	ra,40800866 <k_strcpy>
40804306:	4501                	c.li	a0,0
40804308:	03442023          	sw	s4,32(s0)
4080430c:	03242223          	sw	s2,36(s0)
40804310:	02042423          	sw	zero,40(s0)
40804314:	02042623          	sw	zero,44(s0)
40804318:	546a                	c.lwsp	s0,184(sp)
4080431a:	54da                	c.lwsp	s1,180(sp)
4080431c:	594a                	c.lwsp	s2,176(sp)
4080431e:	5a2a                	c.lwsp	s4,168(sp)
40804320:	5a9a                	c.lwsp	s5,164(sp)
40804322:	5b0a                	c.lwsp	s6,160(sp)
40804324:	50fa                	c.lwsp	ra,188(sp)
40804326:	59ba                	c.lwsp	s3,172(sp)
40804328:	6129                	c.addi16sp	sp,192
4080432a:	8082                	c.jr	ra
4080432c:	02f00793          	addi	a5,zero,47
40804330:	faf612e3          	bne	a2,a5,408042d4 <_ZL11create_nodePKci+0xde>
40804334:	85aa                	c.mv	a1,a0
40804336:	467d                	c.li	a2,31
40804338:	850a                	c.mv	a0,sp
4080433a:	d15a                	c.swsp	s6,160(sp)
4080433c:	8a8a                	c.mv	s5,sp
4080433e:	d3afc0ef          	jal	ra,40800878 <k_strncpy>
40804342:	4901                	c.li	s2,0
40804344:	00010fa3          	sb	zero,31(sp)
40804348:	bf05                	c.j	40804278 <_ZL11create_nodePKci+0x82>
4080434a:	5569                	c.li	a0,-6
4080434c:	bfe1                	c.j	40804324 <_ZL11create_nodePKci+0x12e>
4080434e:	555d                	c.li	a0,-9
40804350:	b7e1                	c.j	40804318 <_ZL11create_nodePKci+0x122>
40804352:	5b0a                	c.lwsp	s6,160(sp)
40804354:	556d                	c.li	a0,-5
40804356:	546a                	c.lwsp	s0,184(sp)
40804358:	54da                	c.lwsp	s1,180(sp)
4080435a:	594a                	c.lwsp	s2,176(sp)
4080435c:	5a2a                	c.lwsp	s4,168(sp)
4080435e:	5a9a                	c.lwsp	s5,164(sp)
40804360:	b7d1                	c.j	40804324 <_ZL11create_nodePKci+0x12e>
40804362:	557d                	c.li	a0,-1
40804364:	bfcd                	c.j	40804356 <_ZL11create_nodePKci+0x160>

40804366 <kerr_str>:
40804366:	0529                	c.addi	a0,10
40804368:	47a9                	c.li	a5,10
4080436a:	00a7ea63          	bltu	a5,a0,4080437e <kerr_str+0x18>
4080436e:	408127b7          	lui	a5,0x40812
40804372:	050a                	c.slli	a0,0x2
40804374:	85878793          	addi	a5,a5,-1960 # 40811858 <CSWTCH.45>
40804378:	97aa                	c.add	a5,a0
4080437a:	4388                	c.lw	a0,0(a5)
4080437c:	8082                	c.jr	ra
4080437e:	4080e537          	lui	a0,0x4080e
40804382:	65850513          	addi	a0,a0,1624 # 4080e658 <_str_crlf+0x220a>
40804386:	8082                	c.jr	ra

40804388 <vfs_mkdir>:
40804388:	4585                	c.li	a1,1
4080438a:	b5b5                	c.j	408041f6 <_ZL11create_nodePKci>

4080438c <vfs_mkfile>:
4080438c:	4589                	c.li	a1,2
4080438e:	b5a5                	c.j	408041f6 <_ZL11create_nodePKci>

40804390 <vfs_rename>:
40804390:	7179                	c.addi16sp	sp,-48
40804392:	ca56                	c.swsp	s5,20(sp)
40804394:	d606                	c.swsp	ra,44(sp)
40804396:	8aae                	c.mv	s5,a1
40804398:	332d                	c.jal	408040c2 <_ZL12resolve_pathPKc>
4080439a:	08a05963          	bge	zero,a0,4080442c <vfs_rename+0x9c>
4080439e:	d04a                	c.swsp	s2,32(sp)
408043a0:	c85a                	c.swsp	s6,16(sp)
408043a2:	4081a937          	lui	s2,0x4081a
408043a6:	00151b13          	slli	s6,a0,0x1
408043aa:	d422                	c.swsp	s0,40(sp)
408043ac:	00ab07b3          	add	a5,s6,a0
408043b0:	40813437          	lui	s0,0x40813
408043b4:	44092703          	lw	a4,1088(s2) # 4081a440 <_ZL12g_node_count>
408043b8:	c65e                	c.swsp	s7,12(sp)
408043ba:	0792                	c.slli	a5,0x4
408043bc:	45040b93          	addi	s7,s0,1104 # 40813450 <_ZL7g_nodes>
408043c0:	ce4e                	c.swsp	s3,28(sp)
408043c2:	cc52                	c.swsp	s4,24(sp)
408043c4:	97de                	c.add	a5,s7
408043c6:	0247a983          	lw	s3,36(a5)
408043ca:	8a2a                	c.mv	s4,a0
408043cc:	02e05b63          	bge	zero,a4,40804402 <vfs_rename+0x72>
408043d0:	d226                	c.swsp	s1,36(sp)
408043d2:	45040413          	addi	s0,s0,1104
408043d6:	4481                	c.li	s1,0
408043d8:	a801                	c.j	408043e8 <vfs_rename+0x58>
408043da:	44092783          	lw	a5,1088(s2)
408043de:	0485                	c.addi	s1,1
408043e0:	03040413          	addi	s0,s0,48
408043e4:	00f4de63          	bge	s1,a5,40804400 <vfs_rename+0x70>
408043e8:	505c                	c.lw	a5,36(s0)
408043ea:	fef998e3          	bne	s3,a5,408043da <vfs_rename+0x4a>
408043ee:	85d6                	c.mv	a1,s5
408043f0:	8522                	c.mv	a0,s0
408043f2:	c18fc0ef          	jal	ra,4080080a <k_strcmp>
408043f6:	f175                	c.bnez	a0,408043da <vfs_rename+0x4a>
408043f8:	5422                	c.lwsp	s0,40(sp)
408043fa:	5492                	c.lwsp	s1,36(sp)
408043fc:	5579                	c.li	a0,-2
408043fe:	a831                	c.j	4080441a <vfs_rename+0x8a>
40804400:	5492                	c.lwsp	s1,36(sp)
40804402:	9b52                	c.add	s6,s4
40804404:	0b12                	c.slli	s6,0x4
40804406:	9bda                	c.add	s7,s6
40804408:	85d6                	c.mv	a1,s5
4080440a:	855e                	c.mv	a0,s7
4080440c:	467d                	c.li	a2,31
4080440e:	c6afc0ef          	jal	ra,40800878 <k_strncpy>
40804412:	000b8fa3          	sb	zero,31(s7)
40804416:	5422                	c.lwsp	s0,40(sp)
40804418:	4501                	c.li	a0,0
4080441a:	5902                	c.lwsp	s2,32(sp)
4080441c:	49f2                	c.lwsp	s3,28(sp)
4080441e:	4a62                	c.lwsp	s4,24(sp)
40804420:	4b42                	c.lwsp	s6,16(sp)
40804422:	4bb2                	c.lwsp	s7,12(sp)
40804424:	50b2                	c.lwsp	ra,44(sp)
40804426:	4ad2                	c.lwsp	s5,20(sp)
40804428:	6145                	c.addi16sp	sp,48
4080442a:	8082                	c.jr	ra
4080442c:	557d                	c.li	a0,-1
4080442e:	bfdd                	c.j	40804424 <vfs_rename+0x94>

40804430 <vfs_delete>:
40804430:	1101                	c.addi	sp,-32
40804432:	ce06                	c.swsp	ra,28(sp)
40804434:	3179                	c.jal	408040c2 <_ZL12resolve_pathPKc>
40804436:	18a05263          	bge	zero,a0,408045ba <vfs_delete+0x18a>
4080443a:	c84a                	c.swsp	s2,16(sp)
4080443c:	00151913          	slli	s2,a0,0x1
40804440:	408137b7          	lui	a5,0x40813
40804444:	00a90733          	add	a4,s2,a0
40804448:	0712                	c.slli	a4,0x4
4080444a:	cc22                	c.swsp	s0,24(sp)
4080444c:	45078413          	addi	s0,a5,1104 # 40813450 <_ZL7g_nodes>
40804450:	00e407b3          	add	a5,s0,a4
40804454:	5398                	c.lw	a4,32(a5)
40804456:	ca26                	c.swsp	s1,20(sp)
40804458:	c64e                	c.swsp	s3,12(sp)
4080445a:	4785                	c.li	a5,1
4080445c:	84aa                	c.mv	s1,a0
4080445e:	4081a9b7          	lui	s3,0x4081a
40804462:	10f70363          	beq	a4,a5,40804568 <vfs_delete+0x138>
40804466:	c452                	c.swsp	s4,8(sp)
40804468:	00990a33          	add	s4,s2,s1
4080446c:	0a12                	c.slli	s4,0x4
4080446e:	9a22                	c.add	s4,s0
40804470:	02ca2503          	lw	a0,44(s4)
40804474:	c509                	c.beqz	a0,4080447e <vfs_delete+0x4e>
40804476:	ad3ff0ef          	jal	ra,40803f48 <mm_free>
4080447a:	020a2623          	sw	zero,44(s4)
4080447e:	4409a783          	lw	a5,1088(s3) # 4081a440 <_ZL12g_node_count>
40804482:	fff78393          	addi	t2,a5,-1
40804486:	1074db63          	bge	s1,t2,4080459c <vfs_delete+0x16c>
4080448a:	00179293          	slli	t0,a5,0x1
4080448e:	92be                	c.add	t0,a5
40804490:	9926                	c.add	s2,s1
40804492:	0912                	c.slli	s2,0x4
40804494:	fd040713          	addi	a4,s0,-48
40804498:	0292                	c.slli	t0,0x4
4080449a:	012407b3          	add	a5,s0,s2
4080449e:	92ba                	c.add	t0,a4
408044a0:	0307af83          	lw	t6,48(a5)
408044a4:	0347af03          	lw	t5,52(a5)
408044a8:	0387ae83          	lw	t4,56(a5)
408044ac:	03c7ae03          	lw	t3,60(a5)
408044b0:	0407a303          	lw	t1,64(a5)
408044b4:	0447a883          	lw	a7,68(a5)
408044b8:	0487a803          	lw	a6,72(a5)
408044bc:	47e8                	c.lw	a0,76(a5)
408044be:	4bac                	c.lw	a1,80(a5)
408044c0:	4bf0                	c.lw	a2,84(a5)
408044c2:	4fb4                	c.lw	a3,88(a5)
408044c4:	4ff8                	c.lw	a4,92(a5)
408044c6:	01f7a023          	sw	t6,0(a5)
408044ca:	01e7a223          	sw	t5,4(a5)
408044ce:	01d7a423          	sw	t4,8(a5)
408044d2:	01c7a623          	sw	t3,12(a5)
408044d6:	0067a823          	sw	t1,16(a5)
408044da:	0117aa23          	sw	a7,20(a5)
408044de:	0107ac23          	sw	a6,24(a5)
408044e2:	cfc8                	c.sw	a0,28(a5)
408044e4:	d38c                	c.sw	a1,32(a5)
408044e6:	d3d0                	c.sw	a2,36(a5)
408044e8:	d794                	c.sw	a3,40(a5)
408044ea:	d7d8                	c.sw	a4,44(a5)
408044ec:	03078793          	addi	a5,a5,48
408044f0:	fa5798e3          	bne	a5,t0,408044a0 <vfs_delete+0x70>
408044f4:	4479a023          	sw	t2,1088(s3)
408044f8:	40813637          	lui	a2,0x40813
408044fc:	47462703          	lw	a4,1140(a2) # 40813474 <_ZL7g_nodes+0x24>
40804500:	47460793          	addi	a5,a2,1140
40804504:	4681                	c.li	a3,0
40804506:	04e4cc63          	blt	s1,a4,4080455e <vfs_delete+0x12e>
4080450a:	0685                	c.addi	a3,1
4080450c:	03078793          	addi	a5,a5,48
40804510:	00768f63          	beq	a3,t2,4080452e <vfs_delete+0xfe>
40804514:	4398                	c.lw	a4,0(a5)
40804516:	863e                	c.mv	a2,a5
40804518:	04e4c563          	blt	s1,a4,40804562 <vfs_delete+0x132>
4080451c:	fe9717e3          	bne	a4,s1,4080450a <vfs_delete+0xda>
40804520:	0007a023          	sw	zero,0(a5)
40804524:	0685                	c.addi	a3,1
40804526:	03078793          	addi	a5,a5,48
4080452a:	fe7695e3          	bne	a3,t2,40804514 <vfs_delete+0xe4>
4080452e:	4081a737          	lui	a4,0x4081a
40804532:	43c72783          	lw	a5,1084(a4) # 4081a43c <_ZL5g_cwd>
40804536:	00f48963          	beq	s1,a5,40804548 <vfs_delete+0x118>
4080453a:	00f4d563          	bge	s1,a5,40804544 <vfs_delete+0x114>
4080453e:	17fd                	c.addi	a5,-1
40804540:	42f72e23          	sw	a5,1084(a4)
40804544:	0077c463          	blt	a5,t2,4080454c <vfs_delete+0x11c>
40804548:	42072e23          	sw	zero,1084(a4)
4080454c:	4462                	c.lwsp	s0,24(sp)
4080454e:	44d2                	c.lwsp	s1,20(sp)
40804550:	4942                	c.lwsp	s2,16(sp)
40804552:	49b2                	c.lwsp	s3,12(sp)
40804554:	4a22                	c.lwsp	s4,8(sp)
40804556:	4501                	c.li	a0,0
40804558:	40f2                	c.lwsp	ra,28(sp)
4080455a:	6105                	c.addi16sp	sp,32
4080455c:	8082                	c.jr	ra
4080455e:	47460613          	addi	a2,a2,1140
40804562:	177d                	c.addi	a4,-1
40804564:	c218                	c.sw	a4,0(a2)
40804566:	b755                	c.j	4080450a <vfs_delete+0xda>
40804568:	4409a603          	lw	a2,1088(s3)
4080456c:	eec05de3          	bge	zero,a2,40804466 <vfs_delete+0x36>
40804570:	40813737          	lui	a4,0x40813
40804574:	47470713          	addi	a4,a4,1140 # 40813474 <_ZL7g_nodes+0x24>
40804578:	4781                	c.li	a5,0
4080457a:	a021                	c.j	40804582 <vfs_delete+0x152>
4080457c:	0785                	c.addi	a5,1
4080457e:	eec784e3          	beq	a5,a2,40804466 <vfs_delete+0x36>
40804582:	4314                	c.lw	a3,0(a4)
40804584:	03070713          	addi	a4,a4,48
40804588:	fe969ae3          	bne	a3,s1,4080457c <vfs_delete+0x14c>
4080458c:	fef488e3          	beq	s1,a5,4080457c <vfs_delete+0x14c>
40804590:	4462                	c.lwsp	s0,24(sp)
40804592:	44d2                	c.lwsp	s1,20(sp)
40804594:	4942                	c.lwsp	s2,16(sp)
40804596:	49b2                	c.lwsp	s3,12(sp)
40804598:	5559                	c.li	a0,-10
4080459a:	bf7d                	c.j	40804558 <vfs_delete+0x128>
4080459c:	4479a023          	sw	t2,1088(s3)
408045a0:	f4704ce3          	blt	zero,t2,408044f8 <vfs_delete+0xc8>
408045a4:	4081a737          	lui	a4,0x4081a
408045a8:	43c72783          	lw	a5,1084(a4) # 4081a43c <_ZL5g_cwd>
408045ac:	f8f48ee3          	beq	s1,a5,40804548 <vfs_delete+0x118>
408045b0:	f8f4cce3          	blt	s1,a5,40804548 <vfs_delete+0x118>
408045b4:	f877dae3          	bge	a5,t2,40804548 <vfs_delete+0x118>
408045b8:	bf51                	c.j	4080454c <vfs_delete+0x11c>
408045ba:	557d                	c.li	a0,-1
408045bc:	bf71                	c.j	40804558 <vfs_delete+0x128>

408045be <vfs_write>:
408045be:	1101                	c.addi	sp,-32
408045c0:	c64e                	c.swsp	s3,12(sp)
408045c2:	c05a                	c.swsp	s6,0(sp)
408045c4:	ce06                	c.swsp	ra,28(sp)
408045c6:	8b2e                	c.mv	s6,a1
408045c8:	89b2                	c.mv	s3,a2
408045ca:	3ce5                	c.jal	408040c2 <_ZL12resolve_pathPKc>
408045cc:	08054363          	blt	a0,zero,40804652 <vfs_write+0x94>
408045d0:	c452                	c.swsp	s4,8(sp)
408045d2:	00151a13          	slli	s4,a0,0x1
408045d6:	cc22                	c.swsp	s0,24(sp)
408045d8:	c84a                	c.swsp	s2,16(sp)
408045da:	40813437          	lui	s0,0x40813
408045de:	00aa0933          	add	s2,s4,a0
408045e2:	0912                	c.slli	s2,0x4
408045e4:	45040413          	addi	s0,s0,1104 # 40813450 <_ZL7g_nodes>
408045e8:	9922                	c.add	s2,s0
408045ea:	02092703          	lw	a4,32(s2)
408045ee:	ca26                	c.swsp	s1,20(sp)
408045f0:	4789                	c.li	a5,2
408045f2:	84aa                	c.mv	s1,a0
408045f4:	04f71963          	bne	a4,a5,40804646 <vfs_write+0x88>
408045f8:	00198513          	addi	a0,s3,1
408045fc:	c256                	c.swsp	s5,4(sp)
408045fe:	901ff0ef          	jal	ra,40803efe <mm_alloc>
40804602:	8aaa                	c.mv	s5,a0
40804604:	c929                	c.beqz	a0,40804656 <vfs_write+0x98>
40804606:	02c92503          	lw	a0,44(s2)
4080460a:	c119                	c.beqz	a0,40804610 <vfs_write+0x52>
4080460c:	93dff0ef          	jal	ra,40803f48 <mm_free>
40804610:	85da                	c.mv	a1,s6
40804612:	864e                	c.mv	a2,s3
40804614:	8556                	c.mv	a0,s5
40804616:	aaefc0ef          	jal	ra,408008c4 <k_memcpy>
4080461a:	9a26                	c.add	s4,s1
4080461c:	0a12                	c.slli	s4,0x4
4080461e:	013a87b3          	add	a5,s5,s3
40804622:	9452                	c.add	s0,s4
40804624:	00078023          	sb	zero,0(a5)
40804628:	03542623          	sw	s5,44(s0)
4080462c:	03342423          	sw	s3,40(s0)
40804630:	4501                	c.li	a0,0
40804632:	4462                	c.lwsp	s0,24(sp)
40804634:	44d2                	c.lwsp	s1,20(sp)
40804636:	4942                	c.lwsp	s2,16(sp)
40804638:	4a22                	c.lwsp	s4,8(sp)
4080463a:	4a92                	c.lwsp	s5,4(sp)
4080463c:	40f2                	c.lwsp	ra,28(sp)
4080463e:	49b2                	c.lwsp	s3,12(sp)
40804640:	4b02                	c.lwsp	s6,0(sp)
40804642:	6105                	c.addi16sp	sp,32
40804644:	8082                	c.jr	ra
40804646:	4462                	c.lwsp	s0,24(sp)
40804648:	44d2                	c.lwsp	s1,20(sp)
4080464a:	4942                	c.lwsp	s2,16(sp)
4080464c:	4a22                	c.lwsp	s4,8(sp)
4080464e:	5561                	c.li	a0,-8
40804650:	b7f5                	c.j	4080463c <vfs_write+0x7e>
40804652:	557d                	c.li	a0,-1
40804654:	b7e5                	c.j	4080463c <vfs_write+0x7e>
40804656:	5571                	c.li	a0,-4
40804658:	bfe9                	c.j	40804632 <vfs_write+0x74>

4080465a <vfs_init>:
4080465a:	1141                	c.addi	sp,-16
4080465c:	c226                	c.swsp	s1,4(sp)
4080465e:	6609                	c.lui	a2,0x2
40804660:	408134b7          	lui	s1,0x40813
40804664:	80060613          	addi	a2,a2,-2048 # 1800 <_kernel_start-0x407fe800>
40804668:	45048513          	addi	a0,s1,1104 # 40813450 <_ZL7g_nodes>
4080466c:	4581                	c.li	a1,0
4080466e:	c606                	c.swsp	ra,12(sp)
40804670:	c422                	c.swsp	s0,8(sp)
40804672:	a3afc0ef          	jal	ra,408008ac <k_memset>
40804676:	4080f5b7          	lui	a1,0x4080f
4080467a:	45048513          	addi	a0,s1,1104
4080467e:	97458593          	addi	a1,a1,-1676 # 4080e974 <_str_crlf+0x2526>
40804682:	9e4fc0ef          	jal	ra,40800866 <k_strcpy>
40804686:	4405                	c.li	s0,1
40804688:	4080e537          	lui	a0,0x4080e
4080468c:	4081a737          	lui	a4,0x4081a
40804690:	4081a7b7          	lui	a5,0x4081a
40804694:	45048493          	addi	s1,s1,1104
40804698:	85a2                	c.mv	a1,s0
4080469a:	66850513          	addi	a0,a0,1640 # 4080e668 <_str_crlf+0x221a>
4080469e:	44872023          	sw	s0,1088(a4) # 4081a440 <_ZL12g_node_count>
408046a2:	4207ae23          	sw	zero,1084(a5) # 4081a43c <_ZL5g_cwd>
408046a6:	d080                	c.sw	s0,32(s1)
408046a8:	0204a223          	sw	zero,36(s1)
408046ac:	36a9                	c.jal	408041f6 <_ZL11create_nodePKci>
408046ae:	4080e537          	lui	a0,0x4080e
408046b2:	85a2                	c.mv	a1,s0
408046b4:	67050513          	addi	a0,a0,1648 # 4080e670 <_str_crlf+0x2222>
408046b8:	3e3d                	c.jal	408041f6 <_ZL11create_nodePKci>
408046ba:	4080e537          	lui	a0,0x4080e
408046be:	85a2                	c.mv	a1,s0
408046c0:	19050513          	addi	a0,a0,400 # 4080e190 <_str_crlf+0x1d42>
408046c4:	3e0d                	c.jal	408041f6 <_ZL11create_nodePKci>
408046c6:	4080e537          	lui	a0,0x4080e
408046ca:	85a2                	c.mv	a1,s0
408046cc:	67850513          	addi	a0,a0,1656 # 4080e678 <_str_crlf+0x222a>
408046d0:	361d                	c.jal	408041f6 <_ZL11create_nodePKci>
408046d2:	4080e537          	lui	a0,0x4080e
408046d6:	85a2                	c.mv	a1,s0
408046d8:	68c50513          	addi	a0,a0,1676 # 4080e68c <_str_crlf+0x223e>
408046dc:	3e29                	c.jal	408041f6 <_ZL11create_nodePKci>
408046de:	4080e537          	lui	a0,0x4080e
408046e2:	85a2                	c.mv	a1,s0
408046e4:	6a050513          	addi	a0,a0,1696 # 4080e6a0 <_str_crlf+0x2252>
408046e8:	3639                	c.jal	408041f6 <_ZL11create_nodePKci>
408046ea:	4080e537          	lui	a0,0x4080e
408046ee:	85a2                	c.mv	a1,s0
408046f0:	6a850513          	addi	a0,a0,1704 # 4080e6a8 <_str_crlf+0x225a>
408046f4:	3609                	c.jal	408041f6 <_ZL11create_nodePKci>
408046f6:	4080e537          	lui	a0,0x4080e
408046fa:	85a2                	c.mv	a1,s0
408046fc:	6b450513          	addi	a0,a0,1716 # 4080e6b4 <_str_crlf+0x2266>
40804700:	3cdd                	c.jal	408041f6 <_ZL11create_nodePKci>
40804702:	4080e537          	lui	a0,0x4080e
40804706:	85a2                	c.mv	a1,s0
40804708:	6c050513          	addi	a0,a0,1728 # 4080e6c0 <_str_crlf+0x2272>
4080470c:	34ed                	c.jal	408041f6 <_ZL11create_nodePKci>
4080470e:	4080e437          	lui	s0,0x4080e
40804712:	33840513          	addi	a0,s0,824 # 4080e338 <_str_crlf+0x1eea>
40804716:	4589                	c.li	a1,2
40804718:	3cf9                	c.jal	408041f6 <_ZL11create_nodePKci>
4080471a:	33840513          	addi	a0,s0,824
4080471e:	4422                	c.lwsp	s0,8(sp)
40804720:	40b2                	c.lwsp	ra,12(sp)
40804722:	4492                	c.lwsp	s1,4(sp)
40804724:	4080e5b7          	lui	a1,0x4080e
40804728:	6c858593          	addi	a1,a1,1736 # 4080e6c8 <_str_crlf+0x227a>
4080472c:	4629                	c.li	a2,10
4080472e:	0141                	c.addi	sp,16
40804730:	b579                	c.j	408045be <vfs_write>

40804732 <vfs_read>:
40804732:	1141                	c.addi	sp,-16
40804734:	c422                	c.swsp	s0,8(sp)
40804736:	c226                	c.swsp	s1,4(sp)
40804738:	c606                	c.swsp	ra,12(sp)
4080473a:	c04a                	c.swsp	s2,0(sp)
4080473c:	842e                	c.mv	s0,a1
4080473e:	84b2                	c.mv	s1,a2
40804740:	3249                	c.jal	408040c2 <_ZL12resolve_pathPKc>
40804742:	06054163          	blt	a0,zero,408047a4 <vfs_read+0x72>
40804746:	00151693          	slli	a3,a0,0x1
4080474a:	00a687b3          	add	a5,a3,a0
4080474e:	40813737          	lui	a4,0x40813
40804752:	0792                	c.slli	a5,0x4
40804754:	45070713          	addi	a4,a4,1104 # 40813450 <_ZL7g_nodes>
40804758:	97ba                	c.add	a5,a4
4080475a:	538c                	c.lw	a1,32(a5)
4080475c:	4609                	c.li	a2,2
4080475e:	04c59163          	bne	a1,a2,408047a0 <vfs_read+0x6e>
40804762:	0287a903          	lw	s2,40(a5)
40804766:	0324c063          	blt	s1,s2,40804786 <vfs_read+0x54>
4080476a:	96aa                	c.add	a3,a0
4080476c:	0692                	c.slli	a3,0x4
4080476e:	9736                	c.add	a4,a3
40804770:	574c                	c.lw	a1,44(a4)
40804772:	c199                	c.beqz	a1,40804778 <vfs_read+0x46>
40804774:	01204b63          	blt	zero,s2,4080478a <vfs_read+0x58>
40804778:	40b2                	c.lwsp	ra,12(sp)
4080477a:	4422                	c.lwsp	s0,8(sp)
4080477c:	4492                	c.lwsp	s1,4(sp)
4080477e:	854a                	c.mv	a0,s2
40804780:	4902                	c.lwsp	s2,0(sp)
40804782:	0141                	c.addi	sp,16
40804784:	8082                	c.jr	ra
40804786:	8926                	c.mv	s2,s1
40804788:	b7cd                	c.j	4080476a <vfs_read+0x38>
4080478a:	8522                	c.mv	a0,s0
4080478c:	864a                	c.mv	a2,s2
4080478e:	936fc0ef          	jal	ra,408008c4 <k_memcpy>
40804792:	40b2                	c.lwsp	ra,12(sp)
40804794:	4422                	c.lwsp	s0,8(sp)
40804796:	4492                	c.lwsp	s1,4(sp)
40804798:	854a                	c.mv	a0,s2
4080479a:	4902                	c.lwsp	s2,0(sp)
4080479c:	0141                	c.addi	sp,16
4080479e:	8082                	c.jr	ra
408047a0:	5961                	c.li	s2,-8
408047a2:	bfd9                	c.j	40804778 <vfs_read+0x46>
408047a4:	597d                	c.li	s2,-1
408047a6:	bfc9                	c.j	40804778 <vfs_read+0x46>

408047a8 <vfs_list>:
408047a8:	1101                	c.addi	sp,-32
408047aa:	c452                	c.swsp	s4,8(sp)
408047ac:	ce06                	c.swsp	ra,28(sp)
408047ae:	8a2e                	c.mv	s4,a1
408047b0:	3a09                	c.jal	408040c2 <_ZL12resolve_pathPKc>
408047b2:	08054263          	blt	a0,zero,40804836 <vfs_list+0x8e>
408047b6:	00151793          	slli	a5,a0,0x1
408047ba:	cc22                	c.swsp	s0,24(sp)
408047bc:	97aa                	c.add	a5,a0
408047be:	40813437          	lui	s0,0x40813
408047c2:	45040713          	addi	a4,s0,1104 # 40813450 <_ZL7g_nodes>
408047c6:	0792                	c.slli	a5,0x4
408047c8:	97ba                	c.add	a5,a4
408047ca:	5398                	c.lw	a4,32(a5)
408047cc:	c84a                	c.swsp	s2,16(sp)
408047ce:	4785                	c.li	a5,1
408047d0:	892a                	c.mv	s2,a0
408047d2:	04f71e63          	bne	a4,a5,4080482e <vfs_list+0x86>
408047d6:	c64e                	c.swsp	s3,12(sp)
408047d8:	4081a9b7          	lui	s3,0x4081a
408047dc:	4409a783          	lw	a5,1088(s3) # 4081a440 <_ZL12g_node_count>
408047e0:	ca26                	c.swsp	s1,20(sp)
408047e2:	45040413          	addi	s0,s0,1104
408047e6:	4481                	c.li	s1,0
408047e8:	00f04a63          	blt	zero,a5,408047fc <vfs_list+0x54>
408047ec:	a805                	c.j	4080481c <vfs_list+0x74>
408047ee:	4409a783          	lw	a5,1088(s3)
408047f2:	0485                	c.addi	s1,1
408047f4:	03040413          	addi	s0,s0,48
408047f8:	02f4d263          	bge	s1,a5,4080481c <vfs_list+0x74>
408047fc:	505c                	c.lw	a5,36(s0)
408047fe:	ff2798e3          	bne	a5,s2,408047ee <vfs_list+0x46>
40804802:	8522                	c.mv	a0,s0
40804804:	fe9905e3          	beq	s2,s1,408047ee <vfs_list+0x46>
40804808:	5410                	c.lw	a2,40(s0)
4080480a:	500c                	c.lw	a1,32(s0)
4080480c:	0485                	c.addi	s1,1
4080480e:	03040413          	addi	s0,s0,48
40804812:	9a02                	c.jalr	s4
40804814:	4409a783          	lw	a5,1088(s3)
40804818:	fef4c2e3          	blt	s1,a5,408047fc <vfs_list+0x54>
4080481c:	4462                	c.lwsp	s0,24(sp)
4080481e:	44d2                	c.lwsp	s1,20(sp)
40804820:	4942                	c.lwsp	s2,16(sp)
40804822:	49b2                	c.lwsp	s3,12(sp)
40804824:	4501                	c.li	a0,0
40804826:	40f2                	c.lwsp	ra,28(sp)
40804828:	4a22                	c.lwsp	s4,8(sp)
4080482a:	6105                	c.addi16sp	sp,32
4080482c:	8082                	c.jr	ra
4080482e:	4462                	c.lwsp	s0,24(sp)
40804830:	4942                	c.lwsp	s2,16(sp)
40804832:	555d                	c.li	a0,-9
40804834:	bfcd                	c.j	40804826 <vfs_list+0x7e>
40804836:	557d                	c.li	a0,-1
40804838:	b7fd                	c.j	40804826 <vfs_list+0x7e>

4080483a <vfs_chdir>:
4080483a:	1141                	c.addi	sp,-16
4080483c:	c606                	c.swsp	ra,12(sp)
4080483e:	885ff0ef          	jal	ra,408040c2 <_ZL12resolve_pathPKc>
40804842:	04054163          	blt	a0,zero,40804884 <vfs_chdir+0x4a>
40804846:	00151693          	slli	a3,a0,0x1
4080484a:	96aa                	c.add	a3,a0
4080484c:	40813737          	lui	a4,0x40813
40804850:	0692                	c.slli	a3,0x4
40804852:	45070713          	addi	a4,a4,1104 # 40813450 <_ZL7g_nodes>
40804856:	9736                	c.add	a4,a3
40804858:	5314                	c.lw	a3,32(a4)
4080485a:	4705                	c.li	a4,1
4080485c:	02e69263          	bne	a3,a4,40804880 <vfs_chdir+0x46>
40804860:	408135b7          	lui	a1,0x40813
40804864:	4081a737          	lui	a4,0x4081a
40804868:	3d058593          	addi	a1,a1,976 # 408133d0 <_ZL9g_pwd_buf>
4080486c:	08000613          	addi	a2,zero,128
40804870:	42a72e23          	sw	a0,1084(a4) # 4081a43c <_ZL5g_cwd>
40804874:	f8aff0ef          	jal	ra,40803ffe <_ZL9build_pwdiPci>
40804878:	4501                	c.li	a0,0
4080487a:	40b2                	c.lwsp	ra,12(sp)
4080487c:	0141                	c.addi	sp,16
4080487e:	8082                	c.jr	ra
40804880:	555d                	c.li	a0,-9
40804882:	bfe5                	c.j	4080487a <vfs_chdir+0x40>
40804884:	557d                	c.li	a0,-1
40804886:	bfd5                	c.j	4080487a <vfs_chdir+0x40>

40804888 <vfs_pwd>:
40804888:	4081a7b7          	lui	a5,0x4081a
4080488c:	1141                	c.addi	sp,-16
4080488e:	43c7a503          	lw	a0,1084(a5) # 4081a43c <_ZL5g_cwd>
40804892:	c422                	c.swsp	s0,8(sp)
40804894:	40813437          	lui	s0,0x40813
40804898:	3d040593          	addi	a1,s0,976 # 408133d0 <_ZL9g_pwd_buf>
4080489c:	08000613          	addi	a2,zero,128
408048a0:	c606                	c.swsp	ra,12(sp)
408048a2:	f5cff0ef          	jal	ra,40803ffe <_ZL9build_pwdiPci>
408048a6:	40b2                	c.lwsp	ra,12(sp)
408048a8:	3d040513          	addi	a0,s0,976
408048ac:	4422                	c.lwsp	s0,8(sp)
408048ae:	0141                	c.addi	sp,16
408048b0:	8082                	c.jr	ra

408048b2 <vfs_exists>:
408048b2:	1141                	c.addi	sp,-16
408048b4:	c606                	c.swsp	ra,12(sp)
408048b6:	80dff0ef          	jal	ra,408040c2 <_ZL12resolve_pathPKc>
408048ba:	40b2                	c.lwsp	ra,12(sp)
408048bc:	fff54513          	xori	a0,a0,-1
408048c0:	817d                	c.srli	a0,0x1f
408048c2:	0141                	c.addi	sp,16
408048c4:	8082                	c.jr	ra

408048c6 <vfs_node_count>:
408048c6:	4081a7b7          	lui	a5,0x4081a
408048ca:	4407a503          	lw	a0,1088(a5) # 4081a440 <_ZL12g_node_count>
408048ce:	8082                	c.jr	ra

408048d0 <vfs_node_get>:
408048d0:	02054263          	blt	a0,zero,408048f4 <vfs_node_get+0x24>
408048d4:	4081a7b7          	lui	a5,0x4081a
408048d8:	4407a783          	lw	a5,1088(a5) # 4081a440 <_ZL12g_node_count>
408048dc:	00f55c63          	bge	a0,a5,408048f4 <vfs_node_get+0x24>
408048e0:	00151793          	slli	a5,a0,0x1
408048e4:	953e                	c.add	a0,a5
408048e6:	408137b7          	lui	a5,0x40813
408048ea:	45078793          	addi	a5,a5,1104 # 40813450 <_ZL7g_nodes>
408048ee:	0512                	c.slli	a0,0x4
408048f0:	953e                	c.add	a0,a5
408048f2:	8082                	c.jr	ra
408048f4:	4501                	c.li	a0,0
408048f6:	8082                	c.jr	ra

408048f8 <vfs_path_of>:
408048f8:	86ae                	c.mv	a3,a1
408048fa:	8732                	c.mv	a4,a2
408048fc:	00054d63          	blt	a0,zero,40804916 <vfs_path_of+0x1e>
40804900:	4081a837          	lui	a6,0x4081a
40804904:	44082803          	lw	a6,1088(a6) # 4081a440 <_ZL12g_node_count>
40804908:	01055763          	bge	a0,a6,40804916 <vfs_path_of+0x1e>
4080490c:	4785                	c.li	a5,1
4080490e:	00c7d463          	bge	a5,a2,40804916 <vfs_path_of+0x1e>
40804912:	eecff06f          	jal	zero,40803ffe <_ZL9build_pwdiPci>
40804916:	00e05563          	bge	zero,a4,40804920 <vfs_path_of+0x28>
4080491a:	00068023          	sb	zero,0(a3)
4080491e:	8082                	c.jr	ra
40804920:	8082                	c.jr	ra

40804922 <cmd_pki>:
40804922:	00054783          	lbu	a5,0(a0)
40804926:	26078163          	beq	a5,zero,40804b88 <cmd_pki+0x266>
4080492a:	4080d5b7          	lui	a1,0x4080d
4080492e:	d2010113          	addi	sp,sp,-736
40804932:	ab458593          	addi	a1,a1,-1356 # 4080cab4 <_str_crlf+0x666>
40804936:	2c812c23          	sw	s0,728(sp)
4080493a:	2c112e23          	sw	ra,732(sp)
4080493e:	842a                	c.mv	s0,a0
40804940:	ecbfb0ef          	jal	ra,4080080a <k_strcmp>
40804944:	c929                	c.beqz	a0,40804996 <cmd_pki+0x74>
40804946:	2c912a23          	sw	s1,724(sp)
4080494a:	00044783          	lbu	a5,0(s0)
4080494e:	4701                	c.li	a4,0
40804950:	0024                	c.addi4spn	s1,sp,8
40804952:	02000613          	addi	a2,zero,32
40804956:	45a5                	c.li	a1,9
40804958:	451d                	c.li	a0,7
4080495a:	c385                	c.beqz	a5,4080497a <cmd_pki+0x58>
4080495c:	00c78f63          	beq	a5,a2,4080497a <cmd_pki+0x58>
40804960:	00b78d63          	beq	a5,a1,4080497a <cmd_pki+0x58>
40804964:	00a70b63          	beq	a4,a0,4080497a <cmd_pki+0x58>
40804968:	0705                	c.addi	a4,1
4080496a:	0405                	c.addi	s0,1
4080496c:	00e486b3          	add	a3,s1,a4
40804970:	fef68fa3          	sb	a5,-1(a3)
40804974:	00044783          	lbu	a5,0(s0)
40804978:	f3f5                	c.bnez	a5,4080495c <cmd_pki+0x3a>
4080497a:	970a                	c.add	a4,sp
4080497c:	00070423          	sb	zero,8(a4)
40804980:	46a5                	c.li	a3,9
40804982:	02000713          	addi	a4,zero,32
40804986:	00044783          	lbu	a5,0(s0)
4080498a:	00e78463          	beq	a5,a4,40804992 <cmd_pki+0x70>
4080498e:	02d79063          	bne	a5,a3,408049ae <cmd_pki+0x8c>
40804992:	0405                	c.addi	s0,1
40804994:	bfcd                	c.j	40804986 <cmd_pki+0x64>
40804996:	2d812403          	lw	s0,728(sp)
4080499a:	2dc12083          	lw	ra,732(sp)
4080499e:	4080e537          	lui	a0,0x4080e
408049a2:	7e050513          	addi	a0,a0,2016 # 4080e7e0 <_str_crlf+0x2392>
408049a6:	2e010113          	addi	sp,sp,736
408049aa:	ad4fc06f          	jal	zero,40800c7e <uart_puts>
408049ae:	85a2                	c.mv	a1,s0
408049b0:	0808                	c.addi4spn	a0,sp,16
408049b2:	03f00613          	addi	a2,zero,63
408049b6:	ec3fb0ef          	jal	ra,40800878 <k_strncpy>
408049ba:	4080f5b7          	lui	a1,0x4080f
408049be:	8526                	c.mv	a0,s1
408049c0:	8c058593          	addi	a1,a1,-1856 # 4080e8c0 <_str_crlf+0x2472>
408049c4:	040107a3          	sb	zero,79(sp)
408049c8:	e43fb0ef          	jal	ra,4080080a <k_strcmp>
408049cc:	e541                	c.bnez	a0,40804a54 <cmd_pki+0x132>
408049ce:	e24fe0ef          	jal	ra,40802ff2 <user_check_root>
408049d2:	18050c63          	beq	a0,zero,40804b6a <cmd_pki+0x248>
408049d6:	01014783          	lbu	a5,16(sp)
408049da:	1a078d63          	beq	a5,zero,40804b94 <cmd_pki+0x272>
408049de:	20000613          	addi	a2,zero,512
408049e2:	098c                	c.addi4spn	a1,sp,208
408049e4:	0808                	c.addi4spn	a0,sp,16
408049e6:	d4dff0ef          	jal	ra,40804732 <vfs_read>
408049ea:	03300793          	addi	a5,zero,51
408049ee:	1ea7df63          	bge	a5,a0,40804bec <cmd_pki+0x2ca>
408049f2:	474e                	c.lwsp	a4,208(sp)
408049f4:	455057b7          	lui	a5,0x45505
408049f8:	04178793          	addi	a5,a5,65 # 45505041 <_kern_stack_top+0x4c89041>
408049fc:	1af71363          	bne	a4,a5,40804ba2 <cmd_pki+0x280>
40804a00:	4080f5b7          	lui	a1,0x4080f
40804a04:	97058593          	addi	a1,a1,-1680 # 4080e970 <_str_crlf+0x2522>
40804a08:	0888                	c.addi4spn	a0,sp,80
40804a0a:	e5dfb0ef          	jal	ra,40800866 <k_strcpy>
40804a0e:	09c8                	c.addi4spn	a0,sp,212
40804a10:	de1fb0ef          	jal	ra,408007f0 <k_strlen>
40804a14:	00150613          	addi	a2,a0,1
40804a18:	09cc                	c.addi4spn	a1,sp,212
40804a1a:	05510513          	addi	a0,sp,85
40804a1e:	ea7fb0ef          	jal	ra,408008c4 <k_memcpy>
40804a22:	0888                	c.addi4spn	a0,sp,80
40804a24:	3579                	c.jal	408048b2 <vfs_exists>
40804a26:	1e051363          	bne	a0,zero,40804c0c <cmd_pki+0x2ea>
40804a2a:	0888                	c.addi4spn	a0,sp,80
40804a2c:	95dff0ef          	jal	ra,40804388 <vfs_mkdir>
40804a30:	20051163          	bne	a0,zero,40804c32 <cmd_pki+0x310>
40804a34:	565e                	c.lwsp	a2,244(sp)
40804a36:	4080f537          	lui	a0,0x4080f
40804a3a:	0894                	c.addi4spn	a3,sp,80
40804a3c:	09cc                	c.addi4spn	a1,sp,212
40804a3e:	9c050513          	addi	a0,a0,-1600 # 4080e9c0 <_str_crlf+0x2572>
40804a42:	b36fc0ef          	jal	ra,40800d78 <kprintf>
40804a46:	4080f537          	lui	a0,0x4080f
40804a4a:	9e050513          	addi	a0,a0,-1568 # 4080e9e0 <_str_crlf+0x2592>
40804a4e:	b2afc0ef          	jal	ra,40800d78 <kprintf>
40804a52:	a215                	c.j	40804b76 <cmd_pki+0x254>
40804a54:	4080f5b7          	lui	a1,0x4080f
40804a58:	a1c58593          	addi	a1,a1,-1508 # 4080ea1c <_str_crlf+0x25ce>
40804a5c:	8526                	c.mv	a0,s1
40804a5e:	dadfb0ef          	jal	ra,4080080a <k_strcmp>
40804a62:	ed21                	c.bnez	a0,40804aba <cmd_pki+0x198>
40804a64:	d8efe0ef          	jal	ra,40802ff2 <user_check_root>
40804a68:	10050163          	beq	a0,zero,40804b6a <cmd_pki+0x248>
40804a6c:	01014783          	lbu	a5,16(sp)
40804a70:	16078763          	beq	a5,zero,40804bde <cmd_pki+0x2bc>
40804a74:	4080f5b7          	lui	a1,0x4080f
40804a78:	97058593          	addi	a1,a1,-1680 # 4080e970 <_str_crlf+0x2522>
40804a7c:	0988                	c.addi4spn	a0,sp,208
40804a7e:	de9fb0ef          	jal	ra,40800866 <k_strcpy>
40804a82:	0808                	c.addi4spn	a0,sp,16
40804a84:	d6dfb0ef          	jal	ra,408007f0 <k_strlen>
40804a88:	00150613          	addi	a2,a0,1
40804a8c:	080c                	c.addi4spn	a1,sp,16
40804a8e:	0d510513          	addi	a0,sp,213
40804a92:	e33fb0ef          	jal	ra,408008c4 <k_memcpy>
40804a96:	0988                	c.addi4spn	a0,sp,208
40804a98:	e1bff0ef          	jal	ra,408048b2 <vfs_exists>
40804a9c:	12050163          	beq	a0,zero,40804bbe <cmd_pki+0x29c>
40804aa0:	0988                	c.addi4spn	a0,sp,208
40804aa2:	98fff0ef          	jal	ra,40804430 <vfs_delete>
40804aa6:	16051b63          	bne	a0,zero,40804c1c <cmd_pki+0x2fa>
40804aaa:	4080f537          	lui	a0,0x4080f
40804aae:	080c                	c.addi4spn	a1,sp,16
40804ab0:	a7c50513          	addi	a0,a0,-1412 # 4080ea7c <_str_crlf+0x262e>
40804ab4:	ac4fc0ef          	jal	ra,40800d78 <kprintf>
40804ab8:	a87d                	c.j	40804b76 <cmd_pki+0x254>
40804aba:	4080f5b7          	lui	a1,0x4080f
40804abe:	a9058593          	addi	a1,a1,-1392 # 4080ea90 <_str_crlf+0x2642>
40804ac2:	8526                	c.mv	a0,s1
40804ac4:	d47fb0ef          	jal	ra,4080080a <k_strcmp>
40804ac8:	10051363          	bne	a0,zero,40804bce <cmd_pki+0x2ac>
40804acc:	01014783          	lbu	a5,16(sp)
40804ad0:	0e078063          	beq	a5,zero,40804bb0 <cmd_pki+0x28e>
40804ad4:	0808                	c.addi4spn	a0,sp,16
40804ad6:	dddff0ef          	jal	ra,408048b2 <vfs_exists>
40804ada:	12050163          	beq	a0,zero,40804bfc <cmd_pki+0x2da>
40804ade:	455057b7          	lui	a5,0x45505
40804ae2:	04178793          	addi	a5,a5,65 # 45505041 <_kern_stack_top+0x4c89041>
40804ae6:	08c8                	c.addi4spn	a0,sp,84
40804ae8:	02000613          	addi	a2,zero,32
40804aec:	4581                	c.li	a1,0
40804aee:	c8be                	c.swsp	a5,80(sp)
40804af0:	dbdfb0ef          	jal	ra,408008ac <k_memset>
40804af4:	01014703          	lbu	a4,16(sp)
40804af8:	14070863          	beq	a4,zero,40804c48 <cmd_pki+0x326>
40804afc:	081c                	c.addi4spn	a5,sp,16
40804afe:	85be                	c.mv	a1,a5
40804b00:	02f00693          	addi	a3,zero,47
40804b04:	0785                	c.addi	a5,1
40804b06:	00d71363          	bne	a4,a3,40804b0c <cmd_pki+0x1ea>
40804b0a:	85be                	c.mv	a1,a5
40804b0c:	0007c703          	lbu	a4,0(a5)
40804b10:	fb75                	c.bnez	a4,40804b04 <cmd_pki+0x1e2>
40804b12:	467d                	c.li	a2,31
40804b14:	08c8                	c.addi4spn	a0,sp,84
40804b16:	d63fb0ef          	jal	ra,40800878 <k_strncpy>
40804b1a:	0980                	c.addi4spn	s0,sp,208
40804b1c:	4785                	c.li	a5,1
40804b1e:	08cc                	c.addi4spn	a1,sp,84
40804b20:	8522                	c.mv	a0,s0
40804b22:	dabe                	c.swsp	a5,116(sp)
40804b24:	dc82                	c.swsp	zero,120(sp)
40804b26:	de82                	c.swsp	zero,124(sp)
40804b28:	c102                	c.swsp	zero,128(sp)
40804b2a:	d3dfb0ef          	jal	ra,40800866 <k_strcpy>
40804b2e:	8522                	c.mv	a0,s0
40804b30:	cc1fb0ef          	jal	ra,408007f0 <k_strlen>
40804b34:	4080f5b7          	lui	a1,0x4080f
40804b38:	ad458593          	addi	a1,a1,-1324 # 4080ead4 <_str_crlf+0x2686>
40804b3c:	9522                	c.add	a0,s0
40804b3e:	d29fb0ef          	jal	ra,40800866 <k_strcpy>
40804b42:	8522                	c.mv	a0,s0
40804b44:	849ff0ef          	jal	ra,4080438c <vfs_mkfile>
40804b48:	088c                	c.addi4spn	a1,sp,80
40804b4a:	8522                	c.mv	a0,s0
40804b4c:	03400613          	addi	a2,zero,52
40804b50:	a6fff0ef          	jal	ra,408045be <vfs_write>
40804b54:	4080f537          	lui	a0,0x4080f
40804b58:	8622                	c.mv	a2,s0
40804b5a:	080c                	c.addi4spn	a1,sp,16
40804b5c:	adc50513          	addi	a0,a0,-1316 # 4080eadc <_str_crlf+0x268e>
40804b60:	03400693          	addi	a3,zero,52
40804b64:	a14fc0ef          	jal	ra,40800d78 <kprintf>
40804b68:	a039                	c.j	40804b76 <cmd_pki+0x254>
40804b6a:	4080f537          	lui	a0,0x4080f
40804b6e:	8c450513          	addi	a0,a0,-1852 # 4080e8c4 <_str_crlf+0x2476>
40804b72:	90cfc0ef          	jal	ra,40800c7e <uart_puts>
40804b76:	2dc12083          	lw	ra,732(sp)
40804b7a:	2d812403          	lw	s0,728(sp)
40804b7e:	2d412483          	lw	s1,724(sp)
40804b82:	2e010113          	addi	sp,sp,736
40804b86:	8082                	c.jr	ra
40804b88:	4080e537          	lui	a0,0x4080e
40804b8c:	7e050513          	addi	a0,a0,2016 # 4080e7e0 <_str_crlf+0x2392>
40804b90:	8eefc06f          	jal	zero,40800c7e <uart_puts>
40804b94:	4080f537          	lui	a0,0x4080f
40804b98:	8f850513          	addi	a0,a0,-1800 # 4080e8f8 <_str_crlf+0x24aa>
40804b9c:	8e2fc0ef          	jal	ra,40800c7e <uart_puts>
40804ba0:	bfd9                	c.j	40804b76 <cmd_pki+0x254>
40804ba2:	4080f537          	lui	a0,0x4080f
40804ba6:	94450513          	addi	a0,a0,-1724 # 4080e944 <_str_crlf+0x24f6>
40804baa:	8d4fc0ef          	jal	ra,40800c7e <uart_puts>
40804bae:	b7e1                	c.j	40804b76 <cmd_pki+0x254>
40804bb0:	4080f537          	lui	a0,0x4080f
40804bb4:	a9450513          	addi	a0,a0,-1388 # 4080ea94 <_str_crlf+0x2646>
40804bb8:	8c6fc0ef          	jal	ra,40800c7e <uart_puts>
40804bbc:	bf6d                	c.j	40804b76 <cmd_pki+0x254>
40804bbe:	4080f537          	lui	a0,0x4080f
40804bc2:	080c                	c.addi4spn	a1,sp,16
40804bc4:	a3c50513          	addi	a0,a0,-1476 # 4080ea3c <_str_crlf+0x25ee>
40804bc8:	9b0fc0ef          	jal	ra,40800d78 <kprintf>
40804bcc:	b76d                	c.j	40804b76 <cmd_pki+0x254>
40804bce:	4080f537          	lui	a0,0x4080f
40804bd2:	85a6                	c.mv	a1,s1
40804bd4:	b0450513          	addi	a0,a0,-1276 # 4080eb04 <_str_crlf+0x26b6>
40804bd8:	9a0fc0ef          	jal	ra,40800d78 <kprintf>
40804bdc:	bf69                	c.j	40804b76 <cmd_pki+0x254>
40804bde:	4080f537          	lui	a0,0x4080f
40804be2:	a2050513          	addi	a0,a0,-1504 # 4080ea20 <_str_crlf+0x25d2>
40804be6:	898fc0ef          	jal	ra,40800c7e <uart_puts>
40804bea:	b771                	c.j	40804b76 <cmd_pki+0x254>
40804bec:	4080f537          	lui	a0,0x4080f
40804bf0:	080c                	c.addi4spn	a1,sp,16
40804bf2:	91850513          	addi	a0,a0,-1768 # 4080e918 <_str_crlf+0x24ca>
40804bf6:	982fc0ef          	jal	ra,40800d78 <kprintf>
40804bfa:	bfb5                	c.j	40804b76 <cmd_pki+0x254>
40804bfc:	4080f537          	lui	a0,0x4080f
40804c00:	080c                	c.addi4spn	a1,sp,16
40804c02:	ab450513          	addi	a0,a0,-1356 # 4080eab4 <_str_crlf+0x2666>
40804c06:	972fc0ef          	jal	ra,40800d78 <kprintf>
40804c0a:	b7b5                	c.j	40804b76 <cmd_pki+0x254>
40804c0c:	4080f537          	lui	a0,0x4080f
40804c10:	09cc                	c.addi4spn	a1,sp,212
40804c12:	97850513          	addi	a0,a0,-1672 # 4080e978 <_str_crlf+0x252a>
40804c16:	962fc0ef          	jal	ra,40800d78 <kprintf>
40804c1a:	bfb1                	c.j	40804b76 <cmd_pki+0x254>
40804c1c:	f4aff0ef          	jal	ra,40804366 <kerr_str>
40804c20:	862a                	c.mv	a2,a0
40804c22:	4080f537          	lui	a0,0x4080f
40804c26:	098c                	c.addi4spn	a1,sp,208
40804c28:	a5c50513          	addi	a0,a0,-1444 # 4080ea5c <_str_crlf+0x260e>
40804c2c:	94cfc0ef          	jal	ra,40800d78 <kprintf>
40804c30:	b799                	c.j	40804b76 <cmd_pki+0x254>
40804c32:	f34ff0ef          	jal	ra,40804366 <kerr_str>
40804c36:	862a                	c.mv	a2,a0
40804c38:	4080f537          	lui	a0,0x4080f
40804c3c:	088c                	c.addi4spn	a1,sp,80
40804c3e:	9a050513          	addi	a0,a0,-1632 # 4080e9a0 <_str_crlf+0x2552>
40804c42:	936fc0ef          	jal	ra,40800d78 <kprintf>
40804c46:	bf05                	c.j	40804b76 <cmd_pki+0x254>
40804c48:	080c                	c.addi4spn	a1,sp,16
40804c4a:	b5e1                	c.j	40804b12 <cmd_pki+0x1f0>

40804c4c <_ZL10region_hitii>:
40804c4c:	4081a7b7          	lui	a5,0x4081a
40804c50:	44c7a683          	lw	a3,1100(a5) # 4081a44c <_ZL14g_region_count>
40804c54:	fff68713          	addi	a4,a3,-1
40804c58:	02074d63          	blt	a4,zero,40804c92 <_ZL10region_hitii+0x46>
40804c5c:	00269793          	slli	a5,a3,0x2
40804c60:	97b6                	c.add	a5,a3
40804c62:	078a                	c.slli	a5,0x2
40804c64:	40815837          	lui	a6,0x40815
40804c68:	17b1                	c.addi	a5,-20
40804c6a:	c5080813          	addi	a6,a6,-944 # 40814c50 <_ZL9g_regions>
40804c6e:	97c2                	c.add	a5,a6
40804c70:	567d                	c.li	a2,-1
40804c72:	4394                	c.lw	a3,0(a5)
40804c74:	00d54b63          	blt	a0,a3,40804c8a <_ZL10region_hitii+0x3e>
40804c78:	43d4                	c.lw	a3,4(a5)
40804c7a:	00a6c863          	blt	a3,a0,40804c8a <_ZL10region_hitii+0x3e>
40804c7e:	4794                	c.lw	a3,8(a5)
40804c80:	00d5c563          	blt	a1,a3,40804c8a <_ZL10region_hitii+0x3e>
40804c84:	47d4                	c.lw	a3,12(a5)
40804c86:	00b6d863          	bge	a3,a1,40804c96 <_ZL10region_hitii+0x4a>
40804c8a:	177d                	c.addi	a4,-1
40804c8c:	17b1                	c.addi	a5,-20
40804c8e:	fec712e3          	bne	a4,a2,40804c72 <_ZL10region_hitii+0x26>
40804c92:	4501                	c.li	a0,0
40804c94:	8082                	c.jr	ra
40804c96:	00271793          	slli	a5,a4,0x2
40804c9a:	97ba                	c.add	a5,a4
40804c9c:	078a                	c.slli	a5,0x2
40804c9e:	983e                	c.add	a6,a5
40804ca0:	01082503          	lw	a0,16(a6)
40804ca4:	8082                	c.jr	ra

40804ca6 <_ZL5fm_upv>:
40804ca6:	1141                	c.addi	sp,-16
40804ca8:	c226                	c.swsp	s1,4(sp)
40804caa:	408154b7          	lui	s1,0x40815
40804cae:	c5048493          	addi	s1,s1,-944 # 40814c50 <_ZL9g_regions>
40804cb2:	c422                	c.swsp	s0,8(sp)
40804cb4:	50048413          	addi	s0,s1,1280
40804cb8:	8522                	c.mv	a0,s0
40804cba:	c606                	c.swsp	ra,12(sp)
40804cbc:	b35fb0ef          	jal	ra,408007f0 <k_strlen>
40804cc0:	4605                	c.li	a2,1
40804cc2:	04a65963          	bge	a2,a0,40804d14 <_ZL5fm_upv+0x6e>
40804cc6:	00a40733          	add	a4,s0,a0
40804cca:	02f00593          	addi	a1,zero,47
40804cce:	a031                	c.j	40804cda <_ZL5fm_upv+0x34>
40804cd0:	fe070fa3          	sb	zero,-1(a4)
40804cd4:	177d                	c.addi	a4,-1
40804cd6:	02c50f63          	beq	a0,a2,40804d14 <_ZL5fm_upv+0x6e>
40804cda:	fff74683          	lbu	a3,-1(a4)
40804cde:	87aa                	c.mv	a5,a0
40804ce0:	157d                	c.addi	a0,-1
40804ce2:	feb687e3          	beq	a3,a1,40804cd0 <_ZL5fm_upv+0x2a>
40804ce6:	00f40533          	add	a0,s0,a5
40804cea:	02f00613          	addi	a2,zero,47
40804cee:	4585                	c.li	a1,1
40804cf0:	a031                	c.j	40804cfc <_ZL5fm_upv+0x56>
40804cf2:	fe050fa3          	sb	zero,-1(a0)
40804cf6:	157d                	c.addi	a0,-1
40804cf8:	00b78e63          	beq	a5,a1,40804d14 <_ZL5fm_upv+0x6e>
40804cfc:	fff54703          	lbu	a4,-1(a0)
40804d00:	86be                	c.mv	a3,a5
40804d02:	17fd                	c.addi	a5,-1
40804d04:	fec717e3          	bne	a4,a2,40804cf2 <_ZL5fm_upv+0x4c>
40804d08:	16fd                	c.addi	a3,-1
40804d0a:	94b6                	c.add	s1,a3
40804d0c:	5004c783          	lbu	a5,1280(s1)
40804d10:	00c78763          	beq	a5,a2,40804d1e <_ZL5fm_upv+0x78>
40804d14:	40b2                	c.lwsp	ra,12(sp)
40804d16:	4422                	c.lwsp	s0,8(sp)
40804d18:	4492                	c.lwsp	s1,4(sp)
40804d1a:	0141                	c.addi	sp,16
40804d1c:	8082                	c.jr	ra
40804d1e:	50048023          	sb	zero,1280(s1)
40804d22:	40b2                	c.lwsp	ra,12(sp)
40804d24:	4422                	c.lwsp	s0,8(sp)
40804d26:	4492                	c.lwsp	s1,4(sp)
40804d28:	0141                	c.addi	sp,16
40804d2a:	8082                	c.jr	ra

40804d2c <_ZL16desktop_dispatchiPiS_S_S_>:
40804d2c:	0005a023          	sw	zero,0(a1)
40804d30:	00062023          	sw	zero,0(a2)
40804d34:	47bd                	c.li	a5,15
40804d36:	0ea7ec63          	bltu	a5,a0,40804e2e <_ZL16desktop_dispatchiPiS_S_S_+0x102>
40804d3a:	408127b7          	lui	a5,0x40812
40804d3e:	88478793          	addi	a5,a5,-1916 # 40811884 <CSWTCH.45+0x2c>
40804d42:	050a                	c.slli	a0,0x2
40804d44:	953e                	c.add	a0,a5
40804d46:	411c                	c.lw	a5,0(a0)
40804d48:	1101                	c.addi	sp,-32
40804d4a:	ce06                	c.swsp	ra,28(sp)
40804d4c:	8782                	c.jr	a5
40804d4e:	cc22                	c.swsp	s0,24(sp)
40804d50:	40815437          	lui	s0,0x40815
40804d54:	15040413          	addi	s0,s0,336 # 40815150 <_ZL9g_fm_path>
40804d58:	4080f5b7          	lui	a1,0x4080f
40804d5c:	8522                	c.mv	a0,s0
40804d5e:	97458593          	addi	a1,a1,-1676 # 4080e974 <_str_crlf+0x2526>
40804d62:	c63a                	c.swsp	a4,12(sp)
40804d64:	c436                	c.swsp	a3,8(sp)
40804d66:	b01fb0ef          	jal	ra,40800866 <k_strcpy>
40804d6a:	408055b7          	lui	a1,0x40805
40804d6e:	4081a7b7          	lui	a5,0x4081a
40804d72:	8522                	c.mv	a0,s0
40804d74:	e5858593          	addi	a1,a1,-424 # 40804e58 <_ZL10fm_scan_cbPKcii>
40804d78:	4407a423          	sw	zero,1096(a5) # 4081a448 <_ZL10g_fm_count>
40804d7c:	a2dff0ef          	jal	ra,408047a8 <vfs_list>
40804d80:	4732                	c.lwsp	a4,12(sp)
40804d82:	46a2                	c.lwsp	a3,8(sp)
40804d84:	4462                	c.lwsp	s0,24(sp)
40804d86:	00072023          	sw	zero,0(a4)
40804d8a:	4785                	c.li	a5,1
40804d8c:	c29c                	c.sw	a5,0(a3)
40804d8e:	40f2                	c.lwsp	ra,28(sp)
40804d90:	4501                	c.li	a0,0
40804d92:	6105                	c.addi16sp	sp,32
40804d94:	8082                	c.jr	ra
40804d96:	4789                	c.li	a5,2
40804d98:	c29c                	c.sw	a5,0(a3)
40804d9a:	bfd5                	c.j	40804d8e <_ZL16desktop_dispatchiPiS_S_S_+0x62>
40804d9c:	478d                	c.li	a5,3
40804d9e:	c29c                	c.sw	a5,0(a3)
40804da0:	b7fd                	c.j	40804d8e <_ZL16desktop_dispatchiPiS_S_S_+0x62>
40804da2:	408055b7          	lui	a1,0x40805
40804da6:	4080e537          	lui	a0,0x4080e
40804daa:	4081a7b7          	lui	a5,0x4081a
40804dae:	ff658593          	addi	a1,a1,-10 # 40804ff6 <_ZL11pki_scan_cbPKcii>
40804db2:	6a050513          	addi	a0,a0,1696 # 4080e6a0 <_str_crlf+0x2252>
40804db6:	c436                	c.swsp	a3,8(sp)
40804db8:	4407a223          	sw	zero,1092(a5) # 4081a444 <_ZL11g_pki_count>
40804dbc:	9edff0ef          	jal	ra,408047a8 <vfs_list>
40804dc0:	46a2                	c.lwsp	a3,8(sp)
40804dc2:	408157b7          	lui	a5,0x40815
40804dc6:	1c078823          	sb	zero,464(a5) # 408151d0 <_ZL9g_pki_msg>
40804dca:	4795                	c.li	a5,5
40804dcc:	c29c                	c.sw	a5,0(a3)
40804dce:	b7c1                	c.j	40804d8e <_ZL16desktop_dispatchiPiS_S_S_+0x62>
40804dd0:	4080f537          	lui	a0,0x4080f
40804dd4:	b3050513          	addi	a0,a0,-1232 # 4080eb30 <_str_crlf+0x26e2>
40804dd8:	ea7fb0ef          	jal	ra,40800c7e <uart_puts>
40804ddc:	40f2                	c.lwsp	ra,28(sp)
40804dde:	4505                	c.li	a0,1
40804de0:	6105                	c.addi16sp	sp,32
40804de2:	8082                	c.jr	ra
40804de4:	4791                	c.li	a5,4
40804de6:	c29c                	c.sw	a5,0(a3)
40804de8:	b75d                	c.j	40804d8e <_ZL16desktop_dispatchiPiS_S_S_+0x62>
40804dea:	4080f537          	lui	a0,0x4080f
40804dee:	b5050513          	addi	a0,a0,-1200 # 4080eb50 <_str_crlf+0x2702>
40804df2:	e8dfb0ef          	jal	ra,40800c7e <uart_puts>
40804df6:	c6aac737          	lui	a4,0xc6aac
40804dfa:	408807b7          	lui	a5,0x40880
40804dfe:	b0170713          	addi	a4,a4,-1279 # c6aabb01 <_kern_stack_top+0x8622fb01>
40804e02:	468d                	c.li	a3,3
40804e04:	4080f537          	lui	a0,0x4080f
40804e08:	b5850513          	addi	a0,a0,-1192 # 4080eb58 <_str_crlf+0x270a>
40804e0c:	8007a423          	sw	zero,-2040(a5) # 4087f808 <_kern_stack_top+0x3808>
40804e10:	8007a623          	sw	zero,-2036(a5)
40804e14:	80e7a023          	sw	a4,-2048(a5)
40804e18:	80d7a223          	sw	a3,-2044(a5)
40804e1c:	e63fb0ef          	jal	ra,40800c7e <uart_puts>
40804e20:	40f2                	c.lwsp	ra,28(sp)
40804e22:	4509                	c.li	a0,2
40804e24:	6105                	c.addi16sp	sp,32
40804e26:	8082                	c.jr	ra
40804e28:	0006a023          	sw	zero,0(a3)
40804e2c:	b78d                	c.j	40804d8e <_ZL16desktop_dispatchiPiS_S_S_+0x62>
40804e2e:	4501                	c.li	a0,0
40804e30:	8082                	c.jr	ra
40804e32:	50d846b7          	lui	a3,0x50d84
40804e36:	60008737          	lui	a4,0x60008
40804e3a:	aa168693          	addi	a3,a3,-1375 # 50d83aa1 <_kern_stack_top+0x10507aa1>
40804e3e:	d374                	c.sw	a3,100(a4)
40804e40:	4685                	c.li	a3,1
40804e42:	c774                	c.sw	a3,76(a4)
40804e44:	87ba                	c.mv	a5,a4
40804e46:	cb34                	c.sw	a3,80(a4)
40804e48:	e0200737          	lui	a4,0xe0200
40804e4c:	c7b8                	c.sw	a4,72(a5)
40804e4e:	10500073          	wfi
40804e52:	10500073          	wfi
40804e56:	bfe5                	c.j	40804e4e <_ZL16desktop_dispatchiPiS_S_S_+0x122>

40804e58 <_ZL10fm_scan_cbPKcii>:
40804e58:	1101                	c.addi	sp,-32
40804e5a:	c84a                	c.swsp	s2,16(sp)
40804e5c:	4081a937          	lui	s2,0x4081a
40804e60:	44892783          	lw	a5,1096(s2) # 4081a448 <_ZL10g_fm_count>
40804e64:	ce06                	c.swsp	ra,28(sp)
40804e66:	477d                	c.li	a4,31
40804e68:	00f75663          	bge	a4,a5,40804e74 <_ZL10fm_scan_cbPKcii+0x1c>
40804e6c:	40f2                	c.lwsp	ra,28(sp)
40804e6e:	4942                	c.lwsp	s2,16(sp)
40804e70:	6105                	c.addi16sp	sp,32
40804e72:	8082                	c.jr	ra
40804e74:	c64e                	c.swsp	s3,12(sp)
40804e76:	408159b7          	lui	s3,0x40815
40804e7a:	c5098993          	addi	s3,s3,-944 # 40814c50 <_ZL9g_regions>
40804e7e:	5a898693          	addi	a3,s3,1448
40804e82:	0796                	c.slli	a5,0x5
40804e84:	cc22                	c.swsp	s0,24(sp)
40804e86:	ca26                	c.swsp	s1,20(sp)
40804e88:	8432                	c.mv	s0,a2
40804e8a:	84ae                	c.mv	s1,a1
40804e8c:	863a                	c.mv	a2,a4
40804e8e:	85aa                	c.mv	a1,a0
40804e90:	00f68533          	add	a0,a3,a5
40804e94:	9e5fb0ef          	jal	ra,40800878 <k_strncpy>
40804e98:	44892783          	lw	a5,1096(s2)
40804e9c:	40816737          	lui	a4,0x40816
40804ea0:	c5070713          	addi	a4,a4,-944 # 40815c50 <_ZZ6cmd_wcPKcE3buf+0x3b8>
40804ea4:	00579693          	slli	a3,a5,0x5
40804ea8:	99b6                	c.add	s3,a3
40804eaa:	00279613          	slli	a2,a5,0x2
40804eae:	00f706b3          	add	a3,a4,a5
40804eb2:	5c0983a3          	sb	zero,1479(s3)
40804eb6:	9a968423          	sb	s1,-1624(a3)
40804eba:	9732                	c.add	a4,a2
40804ebc:	40f2                	c.lwsp	ra,28(sp)
40804ebe:	9c872423          	sw	s0,-1592(a4)
40804ec2:	4462                	c.lwsp	s0,24(sp)
40804ec4:	0785                	c.addi	a5,1
40804ec6:	44f92423          	sw	a5,1096(s2)
40804eca:	44d2                	c.lwsp	s1,20(sp)
40804ecc:	49b2                	c.lwsp	s3,12(sp)
40804ece:	4942                	c.lwsp	s2,16(sp)
40804ed0:	6105                	c.addi16sp	sp,32
40804ed2:	8082                	c.jr	ra

40804ed4 <_ZL19desktop_fm_activatePi>:
40804ed4:	1101                	c.addi	sp,-32
40804ed6:	cc22                	c.swsp	s0,24(sp)
40804ed8:	40815437          	lui	s0,0x40815
40804edc:	ca26                	c.swsp	s1,20(sp)
40804ede:	ce06                	c.swsp	ra,28(sp)
40804ee0:	c5040413          	addi	s0,s0,-944 # 40814c50 <_ZL9g_regions>
40804ee4:	50044683          	lbu	a3,1280(s0)
40804ee8:	02f00713          	addi	a4,zero,47
40804eec:	411c                	c.lw	a5,0(a0)
40804eee:	84aa                	c.mv	s1,a0
40804ef0:	04e68063          	beq	a3,a4,40804f30 <_ZL19desktop_fm_activatePi+0x5c>
40804ef4:	c3b1                	c.beqz	a5,40804f38 <_ZL19desktop_fm_activatePi+0x64>
40804ef6:	17fd                	c.addi	a5,-1
40804ef8:	4501                	c.li	a0,0
40804efa:	0207c663          	blt	a5,zero,40804f26 <_ZL19desktop_fm_activatePi+0x52>
40804efe:	c84a                	c.swsp	s2,16(sp)
40804f00:	4081a937          	lui	s2,0x4081a
40804f04:	44892703          	lw	a4,1096(s2) # 4081a448 <_ZL10g_fm_count>
40804f08:	04e7dd63          	bge	a5,a4,40804f62 <_ZL19desktop_fm_activatePi+0x8e>
40804f0c:	40816737          	lui	a4,0x40816
40804f10:	c5070713          	addi	a4,a4,-944 # 40815c50 <_ZZ6cmd_wcPKcE3buf+0x3b8>
40804f14:	973e                	c.add	a4,a5
40804f16:	c64e                	c.swsp	s3,12(sp)
40804f18:	9a874983          	lbu	s3,-1624(a4)
40804f1c:	4705                	c.li	a4,1
40804f1e:	04e98863          	beq	s3,a4,40804f6e <_ZL19desktop_fm_activatePi+0x9a>
40804f22:	4942                	c.lwsp	s2,16(sp)
40804f24:	49b2                	c.lwsp	s3,12(sp)
40804f26:	40f2                	c.lwsp	ra,28(sp)
40804f28:	4462                	c.lwsp	s0,24(sp)
40804f2a:	44d2                	c.lwsp	s1,20(sp)
40804f2c:	6105                	c.addi16sp	sp,32
40804f2e:	8082                	c.jr	ra
40804f30:	50144703          	lbu	a4,1281(s0)
40804f34:	d371                	c.beqz	a4,40804ef8 <_ZL19desktop_fm_activatePi+0x24>
40804f36:	f3e1                	c.bnez	a5,40804ef6 <_ZL19desktop_fm_activatePi+0x22>
40804f38:	33bd                	c.jal	40804ca6 <_ZL5fm_upv>
40804f3a:	408055b7          	lui	a1,0x40805
40804f3e:	4081a7b7          	lui	a5,0x4081a
40804f42:	50040513          	addi	a0,s0,1280
40804f46:	e5858593          	addi	a1,a1,-424 # 40804e58 <_ZL10fm_scan_cbPKcii>
40804f4a:	4407a423          	sw	zero,1096(a5) # 4081a448 <_ZL10g_fm_count>
40804f4e:	85bff0ef          	jal	ra,408047a8 <vfs_list>
40804f52:	4505                	c.li	a0,1
40804f54:	0004a023          	sw	zero,0(s1)
40804f58:	40f2                	c.lwsp	ra,28(sp)
40804f5a:	4462                	c.lwsp	s0,24(sp)
40804f5c:	44d2                	c.lwsp	s1,20(sp)
40804f5e:	6105                	c.addi16sp	sp,32
40804f60:	8082                	c.jr	ra
40804f62:	40f2                	c.lwsp	ra,28(sp)
40804f64:	4462                	c.lwsp	s0,24(sp)
40804f66:	4942                	c.lwsp	s2,16(sp)
40804f68:	44d2                	c.lwsp	s1,20(sp)
40804f6a:	6105                	c.addi16sp	sp,32
40804f6c:	8082                	c.jr	ra
40804f6e:	c452                	c.swsp	s4,8(sp)
40804f70:	50040a13          	addi	s4,s0,1280
40804f74:	c256                	c.swsp	s5,4(sp)
40804f76:	0796                	c.slli	a5,0x5
40804f78:	5a840a93          	addi	s5,s0,1448
40804f7c:	8552                	c.mv	a0,s4
40804f7e:	9abe                	c.add	s5,a5
40804f80:	871fb0ef          	jal	ra,408007f0 <k_strlen>
40804f84:	05350063          	beq	a0,s3,40804fc4 <_ZL19desktop_fm_activatePi+0xf0>
40804f88:	07e00793          	addi	a5,zero,126
40804f8c:	04a7d463          	bge	a5,a0,40804fd4 <_ZL19desktop_fm_activatePi+0x100>
40804f90:	07f00613          	addi	a2,zero,127
40804f94:	8e09                	c.sub	a2,a0
40804f96:	85d6                	c.mv	a1,s5
40804f98:	9552                	c.add	a0,s4
40804f9a:	8dffb0ef          	jal	ra,40800878 <k_strncpy>
40804f9e:	408055b7          	lui	a1,0x40805
40804fa2:	8552                	c.mv	a0,s4
40804fa4:	e5858593          	addi	a1,a1,-424 # 40804e58 <_ZL10fm_scan_cbPKcii>
40804fa8:	44092423          	sw	zero,1096(s2)
40804fac:	56040fa3          	sb	zero,1407(s0)
40804fb0:	ff8ff0ef          	jal	ra,408047a8 <vfs_list>
40804fb4:	4505                	c.li	a0,1
40804fb6:	4942                	c.lwsp	s2,16(sp)
40804fb8:	49b2                	c.lwsp	s3,12(sp)
40804fba:	4a22                	c.lwsp	s4,8(sp)
40804fbc:	4a92                	c.lwsp	s5,4(sp)
40804fbe:	0004a023          	sw	zero,0(s1)
40804fc2:	bf59                	c.j	40804f58 <_ZL19desktop_fm_activatePi+0x84>
40804fc4:	50044703          	lbu	a4,1280(s0)
40804fc8:	02f00793          	addi	a5,zero,47
40804fcc:	07e00613          	addi	a2,zero,126
40804fd0:	fcf703e3          	beq	a4,a5,40804f96 <_ZL19desktop_fm_activatePi+0xc2>
40804fd4:	00150713          	addi	a4,a0,1
40804fd8:	00a407b3          	add	a5,s0,a0
40804fdc:	02f00693          	addi	a3,zero,47
40804fe0:	50d78023          	sb	a3,1280(a5)
40804fe4:	07f00613          	addi	a2,zero,127
40804fe8:	00e407b3          	add	a5,s0,a4
40804fec:	853a                	c.mv	a0,a4
40804fee:	50078023          	sb	zero,1280(a5)
40804ff2:	8e19                	c.sub	a2,a4
40804ff4:	b74d                	c.j	40804f96 <_ZL19desktop_fm_activatePi+0xc2>

40804ff6 <_ZL11pki_scan_cbPKcii>:
40804ff6:	4785                	c.li	a5,1
40804ff8:	00f58363          	beq	a1,a5,40804ffe <_ZL11pki_scan_cbPKcii+0x8>
40804ffc:	8082                	c.jr	ra
40804ffe:	4081a737          	lui	a4,0x4081a
40805002:	44472783          	lw	a5,1092(a4) # 4081a444 <_ZL11g_pki_count>
40805006:	46bd                	c.li	a3,15
40805008:	fef6cae3          	blt	a3,a5,40804ffc <_ZL11pki_scan_cbPKcii+0x6>
4080500c:	408156b7          	lui	a3,0x40815
40805010:	00579613          	slli	a2,a5,0x5
40805014:	69868693          	addi	a3,a3,1688 # 40815698 <_ZL11g_pki_names>
40805018:	85aa                	c.mv	a1,a0
4080501a:	0785                	c.addi	a5,1
4080501c:	00c68533          	add	a0,a3,a2
40805020:	467d                	c.li	a2,31
40805022:	44f72223          	sw	a5,1092(a4)
40805026:	853fb06f          	jal	zero,40800878 <k_strncpy>

4080502a <_ZL18desktop_pki_removei>:
4080502a:	7175                	c.addi16sp	sp,-144
4080502c:	c326                	c.swsp	s1,132(sp)
4080502e:	4081a4b7          	lui	s1,0x4081a
40805032:	4444a783          	lw	a5,1092(s1) # 4081a444 <_ZL11g_pki_count>
40805036:	c706                	c.swsp	ra,140(sp)
40805038:	c3d5                	c.beqz	a5,408050dc <_ZL18desktop_pki_removei+0xb2>
4080503a:	c522                	c.swsp	s0,136(sp)
4080503c:	842a                	c.mv	s0,a0
4080503e:	fb5fd0ef          	jal	ra,40802ff2 <user_check_root>
40805042:	cd3d                	c.beqz	a0,408050c0 <_ZL18desktop_pki_removei+0x96>
40805044:	4080f5b7          	lui	a1,0x4080f
40805048:	97058593          	addi	a1,a1,-1680 # 4080e970 <_str_crlf+0x2522>
4080504c:	850a                	c.mv	a0,sp
4080504e:	819fb0ef          	jal	ra,40800866 <k_strcpy>
40805052:	408157b7          	lui	a5,0x40815
40805056:	00541513          	slli	a0,s0,0x5
4080505a:	69878413          	addi	s0,a5,1688 # 40815698 <_ZL11g_pki_names>
4080505e:	942a                	c.add	s0,a0
40805060:	85a2                	c.mv	a1,s0
40805062:	00510513          	addi	a0,sp,5
40805066:	07a00613          	addi	a2,zero,122
4080506a:	80ffb0ef          	jal	ra,40800878 <k_strncpy>
4080506e:	850a                	c.mv	a0,sp
40805070:	bc0ff0ef          	jal	ra,40804430 <vfs_delete>
40805074:	e149                	c.bnez	a0,408050f6 <_ZL18desktop_pki_removei+0xcc>
40805076:	c14a                	c.swsp	s2,128(sp)
40805078:	40815937          	lui	s2,0x40815
4080507c:	c5090913          	addi	s2,s2,-944 # 40814c50 <_ZL9g_regions>
40805080:	4080f5b7          	lui	a1,0x4080f
40805084:	58090513          	addi	a0,s2,1408
40805088:	bac58593          	addi	a1,a1,-1108 # 4080ebac <_str_crlf+0x275e>
4080508c:	fdafb0ef          	jal	ra,40800866 <k_strcpy>
40805090:	58890513          	addi	a0,s2,1416
40805094:	85a2                	c.mv	a1,s0
40805096:	4679                	c.li	a2,30
40805098:	fe0fb0ef          	jal	ra,40800878 <k_strncpy>
4080509c:	490a                	c.lwsp	s2,128(sp)
4080509e:	408055b7          	lui	a1,0x40805
408050a2:	4080e537          	lui	a0,0x4080e
408050a6:	ff658593          	addi	a1,a1,-10 # 40804ff6 <_ZL11pki_scan_cbPKcii>
408050aa:	6a050513          	addi	a0,a0,1696 # 4080e6a0 <_str_crlf+0x2252>
408050ae:	4404a223          	sw	zero,1092(s1)
408050b2:	ef6ff0ef          	jal	ra,408047a8 <vfs_list>
408050b6:	40ba                	c.lwsp	ra,140(sp)
408050b8:	442a                	c.lwsp	s0,136(sp)
408050ba:	449a                	c.lwsp	s1,132(sp)
408050bc:	6149                	c.addi16sp	sp,144
408050be:	8082                	c.jr	ra
408050c0:	442a                	c.lwsp	s0,136(sp)
408050c2:	40ba                	c.lwsp	ra,140(sp)
408050c4:	449a                	c.lwsp	s1,132(sp)
408050c6:	40815537          	lui	a0,0x40815
408050ca:	4080f5b7          	lui	a1,0x4080f
408050ce:	1d050513          	addi	a0,a0,464 # 408151d0 <_ZL9g_pki_msg>
408050d2:	b9458593          	addi	a1,a1,-1132 # 4080eb94 <_str_crlf+0x2746>
408050d6:	6149                	c.addi16sp	sp,144
408050d8:	f8efb06f          	jal	zero,40800866 <k_strcpy>
408050dc:	40ba                	c.lwsp	ra,140(sp)
408050de:	449a                	c.lwsp	s1,132(sp)
408050e0:	40815537          	lui	a0,0x40815
408050e4:	4080f5b7          	lui	a1,0x4080f
408050e8:	1d050513          	addi	a0,a0,464 # 408151d0 <_ZL9g_pki_msg>
408050ec:	b7c58593          	addi	a1,a1,-1156 # 4080eb7c <_str_crlf+0x272e>
408050f0:	6149                	c.addi16sp	sp,144
408050f2:	f74fb06f          	jal	zero,40800866 <k_strcpy>
408050f6:	40815537          	lui	a0,0x40815
408050fa:	4080f5b7          	lui	a1,0x4080f
408050fe:	bb858593          	addi	a1,a1,-1096 # 4080ebb8 <_str_crlf+0x276a>
40805102:	1d050513          	addi	a0,a0,464 # 408151d0 <_ZL9g_pki_msg>
40805106:	f60fb0ef          	jal	ra,40800866 <k_strcpy>
4080510a:	bf51                	c.j	4080509e <_ZL18desktop_pki_removei+0x74>

4080510c <_ZL10put_centerPKci.constprop.0>:
4080510c:	1101                	c.addi	sp,-32
4080510e:	c84a                	c.swsp	s2,16(sp)
40805110:	c64e                	c.swsp	s3,12(sp)
40805112:	c452                	c.swsp	s4,8(sp)
40805114:	ce06                	c.swsp	ra,28(sp)
40805116:	cc22                	c.swsp	s0,24(sp)
40805118:	ca26                	c.swsp	s1,20(sp)
4080511a:	89aa                	c.mv	s3,a0
4080511c:	ed4fb0ef          	jal	ra,408007f0 <k_strlen>
40805120:	47b1                	c.li	a5,12
40805122:	8a2a                	c.mv	s4,a0
40805124:	893e                	c.mv	s2,a5
40805126:	00a7c363          	blt	a5,a0,4080512c <_ZL10put_centerPKci.constprop.0+0x20>
4080512a:	892a                	c.mv	s2,a0
4080512c:	44b1                	c.li	s1,12
4080512e:	412484b3          	sub	s1,s1,s2
40805132:	8485                	c.srai	s1,0x1
40805134:	c889                	c.beqz	s1,40805146 <_ZL10put_centerPKci.constprop.0+0x3a>
40805136:	4401                	c.li	s0,0
40805138:	02000513          	addi	a0,zero,32
4080513c:	0405                	c.addi	s0,1
4080513e:	f9efb0ef          	jal	ra,408008dc <uart_putc>
40805142:	fe849be3          	bne	s1,s0,40805138 <_ZL10put_centerPKci.constprop.0+0x2c>
40805146:	01405c63          	bge	zero,s4,4080515e <_ZL10put_centerPKci.constprop.0+0x52>
4080514a:	4401                	c.li	s0,0
4080514c:	008987b3          	add	a5,s3,s0
40805150:	0007c503          	lbu	a0,0(a5)
40805154:	0405                	c.addi	s0,1
40805156:	f86fb0ef          	jal	ra,408008dc <uart_putc>
4080515a:	ff2449e3          	blt	s0,s2,4080514c <_ZL10put_centerPKci.constprop.0+0x40>
4080515e:	47b1                	c.li	a5,12
40805160:	409784b3          	sub	s1,a5,s1
40805164:	412484b3          	sub	s1,s1,s2
40805168:	00905a63          	bge	zero,s1,4080517c <_ZL10put_centerPKci.constprop.0+0x70>
4080516c:	4401                	c.li	s0,0
4080516e:	02000513          	addi	a0,zero,32
40805172:	0405                	c.addi	s0,1
40805174:	f68fb0ef          	jal	ra,408008dc <uart_putc>
40805178:	fe849be3          	bne	s1,s0,4080516e <_ZL10put_centerPKci.constprop.0+0x62>
4080517c:	40f2                	c.lwsp	ra,28(sp)
4080517e:	4462                	c.lwsp	s0,24(sp)
40805180:	44d2                	c.lwsp	s1,20(sp)
40805182:	4942                	c.lwsp	s2,16(sp)
40805184:	49b2                	c.lwsp	s3,12(sp)
40805186:	4a22                	c.lwsp	s4,8(sp)
40805188:	6105                	c.addi16sp	sp,32
4080518a:	8082                	c.jr	ra

4080518c <_ZL16desktop_dropdowniiPK7MenuDefi>:
4080518c:	715d                	c.addi16sp	sp,-80
4080518e:	d462                	c.swsp	s8,40(sp)
40805190:	4080fc37          	lui	s8,0x4080f
40805194:	da56                	c.swsp	s5,52(sp)
40805196:	d85a                	c.swsp	s6,48(sp)
40805198:	d65e                	c.swsp	s7,44(sp)
4080519a:	8b2a                	c.mv	s6,a0
4080519c:	8aae                	c.mv	s5,a1
4080519e:	8bb2                	c.mv	s7,a2
408051a0:	862e                	c.mv	a2,a1
408051a2:	85aa                	c.mv	a1,a0
408051a4:	bc8c0513          	addi	a0,s8,-1080 # 4080ebc8 <_str_crlf+0x277a>
408051a8:	c686                	c.swsp	ra,76(sp)
408051aa:	c4a2                	c.swsp	s0,72(sp)
408051ac:	d266                	c.swsp	s9,36(sp)
408051ae:	8cb6                	c.mv	s9,a3
408051b0:	bc9fb0ef          	jal	ra,40800d78 <kprintf>
408051b4:	4080f7b7          	lui	a5,0x4080f
408051b8:	bd478513          	addi	a0,a5,-1068 # 4080ebd4 <_str_crlf+0x2786>
408051bc:	ac3fb0ef          	jal	ra,40800c7e <uart_puts>
408051c0:	4441                	c.li	s0,16
408051c2:	02d00513          	addi	a0,zero,45
408051c6:	147d                	c.addi	s0,-1
408051c8:	f14fb0ef          	jal	ra,408008dc <uart_putc>
408051cc:	f87d                	c.bnez	s0,408051c2 <_ZL16desktop_dropdowniiPK7MenuDefi+0x36>
408051ce:	4080f7b7          	lui	a5,0x4080f
408051d2:	be078513          	addi	a0,a5,-1056 # 4080ebe0 <_str_crlf+0x2792>
408051d6:	aa9fb0ef          	jal	ra,40800c7e <uart_puts>
408051da:	000ba583          	lw	a1,0(s7)
408051de:	0b05                	c.addi	s6,1
408051e0:	0cb05e63          	bge	zero,a1,408052bc <_ZL16desktop_dropdowniiPK7MenuDefi+0x130>
408051e4:	011a8793          	addi	a5,s5,17
408051e8:	c0ca                	c.swsp	s2,64(sp)
408051ea:	de4e                	c.swsp	s3,60(sp)
408051ec:	d06a                	c.swsp	s10,32(sp)
408051ee:	c2a6                	c.swsp	s1,68(sp)
408051f0:	dc52                	c.swsp	s4,56(sp)
408051f2:	ce6e                	c.swsp	s11,28(sp)
408051f4:	c63e                	c.swsp	a5,12(sp)
408051f6:	004b8993          	addi	s3,s7,4
408051fa:	4901                	c.li	s2,0
408051fc:	4081ad37          	lui	s10,0x4081a
40805200:	4439                	c.li	s0,14
40805202:	012b0a33          	add	s4,s6,s2
40805206:	bc8c0513          	addi	a0,s8,-1080
4080520a:	85d2                	c.mv	a1,s4
4080520c:	8656                	c.mv	a2,s5
4080520e:	b6bfb0ef          	jal	ra,40800d78 <kprintf>
40805212:	4080f7b7          	lui	a5,0x4080f
40805216:	be878513          	addi	a0,a5,-1048 # 4080ebe8 <_str_crlf+0x279a>
4080521a:	a65fb0ef          	jal	ra,40800c7e <uart_puts>
4080521e:	0f2c8863          	beq	s9,s2,4080530e <_ZL16desktop_dropdowniiPK7MenuDefi+0x182>
40805222:	4080f7b7          	lui	a5,0x4080f
40805226:	c0078513          	addi	a0,a5,-1024 # 4080ec00 <_str_crlf+0x27b2>
4080522a:	a55fb0ef          	jal	ra,40800c7e <uart_puts>
4080522e:	02000513          	addi	a0,zero,32
40805232:	eaafb0ef          	jal	ra,408008dc <uart_putc>
40805236:	02000513          	addi	a0,zero,32
4080523a:	ea2fb0ef          	jal	ra,408008dc <uart_putc>
4080523e:	0009a483          	lw	s1,0(s3)
40805242:	4d81                	c.li	s11,0
40805244:	0004c503          	lbu	a0,0(s1)
40805248:	cd4d                	c.beqz	a0,40805302 <_ZL16desktop_dropdowniiPK7MenuDefi+0x176>
4080524a:	e92fb0ef          	jal	ra,408008dc <uart_putc>
4080524e:	0d85                	c.addi	s11,1
40805250:	01b48733          	add	a4,s1,s11
40805254:	00074503          	lbu	a0,0(a4)
40805258:	c15d                	c.beqz	a0,408052fe <_ZL16desktop_dropdowniiPK7MenuDefi+0x172>
4080525a:	fe8d98e3          	bne	s11,s0,4080524a <_ZL16desktop_dropdowniiPK7MenuDefi+0xbe>
4080525e:	4080f7b7          	lui	a5,0x4080f
40805262:	c0c78513          	addi	a0,a5,-1012 # 4080ec0c <_str_crlf+0x27be>
40805266:	a19fb0ef          	jal	ra,40800c7e <uart_puts>
4080526a:	44cd2703          	lw	a4,1100(s10) # 4081a44c <_ZL14g_region_count>
4080526e:	03f00793          	addi	a5,zero,63
40805272:	02e7c963          	blt	a5,a4,408052a4 <_ZL16desktop_dropdowniiPK7MenuDefi+0x118>
40805276:	00271693          	slli	a3,a4,0x2
4080527a:	96ba                	c.add	a3,a4
4080527c:	0705                	c.addi	a4,1
4080527e:	0109a603          	lw	a2,16(s3)
40805282:	408157b7          	lui	a5,0x40815
40805286:	44ed2623          	sw	a4,1100(s10)
4080528a:	4732                	c.lwsp	a4,12(sp)
4080528c:	068a                	c.slli	a3,0x2
4080528e:	c5078793          	addi	a5,a5,-944 # 40814c50 <_ZL9g_regions>
40805292:	97b6                	c.add	a5,a3
40805294:	cb90                	c.sw	a2,16(a5)
40805296:	0147a023          	sw	s4,0(a5)
4080529a:	0147a223          	sw	s4,4(a5)
4080529e:	0157a423          	sw	s5,8(a5)
408052a2:	c7d8                	c.sw	a4,12(a5)
408052a4:	000ba583          	lw	a1,0(s7)
408052a8:	0905                	c.addi	s2,1
408052aa:	0991                	c.addi	s3,4
408052ac:	f4b94be3          	blt	s2,a1,40805202 <_ZL16desktop_dropdowniiPK7MenuDefi+0x76>
408052b0:	4496                	c.lwsp	s1,68(sp)
408052b2:	4906                	c.lwsp	s2,64(sp)
408052b4:	59f2                	c.lwsp	s3,60(sp)
408052b6:	5a62                	c.lwsp	s4,56(sp)
408052b8:	5d02                	c.lwsp	s10,32(sp)
408052ba:	4df2                	c.lwsp	s11,28(sp)
408052bc:	8656                	c.mv	a2,s5
408052be:	95da                	c.add	a1,s6
408052c0:	bc8c0513          	addi	a0,s8,-1080
408052c4:	ab5fb0ef          	jal	ra,40800d78 <kprintf>
408052c8:	4080f7b7          	lui	a5,0x4080f
408052cc:	bd478513          	addi	a0,a5,-1068 # 4080ebd4 <_str_crlf+0x2786>
408052d0:	9affb0ef          	jal	ra,40800c7e <uart_puts>
408052d4:	4441                	c.li	s0,16
408052d6:	02d00513          	addi	a0,zero,45
408052da:	147d                	c.addi	s0,-1
408052dc:	e00fb0ef          	jal	ra,408008dc <uart_putc>
408052e0:	f87d                	c.bnez	s0,408052d6 <_ZL16desktop_dropdowniiPK7MenuDefi+0x14a>
408052e2:	4426                	c.lwsp	s0,72(sp)
408052e4:	40b6                	c.lwsp	ra,76(sp)
408052e6:	5ad2                	c.lwsp	s5,52(sp)
408052e8:	5b42                	c.lwsp	s6,48(sp)
408052ea:	5bb2                	c.lwsp	s7,44(sp)
408052ec:	5c22                	c.lwsp	s8,40(sp)
408052ee:	5c92                	c.lwsp	s9,36(sp)
408052f0:	4080f7b7          	lui	a5,0x4080f
408052f4:	be078513          	addi	a0,a5,-1056 # 4080ebe0 <_str_crlf+0x2792>
408052f8:	6161                	c.addi16sp	sp,80
408052fa:	985fb06f          	jal	zero,40800c7e <uart_puts>
408052fe:	f68d80e3          	beq	s11,s0,4080525e <_ZL16desktop_dropdowniiPK7MenuDefi+0xd2>
40805302:	02000513          	addi	a0,zero,32
40805306:	dd6fb0ef          	jal	ra,408008dc <uart_putc>
4080530a:	0d85                	c.addi	s11,1
4080530c:	bfcd                	c.j	408052fe <_ZL16desktop_dropdowniiPK7MenuDefi+0x172>
4080530e:	4080f7b7          	lui	a5,0x4080f
40805312:	bf478513          	addi	a0,a5,-1036 # 4080ebf4 <_str_crlf+0x27a6>
40805316:	969fb0ef          	jal	ra,40800c7e <uart_puts>
4080531a:	03e00513          	addi	a0,zero,62
4080531e:	bf11                	c.j	40805232 <_ZL16desktop_dropdowniiPK7MenuDefi+0xa6>

40805320 <_ZL12desktop_baseiii>:
40805320:	711d                	c.addi16sp	sp,-96
40805322:	4080f737          	lui	a4,0x4080f
40805326:	87aa                	c.mv	a5,a0
40805328:	d86a                	c.swsp	s10,48(sp)
4080532a:	b5070513          	addi	a0,a4,-1200 # 4080eb50 <_str_crlf+0x2702>
4080532e:	4081ad37          	lui	s10,0x4081a
40805332:	ce86                	c.swsp	ra,92(sp)
40805334:	c83e                	c.swsp	a5,16(sp)
40805336:	cca2                	c.swsp	s0,88(sp)
40805338:	caa6                	c.swsp	s1,84(sp)
4080533a:	c8ca                	c.swsp	s2,80(sp)
4080533c:	c0da                	c.swsp	s6,64(sp)
4080533e:	ca2e                	c.swsp	a1,20(sp)
40805340:	8b32                	c.mv	s6,a2
40805342:	c6ce                	c.swsp	s3,76(sp)
40805344:	c4d2                	c.swsp	s4,72(sp)
40805346:	c2d6                	c.swsp	s5,68(sp)
40805348:	440d2623          	sw	zero,1100(s10) # 4081a44c <_ZL14g_region_count>
4080534c:	933fb0ef          	jal	ra,40800c7e <uart_puts>
40805350:	4605                	c.li	a2,1
40805352:	4080f437          	lui	s0,0x4080f
40805356:	85b2                	c.mv	a1,a2
40805358:	bc840513          	addi	a0,s0,-1080 # 4080ebc8 <_str_crlf+0x277a>
4080535c:	a1dfb0ef          	jal	ra,40800d78 <kprintf>
40805360:	4080f937          	lui	s2,0x4080f
40805364:	c0090513          	addi	a0,s2,-1024 # 4080ec00 <_str_crlf+0x27b2>
40805368:	917fb0ef          	jal	ra,40800c7e <uart_puts>
4080536c:	05000493          	addi	s1,zero,80
40805370:	02000513          	addi	a0,zero,32
40805374:	14fd                	c.addi	s1,-1
40805376:	d66fb0ef          	jal	ra,408008dc <uart_putc>
4080537a:	f8fd                	c.bnez	s1,40805370 <_ZL12desktop_baseiii+0x50>
4080537c:	4605                	c.li	a2,1
4080537e:	85b2                	c.mv	a1,a2
40805380:	bc840513          	addi	a0,s0,-1080
40805384:	9f5fb0ef          	jal	ra,40800d78 <kprintf>
40805388:	47d2                	c.lwsp	a5,20(sp)
4080538a:	4705                	c.li	a4,1
4080538c:	9bf5                	c.andi	a5,-3
4080538e:	1ce78a63          	beq	a5,a4,40805562 <_ZL12desktop_baseiii+0x242>
40805392:	c0090513          	addi	a0,s2,-1024
40805396:	8e9fb0ef          	jal	ra,40800c7e <uart_puts>
4080539a:	4080f537          	lui	a0,0x4080f
4080539e:	c4850513          	addi	a0,a0,-952 # 4080ec48 <_str_crlf+0x27fa>
408053a2:	8ddfb0ef          	jal	ra,40800c7e <uart_puts>
408053a6:	4752                	c.lwsp	a4,20(sp)
408053a8:	4789                	c.li	a5,2
408053aa:	1cf71863          	bne	a4,a5,4080557a <_ZL12desktop_baseiii+0x25a>
408053ae:	4080f537          	lui	a0,0x4080f
408053b2:	bf450513          	addi	a0,a0,-1036 # 4080ebf4 <_str_crlf+0x27a6>
408053b6:	8c9fb0ef          	jal	ra,40800c7e <uart_puts>
408053ba:	4080f537          	lui	a0,0x4080f
408053be:	c5450513          	addi	a0,a0,-940 # 4080ec54 <_str_crlf+0x2806>
408053c2:	8bdfb0ef          	jal	ra,40800c7e <uart_puts>
408053c6:	bc840513          	addi	a0,s0,-1080
408053ca:	04900613          	addi	a2,zero,73
408053ce:	4585                	c.li	a1,1
408053d0:	9a9fb0ef          	jal	ra,40800d78 <kprintf>
408053d4:	4080f537          	lui	a0,0x4080f
408053d8:	c5c50513          	addi	a0,a0,-932 # 4080ec5c <_str_crlf+0x280e>
408053dc:	8a3fb0ef          	jal	ra,40800c7e <uart_puts>
408053e0:	44cd2683          	lw	a3,1100(s10)
408053e4:	03f00793          	addi	a5,zero,63
408053e8:	04d7cb63          	blt	a5,a3,4080543e <_ZL12desktop_baseiii+0x11e>
408053ec:	00269793          	slli	a5,a3,0x2
408053f0:	97b6                	c.add	a5,a3
408053f2:	40815737          	lui	a4,0x40815
408053f6:	4605                	c.li	a2,1
408053f8:	078a                	c.slli	a5,0x2
408053fa:	c5070713          	addi	a4,a4,-944 # 40814c50 <_ZL9g_regions>
408053fe:	97ba                	c.add	a5,a4
40805400:	481d                	c.li	a6,7
40805402:	4521                	c.li	a0,8
40805404:	00c685b3          	add	a1,a3,a2
40805408:	0107a823          	sw	a6,16(a5)
4080540c:	c390                	c.sw	a2,0(a5)
4080540e:	c3d0                	c.sw	a2,4(a5)
40805410:	c790                	c.sw	a2,8(a5)
40805412:	c7c8                	c.sw	a0,12(a5)
40805414:	44bd2623          	sw	a1,1100(s10)
40805418:	04000793          	addi	a5,zero,64
4080541c:	02f58163          	beq	a1,a5,4080543e <_ZL12desktop_baseiii+0x11e>
40805420:	00259793          	slli	a5,a1,0x2
40805424:	97ae                	c.add	a5,a1
40805426:	078a                	c.slli	a5,0x2
40805428:	97ba                	c.add	a5,a4
4080542a:	0689                	c.addi	a3,2
4080542c:	45a5                	c.li	a1,9
4080542e:	4739                	c.li	a4,14
40805430:	44dd2623          	sw	a3,1100(s10)
40805434:	c390                	c.sw	a2,0(a5)
40805436:	c3d0                	c.sw	a2,4(a5)
40805438:	cb88                	c.sw	a0,16(a5)
4080543a:	c78c                	c.sw	a1,8(a5)
4080543c:	c7d8                	c.sw	a4,12(a5)
4080543e:	4989                	c.li	s3,2
40805440:	4080fa37          	lui	s4,0x4080f
40805444:	4080f4b7          	lui	s1,0x4080f
40805448:	4ae1                	c.li	s5,24
4080544a:	4605                	c.li	a2,1
4080544c:	85ce                	c.mv	a1,s3
4080544e:	bc840513          	addi	a0,s0,-1080
40805452:	927fb0ef          	jal	ra,40800d78 <kprintf>
40805456:	c1ca0513          	addi	a0,s4,-996 # 4080ec1c <_str_crlf+0x27ce>
4080545a:	825fb0ef          	jal	ra,40800c7e <uart_puts>
4080545e:	05000913          	addi	s2,zero,80
40805462:	02000513          	addi	a0,zero,32
40805466:	197d                	c.addi	s2,-1
40805468:	c74fb0ef          	jal	ra,408008dc <uart_putc>
4080546c:	fe091be3          	bne	s2,zero,40805462 <_ZL12desktop_baseiii+0x142>
40805470:	c7048513          	addi	a0,s1,-912 # 4080ec70 <_str_crlf+0x2822>
40805474:	0985                	c.addi	s3,1
40805476:	809fb0ef          	jal	ra,40800c7e <uart_puts>
4080547a:	fd5998e3          	bne	s3,s5,4080544a <_ZL12desktop_baseiii+0x12a>
4080547e:	180b1e63          	bne	s6,zero,4080561a <_ZL12desktop_baseiii+0x2fa>
40805482:	aaaab7b7          	lui	a5,0xaaaab
40805486:	aab78793          	addi	a5,a5,-1365 # aaaaaaab <_kern_stack_top+0x6a22eaab>
4080548a:	ce3e                	c.swsp	a5,28(sp)
4080548c:	47d2                	c.lwsp	a5,20(sp)
4080548e:	40812b37          	lui	s6,0x40812
40805492:	de5e                	c.swsp	s7,60(sp)
40805494:	0017b793          	sltiu	a5,a5,1
40805498:	dc62                	c.swsp	s8,56(sp)
4080549a:	da66                	c.swsp	s9,52(sp)
4080549c:	d66e                	c.swsp	s11,44(sp)
4080549e:	aacb0b13          	addi	s6,s6,-1364 # 40811aac <_ZL10DESK_ICONS>
408054a2:	cc3e                	c.swsp	a5,24(sp)
408054a4:	4a81                	c.li	s5,0
408054a6:	47f2                	c.lwsp	a5,28(sp)
408054a8:	4742                	c.lwsp	a4,16(sp)
408054aa:	4901                	c.li	s2,0
408054ac:	02fab7b3          	mulhu	a5,s5,a5
408054b0:	415709b3          	sub	s3,a4,s5
408054b4:	4762                	c.lwsp	a4,24(sp)
408054b6:	0019b993          	sltiu	s3,s3,1
408054ba:	4c85                	c.li	s9,1
408054bc:	013779b3          	and	s3,a4,s3
408054c0:	8385                	c.srli	a5,0x1
408054c2:	00179713          	slli	a4,a5,0x1
408054c6:	973e                	c.add	a4,a5
408054c8:	40ea8733          	sub	a4,s5,a4
408054cc:	00371693          	slli	a3,a4,0x3
408054d0:	40f007b3          	sub	a5,zero,a5
408054d4:	9736                	c.add	a4,a3
408054d6:	8b95                	c.andi	a5,5
408054d8:	0706                	c.slli	a4,0x1
408054da:	c43e                	c.swsp	a5,8(sp)
408054dc:	c63a                	c.swsp	a4,12(sp)
408054de:	00670b93          	addi	s7,a4,6
408054e2:	00478c13          	addi	s8,a5,4
408054e6:	865e                	c.mv	a2,s7
408054e8:	012c05b3          	add	a1,s8,s2
408054ec:	bc840513          	addi	a0,s0,-1080
408054f0:	889fb0ef          	jal	ra,40800d78 <kprintf>
408054f4:	04098363          	beq	s3,zero,4080553a <_ZL12desktop_baseiii+0x21a>
408054f8:	4080f7b7          	lui	a5,0x4080f
408054fc:	bf478513          	addi	a0,a5,-1036 # 4080ebf4 <_str_crlf+0x27a6>
40805500:	f7efb0ef          	jal	ra,40800c7e <uart_puts>
40805504:	4db1                	c.li	s11,12
40805506:	05990563          	beq	s2,s9,40805550 <_ZL12desktop_baseiii+0x230>
4080550a:	02000513          	addi	a0,zero,32
4080550e:	1dfd                	c.addi	s11,-1
40805510:	bccfb0ef          	jal	ra,408008dc <uart_putc>
40805514:	fe0d9be3          	bne	s11,zero,4080550a <_ZL12desktop_baseiii+0x1ea>
40805518:	c7048513          	addi	a0,s1,-912
4080551c:	f62fb0ef          	jal	ra,40800c7e <uart_puts>
40805520:	4789                	c.li	a5,2
40805522:	04f90f63          	beq	s2,a5,40805580 <_ZL12desktop_baseiii+0x260>
40805526:	4905                	c.li	s2,1
40805528:	865e                	c.mv	a2,s7
4080552a:	012c05b3          	add	a1,s8,s2
4080552e:	bc840513          	addi	a0,s0,-1080
40805532:	847fb0ef          	jal	ra,40800d78 <kprintf>
40805536:	fc0991e3          	bne	s3,zero,408054f8 <_ZL12desktop_baseiii+0x1d8>
4080553a:	008b2583          	lw	a1,8(s6)
4080553e:	4080f7b7          	lui	a5,0x4080f
40805542:	c7878513          	addi	a0,a5,-904 # 4080ec78 <_str_crlf+0x282a>
40805546:	833fb0ef          	jal	ra,40800d78 <kprintf>
4080554a:	4db1                	c.li	s11,12
4080554c:	fb991fe3          	bne	s2,s9,4080550a <_ZL12desktop_baseiii+0x1ea>
40805550:	000b2503          	lw	a0,0(s6)
40805554:	4909                	c.li	s2,2
40805556:	3e5d                	c.jal	4080510c <_ZL10put_centerPKci.constprop.0>
40805558:	c7048513          	addi	a0,s1,-912
4080555c:	f22fb0ef          	jal	ra,40800c7e <uart_puts>
40805560:	b759                	c.j	408054e6 <_ZL12desktop_baseiii+0x1c6>
40805562:	4080f537          	lui	a0,0x4080f
40805566:	bf450513          	addi	a0,a0,-1036 # 4080ebf4 <_str_crlf+0x27a6>
4080556a:	f14fb0ef          	jal	ra,40800c7e <uart_puts>
4080556e:	4080f537          	lui	a0,0x4080f
40805572:	c4850513          	addi	a0,a0,-952 # 4080ec48 <_str_crlf+0x27fa>
40805576:	f08fb0ef          	jal	ra,40800c7e <uart_puts>
4080557a:	c0090513          	addi	a0,s2,-1024
4080557e:	bd25                	c.j	408053b6 <_ZL12desktop_baseiii+0x96>
40805580:	47a2                	c.lwsp	a5,8(sp)
40805582:	bc840513          	addi	a0,s0,-1080
40805586:	865e                	c.mv	a2,s7
40805588:	00778913          	addi	s2,a5,7
4080558c:	85ca                	c.mv	a1,s2
4080558e:	feafb0ef          	jal	ra,40800d78 <kprintf>
40805592:	c1ca0513          	addi	a0,s4,-996
40805596:	00098663          	beq	s3,zero,408055a2 <_ZL12desktop_baseiii+0x282>
4080559a:	4080f7b7          	lui	a5,0x4080f
4080559e:	bf478513          	addi	a0,a5,-1036 # 4080ebf4 <_str_crlf+0x27a6>
408055a2:	edcfb0ef          	jal	ra,40800c7e <uart_puts>
408055a6:	004b2503          	lw	a0,4(s6)
408055aa:	368d                	c.jal	4080510c <_ZL10put_centerPKci.constprop.0>
408055ac:	c7048513          	addi	a0,s1,-912
408055b0:	ecefb0ef          	jal	ra,40800c7e <uart_puts>
408055b4:	44cd2703          	lw	a4,1100(s10)
408055b8:	03f00793          	addi	a5,zero,63
408055bc:	02e7ca63          	blt	a5,a4,408055f0 <_ZL12desktop_baseiii+0x2d0>
408055c0:	00271613          	slli	a2,a4,0x2
408055c4:	963a                	c.add	a2,a4
408055c6:	408157b7          	lui	a5,0x40815
408055ca:	060a                	c.slli	a2,0x2
408055cc:	46b2                	c.lwsp	a3,12(sp)
408055ce:	c5078793          	addi	a5,a5,-944 # 40814c50 <_ZL9g_regions>
408055d2:	97b2                	c.add	a5,a2
408055d4:	00cb2603          	lw	a2,12(s6)
408055d8:	06c5                	c.addi	a3,17
408055da:	0705                	c.addi	a4,1
408055dc:	44ed2623          	sw	a4,1100(s10)
408055e0:	c7d4                	c.sw	a3,12(a5)
408055e2:	0187a023          	sw	s8,0(a5)
408055e6:	0127a223          	sw	s2,4(a5)
408055ea:	0177a423          	sw	s7,8(a5)
408055ee:	cb90                	c.sw	a2,16(a5)
408055f0:	0a85                	c.addi	s5,1
408055f2:	4799                	c.li	a5,6
408055f4:	0b41                	c.addi	s6,16
408055f6:	eafa98e3          	bne	s5,a5,408054a6 <_ZL12desktop_baseiii+0x186>
408055fa:	460d                	c.li	a2,3
408055fc:	45dd                	c.li	a1,23
408055fe:	bc840513          	addi	a0,s0,-1080
40805602:	f76fb0ef          	jal	ra,40800d78 <kprintf>
40805606:	4080f537          	lui	a0,0x4080f
4080560a:	c8450513          	addi	a0,a0,-892 # 4080ec84 <_str_crlf+0x2836>
4080560e:	e70fb0ef          	jal	ra,40800c7e <uart_puts>
40805612:	5bf2                	c.lwsp	s7,60(sp)
40805614:	5c62                	c.lwsp	s8,56(sp)
40805616:	5cd2                	c.lwsp	s9,52(sp)
40805618:	5db2                	c.lwsp	s11,44(sp)
4080561a:	bc840513          	addi	a0,s0,-1080
4080561e:	4605                	c.li	a2,1
40805620:	45e1                	c.li	a1,24
40805622:	f56fb0ef          	jal	ra,40800d78 <kprintf>
40805626:	4752                	c.lwsp	a4,20(sp)
40805628:	478d                	c.li	a5,3
4080562a:	0af70b63          	beq	a4,a5,408056e0 <_ZL12desktop_baseiii+0x3c0>
4080562e:	4080f437          	lui	s0,0x4080f
40805632:	c2840513          	addi	a0,s0,-984 # 4080ec28 <_str_crlf+0x27da>
40805636:	e48fb0ef          	jal	ra,40800c7e <uart_puts>
4080563a:	4080f537          	lui	a0,0x4080f
4080563e:	cd450513          	addi	a0,a0,-812 # 4080ecd4 <_str_crlf+0x2886>
40805642:	e3cfb0ef          	jal	ra,40800c7e <uart_puts>
40805646:	c2840513          	addi	a0,s0,-984
4080564a:	e34fb0ef          	jal	ra,40800c7e <uart_puts>
4080564e:	4080f4b7          	lui	s1,0x4080f
40805652:	c3448493          	addi	s1,s1,-972 # 4080ec34 <_str_crlf+0x27e6>
40805656:	4401                	c.li	s0,0
40805658:	02000513          	addi	a0,zero,32
4080565c:	04000913          	addi	s2,zero,64
40805660:	a7cfb0ef          	jal	ra,408008dc <uart_putc>
40805664:	0014c503          	lbu	a0,1(s1)
40805668:	0485                	c.addi	s1,1
4080566a:	0405                	c.addi	s0,1
4080566c:	cd31                	c.beqz	a0,408056c8 <_ZL12desktop_baseiii+0x3a8>
4080566e:	ff2419e3          	bne	s0,s2,40805660 <_ZL12desktop_baseiii+0x340>
40805672:	4080f537          	lui	a0,0x4080f
40805676:	c6450513          	addi	a0,a0,-924 # 4080ec64 <_str_crlf+0x2816>
4080567a:	e04fb0ef          	jal	ra,40800c7e <uart_puts>
4080567e:	44cd2703          	lw	a4,1100(s10)
40805682:	03f00793          	addi	a5,zero,63
40805686:	02e7c663          	blt	a5,a4,408056b2 <_ZL12desktop_baseiii+0x392>
4080568a:	00271693          	slli	a3,a4,0x2
4080568e:	96ba                	c.add	a3,a4
40805690:	408157b7          	lui	a5,0x40815
40805694:	068a                	c.slli	a3,0x2
40805696:	c5078793          	addi	a5,a5,-944 # 40814c50 <_ZL9g_regions>
4080569a:	97b6                	c.add	a5,a3
4080569c:	4661                	c.li	a2,24
4080569e:	46a5                	c.li	a3,9
408056a0:	0705                	c.addi	a4,1
408056a2:	4585                	c.li	a1,1
408056a4:	44ed2623          	sw	a4,1100(s10)
408056a8:	c78c                	c.sw	a1,8(a5)
408056aa:	c390                	c.sw	a2,0(a5)
408056ac:	c3d0                	c.sw	a2,4(a5)
408056ae:	c7d4                	c.sw	a3,12(a5)
408056b0:	cb94                	c.sw	a3,16(a5)
408056b2:	40f6                	c.lwsp	ra,92(sp)
408056b4:	4466                	c.lwsp	s0,88(sp)
408056b6:	44d6                	c.lwsp	s1,84(sp)
408056b8:	4946                	c.lwsp	s2,80(sp)
408056ba:	49b6                	c.lwsp	s3,76(sp)
408056bc:	4a26                	c.lwsp	s4,72(sp)
408056be:	4a96                	c.lwsp	s5,68(sp)
408056c0:	4b06                	c.lwsp	s6,64(sp)
408056c2:	5d42                	c.lwsp	s10,48(sp)
408056c4:	6125                	c.addi16sp	sp,96
408056c6:	8082                	c.jr	ra
408056c8:	04000493          	addi	s1,zero,64
408056cc:	fa9403e3          	beq	s0,s1,40805672 <_ZL12desktop_baseiii+0x352>
408056d0:	02000513          	addi	a0,zero,32
408056d4:	0405                	c.addi	s0,1
408056d6:	a06fb0ef          	jal	ra,408008dc <uart_putc>
408056da:	fe941be3          	bne	s0,s1,408056d0 <_ZL12desktop_baseiii+0x3b0>
408056de:	bf51                	c.j	40805672 <_ZL12desktop_baseiii+0x352>
408056e0:	4080f537          	lui	a0,0x4080f
408056e4:	bf450513          	addi	a0,a0,-1036 # 4080ebf4 <_str_crlf+0x27a6>
408056e8:	4080f437          	lui	s0,0x4080f
408056ec:	b7a9                	c.j	40805636 <_ZL12desktop_baseiii+0x316>

408056ee <_ZL20desktop_window_frameiiiiPKc>:
408056ee:	7139                	c.addi16sp	sp,-64
408056f0:	d05a                	c.swsp	s6,32(sp)
408056f2:	00d50b33          	add	s6,a0,a3
408056f6:	da26                	c.swsp	s1,52(sp)
408056f8:	d84a                	c.swsp	s2,48(sp)
408056fa:	d64e                	c.swsp	s3,44(sp)
408056fc:	d452                	c.swsp	s4,40(sp)
408056fe:	d256                	c.swsp	s5,36(sp)
40805700:	ce5e                	c.swsp	s7,28(sp)
40805702:	cc62                	c.swsp	s8,24(sp)
40805704:	ca66                	c.swsp	s9,20(sp)
40805706:	c86a                	c.swsp	s10,16(sp)
40805708:	c66e                	c.swsp	s11,12(sp)
4080570a:	de06                	c.swsp	ra,60(sp)
4080570c:	dc22                	c.swsp	s0,56(sp)
4080570e:	89aa                	c.mv	s3,a0
40805710:	8db2                	c.mv	s11,a2
40805712:	8a2e                	c.mv	s4,a1
40805714:	8aba                	c.mv	s5,a4
40805716:	fffb0d13          	addi	s10,s6,-1
4080571a:	892a                	c.mv	s2,a0
4080571c:	ffe60493          	addi	s1,a2,-2
40805720:	4080fbb7          	lui	s7,0x4080f
40805724:	4080fcb7          	lui	s9,0x4080f
40805728:	4080fc37          	lui	s8,0x4080f
4080572c:	bc8b8513          	addi	a0,s7,-1080 # 4080ebc8 <_str_crlf+0x277a>
40805730:	8652                	c.mv	a2,s4
40805732:	85ca                	c.mv	a1,s2
40805734:	e44fb0ef          	jal	ra,40800d78 <kprintf>
40805738:	c00c8513          	addi	a0,s9,-1024 # 4080ec00 <_str_crlf+0x27b2>
4080573c:	d42fb0ef          	jal	ra,40800c7e <uart_puts>
40805740:	11298563          	beq	s3,s2,4080584a <_ZL20desktop_window_frameiiiiPKc+0x15c>
40805744:	112d0363          	beq	s10,s2,4080584a <_ZL20desktop_window_frameiiiiPKc+0x15c>
40805748:	07c00513          	addi	a0,zero,124
4080574c:	990fb0ef          	jal	ra,408008dc <uart_putc>
40805750:	4401                	c.li	s0,0
40805752:	02000513          	addi	a0,zero,32
40805756:	0405                	c.addi	s0,1 # 4080f001 <_str_crlf+0x2bb3>
40805758:	984fb0ef          	jal	ra,408008dc <uart_putc>
4080575c:	fe941be3          	bne	s0,s1,40805752 <_ZL20desktop_window_frameiiiiPKc+0x64>
40805760:	07c00513          	addi	a0,zero,124
40805764:	978fb0ef          	jal	ra,408008dc <uart_putc>
40805768:	c70c0513          	addi	a0,s8,-912 # 4080ec70 <_str_crlf+0x2822>
4080576c:	0905                	c.addi	s2,1
4080576e:	d10fb0ef          	jal	ra,40800c7e <uart_puts>
40805772:	fb691de3          	bne	s2,s6,4080572c <_ZL20desktop_window_frameiiiiPKc+0x3e>
40805776:	0985                	c.addi	s3,1
40805778:	85ce                	c.mv	a1,s3
4080577a:	001a0613          	addi	a2,s4,1
4080577e:	bc8b8513          	addi	a0,s7,-1080
40805782:	df6fb0ef          	jal	ra,40800d78 <kprintf>
40805786:	4080f537          	lui	a0,0x4080f
4080578a:	ce050513          	addi	a0,a0,-800 # 4080ece0 <_str_crlf+0x2892>
4080578e:	cf0fb0ef          	jal	ra,40800c7e <uart_puts>
40805792:	02000513          	addi	a0,zero,32
40805796:	946fb0ef          	jal	ra,408008dc <uart_putc>
4080579a:	000ac503          	lbu	a0,0(s5)
4080579e:	ffad8493          	addi	s1,s11,-6
408057a2:	4401                	c.li	s0,0
408057a4:	cd49                	c.beqz	a0,4080583e <_ZL20desktop_window_frameiiiiPKc+0x150>
408057a6:	936fb0ef          	jal	ra,408008dc <uart_putc>
408057aa:	0405                	c.addi	s0,1
408057ac:	008a87b3          	add	a5,s5,s0
408057b0:	0007c503          	lbu	a0,0(a5)
408057b4:	c159                	c.beqz	a0,4080583a <_ZL20desktop_window_frameiiiiPKc+0x14c>
408057b6:	fe8498e3          	bne	s1,s0,408057a6 <_ZL20desktop_window_frameiiiiPKc+0xb8>
408057ba:	c70c0513          	addi	a0,s8,-912
408057be:	9a6e                	c.add	s4,s11
408057c0:	cbefb0ef          	jal	ra,40800c7e <uart_puts>
408057c4:	ffca0413          	addi	s0,s4,-4
408057c8:	8622                	c.mv	a2,s0
408057ca:	bc8b8513          	addi	a0,s7,-1080
408057ce:	85ce                	c.mv	a1,s3
408057d0:	da8fb0ef          	jal	ra,40800d78 <kprintf>
408057d4:	4080f537          	lui	a0,0x4080f
408057d8:	cec50513          	addi	a0,a0,-788 # 4080ecec <_str_crlf+0x289e>
408057dc:	ca2fb0ef          	jal	ra,40800c7e <uart_puts>
408057e0:	4081a637          	lui	a2,0x4081a
408057e4:	44c62703          	lw	a4,1100(a2) # 4081a44c <_ZL14g_region_count>
408057e8:	03f00793          	addi	a5,zero,63
408057ec:	02e7c863          	blt	a5,a4,4080581c <_ZL20desktop_window_frameiiiiPKc+0x12e>
408057f0:	00271693          	slli	a3,a4,0x2
408057f4:	96ba                	c.add	a3,a4
408057f6:	408157b7          	lui	a5,0x40815
408057fa:	068a                	c.slli	a3,0x2
408057fc:	c5078793          	addi	a5,a5,-944 # 40814c50 <_ZL9g_regions>
40805800:	97b6                	c.add	a5,a3
40805802:	1a79                	c.addi	s4,-2
40805804:	0705                	c.addi	a4,1
40805806:	46bd                	c.li	a3,15
40805808:	44e62623          	sw	a4,1100(a2)
4080580c:	0147a623          	sw	s4,12(a5)
40805810:	0137a023          	sw	s3,0(a5)
40805814:	0137a223          	sw	s3,4(a5)
40805818:	c780                	c.sw	s0,8(a5)
4080581a:	cb94                	c.sw	a3,16(a5)
4080581c:	50f2                	c.lwsp	ra,60(sp)
4080581e:	5462                	c.lwsp	s0,56(sp)
40805820:	54d2                	c.lwsp	s1,52(sp)
40805822:	5942                	c.lwsp	s2,48(sp)
40805824:	59b2                	c.lwsp	s3,44(sp)
40805826:	5a22                	c.lwsp	s4,40(sp)
40805828:	5a92                	c.lwsp	s5,36(sp)
4080582a:	5b02                	c.lwsp	s6,32(sp)
4080582c:	4bf2                	c.lwsp	s7,28(sp)
4080582e:	4c62                	c.lwsp	s8,24(sp)
40805830:	4cd2                	c.lwsp	s9,20(sp)
40805832:	4d42                	c.lwsp	s10,16(sp)
40805834:	4db2                	c.lwsp	s11,12(sp)
40805836:	6121                	c.addi16sp	sp,64
40805838:	8082                	c.jr	ra
4080583a:	f89450e3          	bge	s0,s1,408057ba <_ZL20desktop_window_frameiiiiPKc+0xcc>
4080583e:	02000513          	addi	a0,zero,32
40805842:	89afb0ef          	jal	ra,408008dc <uart_putc>
40805846:	0405                	c.addi	s0,1
40805848:	bfcd                	c.j	4080583a <_ZL20desktop_window_frameiiiiPKc+0x14c>
4080584a:	02b00513          	addi	a0,zero,43
4080584e:	88efb0ef          	jal	ra,408008dc <uart_putc>
40805852:	4401                	c.li	s0,0
40805854:	02d00513          	addi	a0,zero,45
40805858:	0405                	c.addi	s0,1
4080585a:	882fb0ef          	jal	ra,408008dc <uart_putc>
4080585e:	fe941be3          	bne	s0,s1,40805854 <_ZL20desktop_window_frameiiiiPKc+0x166>
40805862:	02b00513          	addi	a0,zero,43
40805866:	876fb0ef          	jal	ra,408008dc <uart_putc>
4080586a:	bdfd                	c.j	40805768 <_ZL20desktop_window_frameiiiiPKc+0x7a>

4080586c <_ZL13desktop_modalPKcPKS0_i>:
4080586c:	7179                	c.addi16sp	sp,-48
4080586e:	cc52                	c.swsp	s4,24(sp)
40805870:	c85a                	c.swsp	s6,16(sp)
40805872:	872a                	c.mv	a4,a0
40805874:	8b32                	c.mv	s6,a2
40805876:	00460693          	addi	a3,a2,4
4080587a:	8a2e                	c.mv	s4,a1
4080587c:	02c00613          	addi	a2,zero,44
40805880:	45cd                	c.li	a1,19
40805882:	4519                	c.li	a0,6
40805884:	d226                	c.swsp	s1,36(sp)
40805886:	ce4e                	c.swsp	s3,28(sp)
40805888:	ca56                	c.swsp	s5,20(sp)
4080588a:	c65e                	c.swsp	s7,12(sp)
4080588c:	c462                	c.swsp	s8,8(sp)
4080588e:	d606                	c.swsp	ra,44(sp)
40805890:	d422                	c.swsp	s0,40(sp)
40805892:	d04a                	c.swsp	s2,32(sp)
40805894:	0b21                	c.addi	s6,8
40805896:	3da1                	c.jal	408056ee <_ZL20desktop_window_frameiiiiPKc>
40805898:	49a1                	c.li	s3,8
4080589a:	4080fc37          	lui	s8,0x4080f
4080589e:	4080fbb7          	lui	s7,0x4080f
408058a2:	4080fab7          	lui	s5,0x4080f
408058a6:	02800493          	addi	s1,zero,40
408058aa:	4655                	c.li	a2,21
408058ac:	85ce                	c.mv	a1,s3
408058ae:	bc8c0513          	addi	a0,s8,-1080 # 4080ebc8 <_str_crlf+0x277a>
408058b2:	cc6fb0ef          	jal	ra,40800d78 <kprintf>
408058b6:	c00b8513          	addi	a0,s7,-1024 # 4080ec00 <_str_crlf+0x27b2>
408058ba:	bc4fb0ef          	jal	ra,40800c7e <uart_puts>
408058be:	000a2903          	lw	s2,0(s4)
408058c2:	4401                	c.li	s0,0
408058c4:	00094503          	lbu	a0,0(s2)
408058c8:	c141                	c.beqz	a0,40805948 <_ZL13desktop_modalPKcPKS0_i+0xdc>
408058ca:	812fb0ef          	jal	ra,408008dc <uart_putc>
408058ce:	0405                	c.addi	s0,1
408058d0:	008907b3          	add	a5,s2,s0
408058d4:	0007c503          	lbu	a0,0(a5)
408058d8:	c535                	c.beqz	a0,40805944 <_ZL13desktop_modalPKcPKS0_i+0xd8>
408058da:	fe9418e3          	bne	s0,s1,408058ca <_ZL13desktop_modalPKcPKS0_i+0x5e>
408058de:	c70a8513          	addi	a0,s5,-912 # 4080ec70 <_str_crlf+0x2822>
408058e2:	0985                	c.addi	s3,1
408058e4:	b9afb0ef          	jal	ra,40800c7e <uart_puts>
408058e8:	0a11                	c.addi	s4,4
408058ea:	fd3b10e3          	bne	s6,s3,408058aa <_ZL13desktop_modalPKcPKS0_i+0x3e>
408058ee:	85da                	c.mv	a1,s6
408058f0:	bc8c0513          	addi	a0,s8,-1080
408058f4:	4655                	c.li	a2,21
408058f6:	c82fb0ef          	jal	ra,40800d78 <kprintf>
408058fa:	c00b8513          	addi	a0,s7,-1024
408058fe:	b80fb0ef          	jal	ra,40800c7e <uart_puts>
40805902:	4080f4b7          	lui	s1,0x4080f
40805906:	d0048493          	addi	s1,s1,-768 # 4080ed00 <_str_crlf+0x28b2>
4080590a:	4401                	c.li	s0,0
4080590c:	05b00513          	addi	a0,zero,91
40805910:	02800913          	addi	s2,zero,40
40805914:	fc9fa0ef          	jal	ra,408008dc <uart_putc>
40805918:	0014c503          	lbu	a0,1(s1)
4080591c:	0485                	c.addi	s1,1
4080591e:	0405                	c.addi	s0,1
40805920:	c915                	c.beqz	a0,40805954 <_ZL13desktop_modalPKcPKS0_i+0xe8>
40805922:	ff2419e3          	bne	s0,s2,40805914 <_ZL13desktop_modalPKcPKS0_i+0xa8>
40805926:	5422                	c.lwsp	s0,40(sp)
40805928:	50b2                	c.lwsp	ra,44(sp)
4080592a:	5492                	c.lwsp	s1,36(sp)
4080592c:	5902                	c.lwsp	s2,32(sp)
4080592e:	49f2                	c.lwsp	s3,28(sp)
40805930:	4a62                	c.lwsp	s4,24(sp)
40805932:	4b42                	c.lwsp	s6,16(sp)
40805934:	4bb2                	c.lwsp	s7,12(sp)
40805936:	4c22                	c.lwsp	s8,8(sp)
40805938:	c70a8513          	addi	a0,s5,-912
4080593c:	4ad2                	c.lwsp	s5,20(sp)
4080593e:	6145                	c.addi16sp	sp,48
40805940:	b3efb06f          	jal	zero,40800c7e <uart_puts>
40805944:	f8940de3          	beq	s0,s1,408058de <_ZL13desktop_modalPKcPKS0_i+0x72>
40805948:	02000513          	addi	a0,zero,32
4080594c:	f91fa0ef          	jal	ra,408008dc <uart_putc>
40805950:	0405                	c.addi	s0,1
40805952:	bfcd                	c.j	40805944 <_ZL13desktop_modalPKcPKS0_i+0xd8>
40805954:	02800493          	addi	s1,zero,40
40805958:	fc9407e3          	beq	s0,s1,40805926 <_ZL13desktop_modalPKcPKS0_i+0xba>
4080595c:	02000513          	addi	a0,zero,32
40805960:	0405                	c.addi	s0,1
40805962:	f7bfa0ef          	jal	ra,408008dc <uart_putc>
40805966:	fc9400e3          	beq	s0,s1,40805926 <_ZL13desktop_modalPKcPKS0_i+0xba>
4080596a:	02000513          	addi	a0,zero,32
4080596e:	0405                	c.addi	s0,1
40805970:	f6dfa0ef          	jal	ra,408008dc <uart_putc>
40805974:	fe9414e3          	bne	s0,s1,4080595c <_ZL13desktop_modalPKcPKS0_i+0xf0>
40805978:	b77d                	c.j	40805926 <_ZL13desktop_modalPKcPKS0_i+0xba>

4080597a <cmd_ping>:
4080597a:	00054783          	lbu	a5,0(a0)
4080597e:	18078b63          	beq	a5,zero,40805b14 <cmd_ping+0x19a>
40805982:	4080d5b7          	lui	a1,0x4080d
40805986:	716d                	c.addi16sp	sp,-272
40805988:	ab458593          	addi	a1,a1,-1356 # 4080cab4 <_str_crlf+0x666>
4080598c:	10812423          	sw	s0,264(sp)
40805990:	10112623          	sw	ra,268(sp)
40805994:	842a                	c.mv	s0,a0
40805996:	e75fa0ef          	jal	ra,4080080a <k_strcmp>
4080599a:	ed01                	c.bnez	a0,408059b2 <cmd_ping+0x38>
4080599c:	10812403          	lw	s0,264(sp)
408059a0:	10c12083          	lw	ra,268(sp)
408059a4:	4080f537          	lui	a0,0x4080f
408059a8:	d2850513          	addi	a0,a0,-728 # 4080ed28 <_str_crlf+0x28da>
408059ac:	6151                	c.addi16sp	sp,272
408059ae:	ad0fb06f          	jal	zero,40800c7e <uart_puts>
408059b2:	04000613          	addi	a2,zero,64
408059b6:	4581                	c.li	a1,0
408059b8:	1868                	c.addi4spn	a0,sp,60
408059ba:	ef3fa0ef          	jal	ra,408008ac <k_memset>
408059be:	8522                	c.mv	a0,s0
408059c0:	186c                	c.addi4spn	a1,sp,60
408059c2:	04000613          	addi	a2,zero,64
408059c6:	c89fc0ef          	jal	ra,4080264e <tok_next>
408059ca:	03c14703          	lbu	a4,60(sp)
408059ce:	842a                	c.mv	s0,a0
408059d0:	4c070a63          	beq	a4,zero,40805ea4 <cmd_ping+0x52a>
408059d4:	10912223          	sw	s1,260(sp)
408059d8:	11212023          	sw	s2,256(sp)
408059dc:	dfce                	c.swsp	s3,252(sp)
408059de:	ddd2                	c.swsp	s4,248(sp)
408059e0:	dbd6                	c.swsp	s5,244(sp)
408059e2:	d9da                	c.swsp	s6,240(sp)
408059e4:	00054783          	lbu	a5,0(a0)
408059e8:	4905                	c.li	s2,1
408059ea:	54fd                	c.li	s1,-1
408059ec:	c3d9                	c.beqz	a5,40805a72 <cmd_ping+0xf8>
408059ee:	4080fab7          	lui	s5,0x4080f
408059f2:	4080fb37          	lui	s6,0x4080f
408059f6:	4a25                	c.li	s4,9
408059f8:	a819                	c.j	40805a0e <cmd_ping+0x94>
408059fa:	8c0b0593          	addi	a1,s6,-1856 # 4080e8c0 <_str_crlf+0x2472>
408059fe:	0868                	c.addi4spn	a0,sp,28
40805a00:	e0bfa0ef          	jal	ra,4080080a <k_strcmp>
40805a04:	89aa                	c.mv	s3,a0
40805a06:	c171                	c.beqz	a0,40805aca <cmd_ping+0x150>
40805a08:	00044783          	lbu	a5,0(s0)
40805a0c:	c3ad                	c.beqz	a5,40805a6e <cmd_ping+0xf4>
40805a0e:	8522                	c.mv	a0,s0
40805a10:	086c                	c.addi4spn	a1,sp,28
40805a12:	02000613          	addi	a2,zero,32
40805a16:	c39fc0ef          	jal	ra,4080264e <tok_next>
40805a1a:	842a                	c.mv	s0,a0
40805a1c:	e28a8593          	addi	a1,s5,-472 # 4080ee28 <_str_crlf+0x29da>
40805a20:	0868                	c.addi4spn	a0,sp,28
40805a22:	de9fa0ef          	jal	ra,4080080a <k_strcmp>
40805a26:	f971                	c.bnez	a0,408059fa <cmd_ping+0x80>
40805a28:	8522                	c.mv	a0,s0
40805a2a:	4641                	c.li	a2,16
40805a2c:	18ec                	c.addi4spn	a1,sp,124
40805a2e:	c21fc0ef          	jal	ra,4080264e <tok_next>
40805a32:	07c14603          	lbu	a2,124(sp)
40805a36:	842a                	c.mv	s0,a0
40805a38:	fd060713          	addi	a4,a2,-48
40805a3c:	0ff77793          	andi	a5,a4,255
40805a40:	46fa6963          	bltu	s4,a5,40805eb2 <cmd_ping+0x538>
40805a44:	07d10693          	addi	a3,sp,125
40805a48:	4481                	c.li	s1,0
40805a4a:	0006c603          	lbu	a2,0(a3)
40805a4e:	00249793          	slli	a5,s1,0x2
40805a52:	97a6                	c.add	a5,s1
40805a54:	0786                	c.slli	a5,0x1
40805a56:	00f704b3          	add	s1,a4,a5
40805a5a:	fd060713          	addi	a4,a2,-48
40805a5e:	0ff77793          	andi	a5,a4,255
40805a62:	0685                	c.addi	a3,1
40805a64:	fefa73e3          	bgeu	s4,a5,40805a4a <cmd_ping+0xd0>
40805a68:	00044783          	lbu	a5,0(s0)
40805a6c:	f3cd                	c.bnez	a5,40805a0e <cmd_ping+0x94>
40805a6e:	03c14703          	lbu	a4,60(sp)
40805a72:	4a91                	c.li	s5,4
40805a74:	1870                	c.addi4spn	a2,sp,60
40805a76:	4401                	c.li	s0,0
40805a78:	45a5                	c.li	a1,9
40805a7a:	0ff00513          	addi	a0,zero,255
40805a7e:	fd070793          	addi	a5,a4,-48
40805a82:	0ff7f793          	andi	a5,a5,255
40805a86:	4681                	c.li	a3,0
40805a88:	02f5e463          	bltu	a1,a5,40805ab0 <cmd_ping+0x136>
40805a8c:	00269793          	slli	a5,a3,0x2
40805a90:	97b6                	c.add	a5,a3
40805a92:	0605                	c.addi	a2,1
40805a94:	0786                	c.slli	a5,0x1
40805a96:	97ba                	c.add	a5,a4
40805a98:	00064703          	lbu	a4,0(a2)
40805a9c:	fd078693          	addi	a3,a5,-48
40805aa0:	fd070793          	addi	a5,a4,-48
40805aa4:	0ff7f793          	andi	a5,a5,255
40805aa8:	fef5f2e3          	bgeu	a1,a5,40805a8c <cmd_ping+0x112>
40805aac:	3cd56363          	bltu	a0,a3,40805e72 <cmd_ping+0x4f8>
40805ab0:	0422                	c.slli	s0,0x8
40805ab2:	1afd                	c.addi	s5,-1
40805ab4:	8c55                	c.or	s0,a3
40805ab6:	060a8563          	beq	s5,zero,40805b20 <cmd_ping+0x1a6>
40805aba:	fd270713          	addi	a4,a4,-46
40805abe:	00173713          	sltiu	a4,a4,1
40805ac2:	963a                	c.add	a2,a4
40805ac4:	00064703          	lbu	a4,0(a2)
40805ac8:	bf5d                	c.j	40805a7e <cmd_ping+0x104>
40805aca:	8522                	c.mv	a0,s0
40805acc:	4641                	c.li	a2,16
40805ace:	18ec                	c.addi4spn	a1,sp,124
40805ad0:	b7ffc0ef          	jal	ra,4080264e <tok_next>
40805ad4:	07c14603          	lbu	a2,124(sp)
40805ad8:	842a                	c.mv	s0,a0
40805ada:	fd060713          	addi	a4,a2,-48
40805ade:	0ff77793          	andi	a5,a4,255
40805ae2:	02fa6763          	bltu	s4,a5,40805b10 <cmd_ping+0x196>
40805ae6:	07d10693          	addi	a3,sp,125
40805aea:	45a5                	c.li	a1,9
40805aec:	0006c603          	lbu	a2,0(a3)
40805af0:	00299793          	slli	a5,s3,0x2
40805af4:	97ce                	c.add	a5,s3
40805af6:	0786                	c.slli	a5,0x1
40805af8:	00f709b3          	add	s3,a4,a5
40805afc:	fd060713          	addi	a4,a2,-48
40805b00:	0ff77793          	andi	a5,a4,255
40805b04:	0685                	c.addi	a3,1
40805b06:	fef5f3e3          	bgeu	a1,a5,40805aec <cmd_ping+0x172>
40805b0a:	894e                	c.mv	s2,s3
40805b0c:	ef304ee3          	blt	zero,s3,40805a08 <cmd_ping+0x8e>
40805b10:	4905                	c.li	s2,1
40805b12:	bddd                	c.j	40805a08 <cmd_ping+0x8e>
40805b14:	4080f537          	lui	a0,0x4080f
40805b18:	d2850513          	addi	a0,a0,-728 # 4080ed28 <_str_crlf+0x28da>
40805b1c:	962fb06f          	jal	zero,40800c7e <uart_puts>
40805b20:	34040963          	beq	s0,zero,40805e72 <cmd_ping+0x4f8>
40805b24:	4080c537          	lui	a0,0x4080c
40805b28:	64850513          	addi	a0,a0,1608 # 4080c648 <_str_crlf+0x1fa>
40805b2c:	962fe0ef          	jal	ra,40803c8e <driver_find>
40805b30:	89aa                	c.mv	s3,a0
40805b32:	36050463          	beq	a0,zero,40805e9a <cmd_ping+0x520>
40805b36:	495c                	c.lw	a5,20(a0)
40805b38:	36078163          	beq	a5,zero,40805e9a <cmd_ping+0x520>
40805b3c:	1b8040ef          	jal	ra,40809cf4 <net_is_active>
40805b40:	36050b63          	beq	a0,zero,40805eb6 <cmd_ping+0x53c>
40805b44:	d3e6                	c.swsp	s9,228(sp)
40805b46:	07c10c93          	addi	s9,sp,124
40805b4a:	05400613          	addi	a2,zero,84
40805b4e:	4581                	c.li	a1,0
40805b50:	8566                	c.mv	a0,s9
40805b52:	d1ea                	c.swsp	s10,224(sp)
40805b54:	d7de                	c.swsp	s7,236(sp)
40805b56:	d5e2                	c.swsp	s8,232(sp)
40805b58:	cfee                	c.swsp	s11,220(sp)
40805b5a:	d53fa0ef          	jal	ra,408008ac <k_memset>
40805b5e:	01041793          	slli	a5,s0,0x10
40805b62:	83c1                	c.srli	a5,0x10
40805b64:	00841813          	slli	a6,s0,0x8
40805b68:	6695                	c.lui	a3,0x5
40805b6a:	0105b737          	lui	a4,0x105b
40805b6e:	83a1                	c.srli	a5,0x8
40805b70:	40068693          	addi	a3,a3,1024 # 5400 <_kernel_start-0x407fac00>
40805b74:	8c070713          	addi	a4,a4,-1856 # 105a8c0 <_kernel_start-0x3f7a5740>
40805b78:	01845613          	srli	a2,s0,0x18
40805b7c:	04500513          	addi	a0,zero,69
40805b80:	14000593          	addi	a1,zero,320
40805b84:	8041                	c.srli	s0,0x10
40805b86:	0107e7b3          	or	a5,a5,a6
40805b8a:	06d11f23          	sh	a3,126(sp)
40805b8e:	c53a                	c.swsp	a4,136(sp)
40805b90:	c102                	c.swsp	zero,128(sp)
40805b92:	06a10e23          	sb	a0,124(sp)
40805b96:	08b11223          	sh	a1,132(sp)
40805b9a:	08c10623          	sb	a2,140(sp)
40805b9e:	088106a3          	sb	s0,141(sp)
40805ba2:	08f11723          	sh	a5,142(sp)
40805ba6:	09010d13          	addi	s10,sp,144
40805baa:	86e6                	c.mv	a3,s9
40805bac:	4701                	c.li	a4,0
40805bae:	0006c783          	lbu	a5,0(a3)
40805bb2:	0016c603          	lbu	a2,1(a3)
40805bb6:	0689                	c.addi	a3,2
40805bb8:	07a2                	c.slli	a5,0x8
40805bba:	8fd1                	c.or	a5,a2
40805bbc:	07c2                	c.slli	a5,0x10
40805bbe:	83c1                	c.srli	a5,0x10
40805bc0:	973e                	c.add	a4,a5
40805bc2:	fedd16e3          	bne	s10,a3,40805bae <cmd_ping+0x234>
40805bc6:	01075793          	srli	a5,a4,0x10
40805bca:	cb91                	c.beqz	a5,40805bde <cmd_ping+0x264>
40805bcc:	0742                	c.slli	a4,0x10
40805bce:	8341                	c.srli	a4,0x10
40805bd0:	973e                	c.add	a4,a5
40805bd2:	01075793          	srli	a5,a4,0x10
40805bd6:	c781                	c.beqz	a5,40805bde <cmd_ping+0x264>
40805bd8:	0742                	c.slli	a4,0x10
40805bda:	8341                	c.srli	a4,0x10
40805bdc:	0705                	c.addi	a4,1
40805bde:	fff74713          	xori	a4,a4,-1
40805be2:	4080f437          	lui	s0,0x4080f
40805be6:	010037b7          	lui	a5,0x1003
40805bea:	00875613          	srli	a2,a4,0x8
40805bee:	41278793          	addi	a5,a5,1042 # 1003412 <_kernel_start-0x3f7fcbee>
40805bf2:	46a1                	c.li	a3,8
40805bf4:	eac40513          	addi	a0,s0,-340 # 4080eeac <_str_crlf+0x2a5e>
40805bf8:	08e103a3          	sb	a4,135(sp)
40805bfc:	cb3e                	c.swsp	a5,148(sp)
40805bfe:	08c10323          	sb	a2,134(sp)
40805c02:	c936                	c.swsp	a3,144(sp)
40805c04:	bedfa0ef          	jal	ra,408007f0 <k_strlen>
40805c08:	eac40713          	addi	a4,s0,-340
40805c0c:	4781                	c.li	a5,0
40805c0e:	03800593          	addi	a1,zero,56
40805c12:	a809                	c.j	40805c24 <cmd_ping+0x2aa>
40805c14:	00074603          	lbu	a2,0(a4)
40805c18:	0785                	c.addi	a5,1
40805c1a:	0705                	c.addi	a4,1
40805c1c:	00c68e23          	sb	a2,28(a3)
40805c20:	00b78663          	beq	a5,a1,40805c2c <cmd_ping+0x2b2>
40805c24:	00fc86b3          	add	a3,s9,a5
40805c28:	fea7c6e3          	blt	a5,a0,40805c14 <cmd_ping+0x29a>
40805c2c:	876a                	c.mv	a4,s10
40805c2e:	4681                	c.li	a3,0
40805c30:	00074783          	lbu	a5,0(a4)
40805c34:	00174603          	lbu	a2,1(a4)
40805c38:	0709                	c.addi	a4,2
40805c3a:	07a2                	c.slli	a5,0x8
40805c3c:	8fd1                	c.or	a5,a2
40805c3e:	07c2                	c.slli	a5,0x10
40805c40:	83c1                	c.srli	a5,0x10
40805c42:	96be                	c.add	a3,a5
40805c44:	099c                	c.addi4spn	a5,sp,208
40805c46:	fef715e3          	bne	a4,a5,40805c30 <cmd_ping+0x2b6>
40805c4a:	0106d793          	srli	a5,a3,0x10
40805c4e:	cb91                	c.beqz	a5,40805c62 <cmd_ping+0x2e8>
40805c50:	06c2                	c.slli	a3,0x10
40805c52:	82c1                	c.srli	a3,0x10
40805c54:	96be                	c.add	a3,a5
40805c56:	0106d793          	srli	a5,a3,0x10
40805c5a:	c781                	c.beqz	a5,40805c62 <cmd_ping+0x2e8>
40805c5c:	06c2                	c.slli	a3,0x10
40805c5e:	82c1                	c.srli	a3,0x10
40805c60:	0685                	c.addi	a3,1
40805c62:	fff6c693          	xori	a3,a3,-1
40805c66:	0086d793          	srli	a5,a3,0x8
40805c6a:	08d109a3          	sb	a3,147(sp)
40805c6e:	08f10923          	sb	a5,146(sp)
40805c72:	a16fe0ef          	jal	ra,40803e88 <uptime_us>
40805c76:	c42a                	c.swsp	a0,8(sp)
40805c78:	00904663          	blt	zero,s1,40805c84 <cmd_ping+0x30a>
40805c7c:	000f44b7          	lui	s1,0xf4
40805c80:	23f48493          	addi	s1,s1,575 # f423f <_kernel_start-0x4070bdc1>
40805c84:	000f47b7          	lui	a5,0xf4
40805c88:	001e8db7          	lui	s11,0x1e8
40805c8c:	24078793          	addi	a5,a5,576 # f4240 <_kernel_start-0x4070bdc0>
40805c90:	02f907b3          	mul	a5,s2,a5
40805c94:	480d8d93          	addi	s11,s11,1152 # 1e8480 <_kernel_start-0x40617b80>
40805c98:	6b8d                	c.lui	s7,0x3
40805c9a:	412b8b93          	addi	s7,s7,1042 # 3412 <_kernel_start-0x407fcbee>
40805c9e:	c202                	c.swsp	zero,4(sp)
40805ca0:	4401                	c.li	s0,0
40805ca2:	05300a13          	addi	s4,zero,83
40805ca6:	03b90db3          	mul	s11,s2,s11
40805caa:	c03e                	c.swsp	a5,0(sp)
40805cac:	00140b13          	addi	s6,s0,1
40805cb0:	010b1793          	slli	a5,s6,0x10
40805cb4:	83c1                	c.srli	a5,0x10
40805cb6:	008b1693          	slli	a3,s6,0x8
40805cba:	83a1                	c.srli	a5,0x8
40805cbc:	8fd5                	c.or	a5,a3
40805cbe:	876a                	c.mv	a4,s10
40805cc0:	08f11b23          	sh	a5,150(sp)
40805cc4:	4681                	c.li	a3,0
40805cc6:	00074783          	lbu	a5,0(a4)
40805cca:	00174603          	lbu	a2,1(a4)
40805cce:	0709                	c.addi	a4,2
40805cd0:	07a2                	c.slli	a5,0x8
40805cd2:	8fd1                	c.or	a5,a2
40805cd4:	07c2                	c.slli	a5,0x10
40805cd6:	83c1                	c.srli	a5,0x10
40805cd8:	96be                	c.add	a3,a5
40805cda:	099c                	c.addi4spn	a5,sp,208
40805cdc:	fef715e3          	bne	a4,a5,40805cc6 <cmd_ping+0x34c>
40805ce0:	0106d793          	srli	a5,a3,0x10
40805ce4:	cb91                	c.beqz	a5,40805cf8 <cmd_ping+0x37e>
40805ce6:	06c2                	c.slli	a3,0x10
40805ce8:	82c1                	c.srli	a3,0x10
40805cea:	96be                	c.add	a3,a5
40805cec:	0106d793          	srli	a5,a3,0x10
40805cf0:	c781                	c.beqz	a5,40805cf8 <cmd_ping+0x37e>
40805cf2:	06c2                	c.slli	a3,0x10
40805cf4:	82c1                	c.srli	a3,0x10
40805cf6:	0685                	c.addi	a3,1
40805cf8:	fff6c693          	xori	a3,a3,-1
40805cfc:	0086d793          	srli	a5,a3,0x8
40805d00:	08d109a3          	sb	a3,147(sp)
40805d04:	08f10923          	sb	a5,146(sp)
40805d08:	00c9a783          	lw	a5,12(s3)
40805d0c:	05400593          	addi	a1,zero,84
40805d10:	8566                	c.mv	a0,s9
40805d12:	9782                	c.jalr	a5
40805d14:	22a05763          	bge	zero,a0,40805f42 <cmd_ping+0x5c8>
40805d18:	970fe0ef          	jal	ra,40803e88 <uptime_us>
40805d1c:	8c2a                	c.mv	s8,a0
40805d1e:	60000513          	addi	a0,zero,1536
40805d22:	9dcfe0ef          	jal	ra,40803efe <mm_alloc>
40805d26:	018d8933          	add	s2,s11,s8
40805d2a:	842a                	c.mv	s0,a0
40805d2c:	e501                	c.bnez	a0,40805d34 <cmd_ping+0x3ba>
40805d2e:	a2c1                	c.j	40805eee <cmd_ping+0x574>
40805d30:	07e030ef          	jal	ra,40808dae <task_yield>
40805d34:	954fe0ef          	jal	ra,40803e88 <uptime_us>
40805d38:	19257463          	bgeu	a0,s2,40805ec0 <cmd_ping+0x546>
40805d3c:	78d030ef          	jal	ra,40809cc8 <net_poll>
40805d40:	0089a783          	lw	a5,8(s3)
40805d44:	8522                	c.mv	a0,s0
40805d46:	60000593          	addi	a1,zero,1536
40805d4a:	9782                	c.jalr	a5
40805d4c:	feaa52e3          	bge	s4,a0,40805d30 <cmd_ping+0x3b6>
40805d50:	01444783          	lbu	a5,20(s0)
40805d54:	fff1                	c.bnez	a5,40805d30 <cmd_ping+0x3b6>
40805d56:	01944783          	lbu	a5,25(s0)
40805d5a:	01844703          	lbu	a4,24(s0)
40805d5e:	07a2                	c.slli	a5,0x8
40805d60:	8fd9                	c.or	a5,a4
40805d62:	fd7797e3          	bne	a5,s7,40805d30 <cmd_ping+0x3b6>
40805d66:	01b44783          	lbu	a5,27(s0)
40805d6a:	01a44703          	lbu	a4,26(s0)
40805d6e:	07a2                	c.slli	a5,0x8
40805d70:	8f5d                	c.or	a4,a5
40805d72:	0722                	c.slli	a4,0x8
40805d74:	83a1                	c.srli	a5,0x8
40805d76:	8fd9                	c.or	a5,a4
40805d78:	07c2                	c.slli	a5,0x10
40805d7a:	83c1                	c.srli	a5,0x10
40805d7c:	fb679ae3          	bne	a5,s6,40805d30 <cmd_ping+0x3b6>
40805d80:	c62a                	c.swsp	a0,12(sp)
40805d82:	906fe0ef          	jal	ra,40803e88 <uptime_us>
40805d86:	ccccd7b7          	lui	a5,0xccccd
40805d8a:	41850833          	sub	a6,a0,s8
40805d8e:	ccd78793          	addi	a5,a5,-819 # cccccccd <_kern_stack_top+0x8c450ccd>
40805d92:	02f83833          	mulhu	a6,a6,a5
40805d96:	51eb87b7          	lui	a5,0x51eb8
40805d9a:	51f78793          	addi	a5,a5,1311 # 51eb851f <_kern_stack_top+0x1163c51f>
40805d9e:	06400893          	addi	a7,zero,100
40805da2:	45b2                	c.lwsp	a1,12(sp)
40805da4:	00844703          	lbu	a4,8(s0)
40805da8:	4080f537          	lui	a0,0x4080f
40805dac:	f1450513          	addi	a0,a0,-236 # 4080ef14 <_str_crlf+0x2ac6>
40805db0:	15b1                	c.addi	a1,-20
40805db2:	86da                	c.mv	a3,s6
40805db4:	00385813          	srli	a6,a6,0x3
40805db8:	02f837b3          	mulhu	a5,a6,a5
40805dbc:	1870                	c.addi4spn	a2,sp,60
40805dbe:	8395                	c.srli	a5,0x5
40805dc0:	031788b3          	mul	a7,a5,a7
40805dc4:	41180833          	sub	a6,a6,a7
40805dc8:	fb1fa0ef          	jal	ra,40800d78 <kprintf>
40805dcc:	4792                	c.lwsp	a5,4(sp)
40805dce:	8522                	c.mv	a0,s0
40805dd0:	0785                	c.addi	a5,1
40805dd2:	c23e                	c.swsp	a5,4(sp)
40805dd4:	974fe0ef          	jal	ra,40803f48 <mm_free>
40805dd8:	0f649f63          	bne	s1,s6,40805ed6 <cmd_ping+0x55c>
40805ddc:	8acfe0ef          	jal	ra,40803e88 <uptime_us>
40805de0:	47a2                	c.lwsp	a5,8(sp)
40805de2:	000f4737          	lui	a4,0xf4
40805de6:	23f70713          	addi	a4,a4,575 # f423f <_kernel_start-0x4070bdc1>
40805dea:	40f507b3          	sub	a5,a0,a5
40805dee:	4905                	c.li	s2,1
40805df0:	02f77863          	bgeu	a4,a5,40805e20 <cmd_ping+0x4a6>
40805df4:	431be737          	lui	a4,0x431be
40805df8:	e8370713          	addi	a4,a4,-381 # 431bde83 <_kern_stack_top+0x2941e83>
40805dfc:	02e7b7b3          	mulhu	a5,a5,a4
40805e00:	88889ab7          	lui	s5,0x88889
40805e04:	889a8a93          	addi	s5,s5,-1911 # 88888889 <_kern_stack_top+0x4800c889>
40805e08:	83c9                	c.srli	a5,0x12
40805e0a:	0357bab3          	mulhu	s5,a5,s5
40805e0e:	005ada93          	srli	s5,s5,0x5
40805e12:	004a9913          	slli	s2,s5,0x4
40805e16:	41590933          	sub	s2,s2,s5
40805e1a:	090a                	c.slli	s2,0x2
40805e1c:	41278933          	sub	s2,a5,s2
40805e20:	4792                	c.lwsp	a5,4(sp)
40805e22:	40f48433          	sub	s0,s1,a5
40805e26:	06400793          	addi	a5,zero,100
40805e2a:	02f40433          	mul	s0,s0,a5
40805e2e:	02944433          	div	s0,s0,s1
40805e32:	4080f537          	lui	a0,0x4080f
40805e36:	186c                	c.addi4spn	a1,sp,60
40805e38:	f6050513          	addi	a0,a0,-160 # 4080ef60 <_str_crlf+0x2b12>
40805e3c:	f3dfa0ef          	jal	ra,40800d78 <kprintf>
40805e40:	4612                	c.lwsp	a2,4(sp)
40805e42:	4080f537          	lui	a0,0x4080f
40805e46:	87ca                	c.mv	a5,s2
40805e48:	8756                	c.mv	a4,s5
40805e4a:	85a6                	c.mv	a1,s1
40805e4c:	86a2                	c.mv	a3,s0
40805e4e:	f8050513          	addi	a0,a0,-128 # 4080ef80 <_str_crlf+0x2b32>
40805e52:	f27fa0ef          	jal	ra,40800d78 <kprintf>
40805e56:	10412483          	lw	s1,260(sp)
40805e5a:	10012903          	lw	s2,256(sp)
40805e5e:	59fe                	c.lwsp	s3,252(sp)
40805e60:	5a6e                	c.lwsp	s4,248(sp)
40805e62:	5ade                	c.lwsp	s5,244(sp)
40805e64:	5b4e                	c.lwsp	s6,240(sp)
40805e66:	5bbe                	c.lwsp	s7,236(sp)
40805e68:	5c2e                	c.lwsp	s8,232(sp)
40805e6a:	5c9e                	c.lwsp	s9,228(sp)
40805e6c:	5d0e                	c.lwsp	s10,224(sp)
40805e6e:	4dfe                	c.lwsp	s11,220(sp)
40805e70:	a839                	c.j	40805e8e <cmd_ping+0x514>
40805e72:	4080f537          	lui	a0,0x4080f
40805e76:	e2c50513          	addi	a0,a0,-468 # 4080ee2c <_str_crlf+0x29de>
40805e7a:	e05fa0ef          	jal	ra,40800c7e <uart_puts>
40805e7e:	10412483          	lw	s1,260(sp)
40805e82:	10012903          	lw	s2,256(sp)
40805e86:	59fe                	c.lwsp	s3,252(sp)
40805e88:	5a6e                	c.lwsp	s4,248(sp)
40805e8a:	5ade                	c.lwsp	s5,244(sp)
40805e8c:	5b4e                	c.lwsp	s6,240(sp)
40805e8e:	10c12083          	lw	ra,268(sp)
40805e92:	10812403          	lw	s0,264(sp)
40805e96:	6151                	c.addi16sp	sp,272
40805e98:	8082                	c.jr	ra
40805e9a:	4080f537          	lui	a0,0x4080f
40805e9e:	e4850513          	addi	a0,a0,-440 # 4080ee48 <_str_crlf+0x29fa>
40805ea2:	bfe1                	c.j	40805e7a <cmd_ping+0x500>
40805ea4:	4080f537          	lui	a0,0x4080f
40805ea8:	e1050513          	addi	a0,a0,-496 # 4080ee10 <_str_crlf+0x29c2>
40805eac:	dd3fa0ef          	jal	ra,40800c7e <uart_puts>
40805eb0:	bff9                	c.j	40805e8e <cmd_ping+0x514>
40805eb2:	4481                	c.li	s1,0
40805eb4:	be91                	c.j	40805a08 <cmd_ping+0x8e>
40805eb6:	4080f537          	lui	a0,0x4080f
40805eba:	e7050513          	addi	a0,a0,-400 # 4080ee70 <_str_crlf+0x2a22>
40805ebe:	bf75                	c.j	40805e7a <cmd_ping+0x500>
40805ec0:	8522                	c.mv	a0,s0
40805ec2:	886fe0ef          	jal	ra,40803f48 <mm_free>
40805ec6:	4080f7b7          	lui	a5,0x4080f
40805eca:	f4c78513          	addi	a0,a5,-180 # 4080ef4c <_str_crlf+0x2afe>
40805ece:	db1fa0ef          	jal	ra,40800c7e <uart_puts>
40805ed2:	f16485e3          	beq	s1,s6,40805ddc <cmd_ping+0x462>
40805ed6:	4782                	c.lwsp	a5,0(sp)
40805ed8:	40f90933          	sub	s2,s2,a5
40805edc:	a019                	c.j	40805ee2 <cmd_ping+0x568>
40805ede:	6d1020ef          	jal	ra,40808dae <task_yield>
40805ee2:	fa7fd0ef          	jal	ra,40803e88 <uptime_us>
40805ee6:	ff256ce3          	bltu	a0,s2,40805ede <cmd_ping+0x564>
40805eea:	845a                	c.mv	s0,s6
40805eec:	b3c1                	c.j	40805cac <cmd_ping+0x332>
40805eee:	4080f537          	lui	a0,0x4080f
40805ef2:	efc50513          	addi	a0,a0,-260 # 4080eefc <_str_crlf+0x2aae>
40805ef6:	d89fa0ef          	jal	ra,40800c7e <uart_puts>
40805efa:	f8ffd0ef          	jal	ra,40803e88 <uptime_us>
40805efe:	47a2                	c.lwsp	a5,8(sp)
40805f00:	000f4737          	lui	a4,0xf4
40805f04:	23f70713          	addi	a4,a4,575 # f423f <_kernel_start-0x4070bdc1>
40805f08:	40f507b3          	sub	a5,a0,a5
40805f0c:	06f77e63          	bgeu	a4,a5,40805f88 <cmd_ping+0x60e>
40805f10:	431be737          	lui	a4,0x431be
40805f14:	e8370713          	addi	a4,a4,-381 # 431bde83 <_kern_stack_top+0x2941e83>
40805f18:	02e7b933          	mulhu	s2,a5,a4
40805f1c:	88889ab7          	lui	s5,0x88889
40805f20:	889a8a93          	addi	s5,s5,-1911 # 88888889 <_kern_stack_top+0x4800c889>
40805f24:	84da                	c.mv	s1,s6
40805f26:	01295913          	srli	s2,s2,0x12
40805f2a:	03593ab3          	mulhu	s5,s2,s5
40805f2e:	005ada93          	srli	s5,s5,0x5
40805f32:	004a9793          	slli	a5,s5,0x4
40805f36:	415787b3          	sub	a5,a5,s5
40805f3a:	078a                	c.slli	a5,0x2
40805f3c:	40f90933          	sub	s2,s2,a5
40805f40:	b5c5                	c.j	40805e20 <cmd_ping+0x4a6>
40805f42:	4080f537          	lui	a0,0x4080f
40805f46:	ed450513          	addi	a0,a0,-300 # 4080eed4 <_str_crlf+0x2a86>
40805f4a:	d35fa0ef          	jal	ra,40800c7e <uart_puts>
40805f4e:	f3bfd0ef          	jal	ra,40803e88 <uptime_us>
40805f52:	47a2                	c.lwsp	a5,8(sp)
40805f54:	000f4737          	lui	a4,0xf4
40805f58:	23f70713          	addi	a4,a4,575 # f423f <_kernel_start-0x4070bdc1>
40805f5c:	40f507b3          	sub	a5,a0,a5
40805f60:	4905                	c.li	s2,1
40805f62:	00f77e63          	bgeu	a4,a5,40805f7e <cmd_ping+0x604>
40805f66:	000f4737          	lui	a4,0xf4
40805f6a:	24070713          	addi	a4,a4,576 # f4240 <_kernel_start-0x4070bdc0>
40805f6e:	02e7d7b3          	divu	a5,a5,a4
40805f72:	03c00913          	addi	s2,zero,60
40805f76:	0327dab3          	divu	s5,a5,s2
40805f7a:	0327f933          	remu	s2,a5,s2
40805f7e:	4481                	c.li	s1,0
40805f80:	ea0409e3          	beq	s0,zero,40805e32 <cmd_ping+0x4b8>
40805f84:	84a2                	c.mv	s1,s0
40805f86:	bd69                	c.j	40805e20 <cmd_ping+0x4a6>
40805f88:	84da                	c.mv	s1,s6
40805f8a:	4905                	c.li	s2,1
40805f8c:	bd51                	c.j	40805e20 <cmd_ping+0x4a6>

40805f8e <soft_wifisearch>:
40805f8e:	c0010113          	addi	sp,sp,-1024
40805f92:	3e112e23          	sw	ra,1020(sp)
40805f96:	00054783          	lbu	a5,0(a0)
40805f9a:	cb89                	c.beqz	a5,40805fac <soft_wifisearch+0x1e>
40805f9c:	4080d5b7          	lui	a1,0x4080d
40805fa0:	ab458593          	addi	a1,a1,-1356 # 4080cab4 <_str_crlf+0x666>
40805fa4:	867fa0ef          	jal	ra,4080080a <k_strcmp>
40805fa8:	22050e63          	beq	a0,zero,408061e4 <soft_wifisearch+0x256>
40805fac:	7d9030ef          	jal	ra,40809f84 <wifi_fw_loaded>
40805fb0:	20050363          	beq	a0,zero,408061b6 <soft_wifisearch+0x228>
40805fb4:	3c000613          	addi	a2,zero,960
40805fb8:	4581                	c.li	a1,0
40805fba:	850a                	c.mv	a0,sp
40805fbc:	3d712e23          	sw	s7,988(sp)
40805fc0:	8edfa0ef          	jal	ra,408008ac <k_memset>
40805fc4:	850a                	c.mv	a0,sp
40805fc6:	45d1                	c.li	a1,20
40805fc8:	0c2040ef          	jal	ra,4080a08a <wifi_scan>
40805fcc:	8baa                	c.mv	s7,a0
40805fce:	1e054e63          	blt	a0,zero,408061ca <soft_wifisearch+0x23c>
40805fd2:	4080f537          	lui	a0,0x4080f
40805fd6:	08050513          	addi	a0,a0,128 # 4080f080 <_str_crlf+0x2c32>
40805fda:	ca5fa0ef          	jal	ra,40800c7e <uart_puts>
40805fde:	4080f537          	lui	a0,0x4080f
40805fe2:	09050513          	addi	a0,a0,144 # 4080f090 <_str_crlf+0x2c42>
40805fe6:	c99fa0ef          	jal	ra,40800c7e <uart_puts>
40805fea:	4080f537          	lui	a0,0x4080f
40805fee:	0d850513          	addi	a0,a0,216 # 4080f0d8 <_str_crlf+0x2c8a>
40805ff2:	c8dfa0ef          	jal	ra,40800c7e <uart_puts>
40805ff6:	140b8163          	beq	s7,zero,40806138 <soft_wifisearch+0x1aa>
40805ffa:	3e912a23          	sw	s1,1012(sp)
40805ffe:	3f212823          	sw	s2,1008(sp)
40806002:	3f412423          	sw	s4,1000(sp)
40806006:	3f612023          	sw	s6,992(sp)
4080600a:	3d912a23          	sw	s9,980(sp)
4080600e:	3da12823          	sw	s10,976(sp)
40806012:	3db12623          	sw	s11,972(sp)
40806016:	3e812c23          	sw	s0,1016(sp)
4080601a:	3f312623          	sw	s3,1004(sp)
4080601e:	3f512223          	sw	s5,996(sp)
40806022:	3d812c23          	sw	s8,984(sp)
40806026:	848a                	c.mv	s1,sp
40806028:	4b01                	c.li	s6,0
4080602a:	4080fdb7          	lui	s11,0x4080f
4080602e:	4080ed37          	lui	s10,0x4080e
40806032:	4080fcb7          	lui	s9,0x4080f
40806036:	02000913          	addi	s2,zero,32
4080603a:	05e00a13          	addi	s4,zero,94
4080603e:	2ccd8513          	addi	a0,s11,716 # 4080f2cc <_str_crlf+0x2e7e>
40806042:	c3dfa0ef          	jal	ra,40800c7e <uart_puts>
40806046:	0284aa83          	lw	s5,40(s1)
4080604a:	15505863          	bge	zero,s5,4080619a <soft_wifisearch+0x20c>
4080604e:	8456                	c.mv	s0,s5
40806050:	01595463          	bge	s2,s5,40806058 <soft_wifisearch+0xca>
40806054:	02000413          	addi	s0,zero,32
40806058:	00648c13          	addi	s8,s1,6
4080605c:	018409b3          	add	s3,s0,s8
40806060:	000c4503          	lbu	a0,0(s8)
40806064:	fe050713          	addi	a4,a0,-32
40806068:	0ff77713          	andi	a4,a4,255
4080606c:	00ea7463          	bgeu	s4,a4,40806074 <soft_wifisearch+0xe6>
40806070:	02e00513          	addi	a0,zero,46
40806074:	0c05                	c.addi	s8,1
40806076:	867fa0ef          	jal	ra,408008dc <uart_putc>
4080607a:	ff8993e3          	bne	s3,s8,40806060 <soft_wifisearch+0xd2>
4080607e:	47fd                	c.li	a5,31
40806080:	0157c963          	blt	a5,s5,40806092 <soft_wifisearch+0x104>
40806084:	02000513          	addi	a0,zero,32
40806088:	0405                	c.addi	s0,1
4080608a:	853fa0ef          	jal	ra,408008dc <uart_putc>
4080608e:	ff241be3          	bne	s0,s2,40806084 <soft_wifisearch+0xf6>
40806092:	0054c803          	lbu	a6,5(s1)
40806096:	0044c783          	lbu	a5,4(s1)
4080609a:	0034c703          	lbu	a4,3(s1)
4080609e:	0024c683          	lbu	a3,2(s1)
408060a2:	0014c603          	lbu	a2,1(s1)
408060a6:	0004c583          	lbu	a1,0(s1)
408060aa:	eb8d0513          	addi	a0,s10,-328 # 4080deb8 <_str_crlf+0x1a6a>
408060ae:	ccbfa0ef          	jal	ra,40800d78 <kprintf>
408060b2:	02c4c583          	lbu	a1,44(s1)
408060b6:	144c8513          	addi	a0,s9,324 # 4080f144 <_str_crlf+0x2cf6>
408060ba:	cbffa0ef          	jal	ra,40800d78 <kprintf>
408060be:	02d48583          	lb	a1,45(s1)
408060c2:	e5e9                	c.bnez	a1,4080618c <soft_wifisearch+0x1fe>
408060c4:	4080f7b7          	lui	a5,0x4080f
408060c8:	14c78513          	addi	a0,a5,332 # 4080f14c <_str_crlf+0x2cfe>
408060cc:	bb3fa0ef          	jal	ra,40800c7e <uart_puts>
408060d0:	02e4c783          	lbu	a5,46(s1)
408060d4:	4711                	c.li	a4,4
408060d6:	0cf76963          	bltu	a4,a5,408061a8 <soft_wifisearch+0x21a>
408060da:	40812737          	lui	a4,0x40812
408060de:	078a                	c.slli	a5,0x2
408060e0:	8c470713          	addi	a4,a4,-1852 # 408118c4 <CSWTCH.45+0x6c>
408060e4:	97ba                	c.add	a5,a4
408060e6:	439c                	c.lw	a5,0(a5)
408060e8:	8782                	c.jr	a5
408060ea:	4080f537          	lui	a0,0x4080f
408060ee:	17450513          	addi	a0,a0,372 # 4080f174 <_str_crlf+0x2d26>
408060f2:	b8dfa0ef          	jal	ra,40800c7e <uart_puts>
408060f6:	408107b7          	lui	a5,0x40810
408060fa:	bc478513          	addi	a0,a5,-1084 # 4080fbc4 <_str_crlf+0x3776>
408060fe:	0b05                	c.addi	s6,1
40806100:	b7ffa0ef          	jal	ra,40800c7e <uart_puts>
40806104:	03048493          	addi	s1,s1,48
40806108:	f36b9be3          	bne	s7,s6,4080603e <soft_wifisearch+0xb0>
4080610c:	3f812403          	lw	s0,1016(sp)
40806110:	3f412483          	lw	s1,1012(sp)
40806114:	3f012903          	lw	s2,1008(sp)
40806118:	3ec12983          	lw	s3,1004(sp)
4080611c:	3e812a03          	lw	s4,1000(sp)
40806120:	3e412a83          	lw	s5,996(sp)
40806124:	3e012b03          	lw	s6,992(sp)
40806128:	3d812c03          	lw	s8,984(sp)
4080612c:	3d412c83          	lw	s9,980(sp)
40806130:	3d012d03          	lw	s10,976(sp)
40806134:	3cc12d83          	lw	s11,972(sp)
40806138:	4080f537          	lui	a0,0x4080f
4080613c:	85de                	c.mv	a1,s7
4080613e:	18c50513          	addi	a0,a0,396 # 4080f18c <_str_crlf+0x2d3e>
40806142:	c37fa0ef          	jal	ra,40800d78 <kprintf>
40806146:	3fc12083          	lw	ra,1020(sp)
4080614a:	3dc12b83          	lw	s7,988(sp)
4080614e:	40010113          	addi	sp,sp,1024
40806152:	8082                	c.jr	ra
40806154:	4080f537          	lui	a0,0x4080f
40806158:	16c50513          	addi	a0,a0,364 # 4080f16c <_str_crlf+0x2d1e>
4080615c:	b23fa0ef          	jal	ra,40800c7e <uart_puts>
40806160:	bf59                	c.j	408060f6 <soft_wifisearch+0x168>
40806162:	4080f537          	lui	a0,0x4080f
40806166:	16450513          	addi	a0,a0,356 # 4080f164 <_str_crlf+0x2d16>
4080616a:	b15fa0ef          	jal	ra,40800c7e <uart_puts>
4080616e:	b761                	c.j	408060f6 <soft_wifisearch+0x168>
40806170:	4080f537          	lui	a0,0x4080f
40806174:	15c50513          	addi	a0,a0,348 # 4080f15c <_str_crlf+0x2d0e>
40806178:	b07fa0ef          	jal	ra,40800c7e <uart_puts>
4080617c:	bfad                	c.j	408060f6 <soft_wifisearch+0x168>
4080617e:	4080f537          	lui	a0,0x4080f
40806182:	17c50513          	addi	a0,a0,380 # 4080f17c <_str_crlf+0x2d2e>
40806186:	af9fa0ef          	jal	ra,40800c7e <uart_puts>
4080618a:	b7b5                	c.j	408060f6 <soft_wifisearch+0x168>
4080618c:	4080f7b7          	lui	a5,0x4080f
40806190:	15478513          	addi	a0,a5,340 # 4080f154 <_str_crlf+0x2d06>
40806194:	be5fa0ef          	jal	ra,40800d78 <kprintf>
40806198:	bf25                	c.j	408060d0 <soft_wifisearch+0x142>
4080619a:	4080f7b7          	lui	a5,0x4080f
4080619e:	12078513          	addi	a0,a5,288 # 4080f120 <_str_crlf+0x2cd2>
408061a2:	addfa0ef          	jal	ra,40800c7e <uart_puts>
408061a6:	b5f5                	c.j	40806092 <soft_wifisearch+0x104>
408061a8:	4080f537          	lui	a0,0x4080f
408061ac:	18450513          	addi	a0,a0,388 # 4080f184 <_str_crlf+0x2d36>
408061b0:	acffa0ef          	jal	ra,40800c7e <uart_puts>
408061b4:	b789                	c.j	408060f6 <soft_wifisearch+0x168>
408061b6:	3fc12083          	lw	ra,1020(sp)
408061ba:	4080f537          	lui	a0,0x4080f
408061be:	04850513          	addi	a0,a0,72 # 4080f048 <_str_crlf+0x2bfa>
408061c2:	40010113          	addi	sp,sp,1024
408061c6:	ab9fa06f          	jal	zero,40800c7e <uart_puts>
408061ca:	4080f537          	lui	a0,0x4080f
408061ce:	06850513          	addi	a0,a0,104 # 4080f068 <_str_crlf+0x2c1a>
408061d2:	aadfa0ef          	jal	ra,40800c7e <uart_puts>
408061d6:	3fc12083          	lw	ra,1020(sp)
408061da:	3dc12b83          	lw	s7,988(sp)
408061de:	40010113          	addi	sp,sp,1024
408061e2:	8082                	c.jr	ra
408061e4:	3fc12083          	lw	ra,1020(sp)
408061e8:	4080f537          	lui	a0,0x4080f
408061ec:	fc450513          	addi	a0,a0,-60 # 4080efc4 <_str_crlf+0x2b76>
408061f0:	40010113          	addi	sp,sp,1024
408061f4:	a8bfa06f          	jal	zero,40800c7e <uart_puts>

408061f8 <soft_wifiinfo>:
408061f8:	7139                	c.addi16sp	sp,-64
408061fa:	de06                	c.swsp	ra,60(sp)
408061fc:	00054783          	lbu	a5,0(a0)
40806200:	cb89                	c.beqz	a5,40806212 <soft_wifiinfo+0x1a>
40806202:	4080d5b7          	lui	a1,0x4080d
40806206:	ab458593          	addi	a1,a1,-1356 # 4080cab4 <_str_crlf+0x666>
4080620a:	e00fa0ef          	jal	ra,4080080a <k_strcmp>
4080620e:	24050963          	beq	a0,zero,40806460 <soft_wifiinfo+0x268>
40806212:	850a                	c.mv	a0,sp
40806214:	dc22                	c.swsp	s0,56(sp)
40806216:	da26                	c.swsp	s1,52(sp)
40806218:	6b3030ef          	jal	ra,4080a0ca <wifi_get_ap_info>
4080621c:	848a                	c.mv	s1,sp
4080621e:	842a                	c.mv	s0,a0
40806220:	1e051e63          	bne	a0,zero,4080641c <soft_wifiinfo+0x224>
40806224:	575030ef          	jal	ra,40809f98 <wifi_ap_configured>
40806228:	12050e63          	beq	a0,zero,40806364 <soft_wifiinfo+0x16c>
4080622c:	4080f537          	lui	a0,0x4080f
40806230:	27050513          	addi	a0,a0,624 # 4080f270 <_str_crlf+0x2e22>
40806234:	a4bfa0ef          	jal	ra,40800c7e <uart_puts>
40806238:	4080f537          	lui	a0,0x4080f
4080623c:	29050513          	addi	a0,a0,656 # 4080f290 <_str_crlf+0x2e42>
40806240:	a3ffa0ef          	jal	ra,40800c7e <uart_puts>
40806244:	4080f537          	lui	a0,0x4080f
40806248:	2b050513          	addi	a0,a0,688 # 4080f2b0 <_str_crlf+0x2e62>
4080624c:	a33fa0ef          	jal	ra,40800c7e <uart_puts>
40806250:	57a2                	c.lwsp	a5,40(sp)
40806252:	00f05c63          	bge	zero,a5,4080626a <soft_wifiinfo+0x72>
40806256:	008487b3          	add	a5,s1,s0
4080625a:	0067c503          	lbu	a0,6(a5)
4080625e:	0405                	c.addi	s0,1
40806260:	e7cfa0ef          	jal	ra,408008dc <uart_putc>
40806264:	57a2                	c.lwsp	a5,40(sp)
40806266:	fef448e3          	blt	s0,a5,40806256 <soft_wifiinfo+0x5e>
4080626a:	408104b7          	lui	s1,0x40810
4080626e:	bc448513          	addi	a0,s1,-1084 # 4080fbc4 <_str_crlf+0x3776>
40806272:	a0dfa0ef          	jal	ra,40800c7e <uart_puts>
40806276:	4080f537          	lui	a0,0x4080f
4080627a:	2c050513          	addi	a0,a0,704 # 4080f2c0 <_str_crlf+0x2e72>
4080627e:	a01fa0ef          	jal	ra,40800c7e <uart_puts>
40806282:	00514803          	lbu	a6,5(sp)
40806286:	00414783          	lbu	a5,4(sp)
4080628a:	00314703          	lbu	a4,3(sp)
4080628e:	00214683          	lbu	a3,2(sp)
40806292:	00114603          	lbu	a2,1(sp)
40806296:	00014583          	lbu	a1,0(sp)
4080629a:	40811537          	lui	a0,0x40811
4080629e:	d0c50513          	addi	a0,a0,-756 # 40810d0c <_str_crlf+0x48be>
408062a2:	ad7fa0ef          	jal	ra,40800d78 <kprintf>
408062a6:	4080f537          	lui	a0,0x4080f
408062aa:	2d050513          	addi	a0,a0,720 # 4080f2d0 <_str_crlf+0x2e82>
408062ae:	9d1fa0ef          	jal	ra,40800c7e <uart_puts>
408062b2:	02c14583          	lbu	a1,44(sp)
408062b6:	4080f537          	lui	a0,0x4080f
408062ba:	2e050513          	addi	a0,a0,736 # 4080f2e0 <_str_crlf+0x2e92>
408062be:	abbfa0ef          	jal	ra,40800d78 <kprintf>
408062c2:	4080f537          	lui	a0,0x4080f
408062c6:	2e850513          	addi	a0,a0,744 # 4080f2e8 <_str_crlf+0x2e9a>
408062ca:	9b5fa0ef          	jal	ra,40800c7e <uart_puts>
408062ce:	4b7030ef          	jal	ra,40809f84 <wifi_fw_loaded>
408062d2:	16051063          	bne	a0,zero,40806432 <soft_wifiinfo+0x23a>
408062d6:	4080e537          	lui	a0,0x4080e
408062da:	d5850513          	addi	a0,a0,-680 # 4080dd58 <_str_crlf+0x190a>
408062de:	9a1fa0ef          	jal	ra,40800c7e <uart_puts>
408062e2:	02e14783          	lbu	a5,46(sp)
408062e6:	4705                	c.li	a4,1
408062e8:	16e78063          	beq	a5,a4,40806448 <soft_wifiinfo+0x250>
408062ec:	4709                	c.li	a4,2
408062ee:	1ae78063          	beq	a5,a4,4080648e <soft_wifiinfo+0x296>
408062f2:	470d                	c.li	a4,3
408062f4:	18e79563          	bne	a5,a4,4080647e <soft_wifiinfo+0x286>
408062f8:	4080f437          	lui	s0,0x4080f
408062fc:	1b840413          	addi	s0,s0,440 # 4080f1b8 <_str_crlf+0x2d6a>
40806300:	4080f537          	lui	a0,0x4080f
40806304:	31850513          	addi	a0,a0,792 # 4080f318 <_str_crlf+0x2eca>
40806308:	977fa0ef          	jal	ra,40800c7e <uart_puts>
4080630c:	8522                	c.mv	a0,s0
4080630e:	971fa0ef          	jal	ra,40800c7e <uart_puts>
40806312:	bc448513          	addi	a0,s1,-1084
40806316:	969fa0ef          	jal	ra,40800c7e <uart_puts>
4080631a:	4080f537          	lui	a0,0x4080f
4080631e:	32850513          	addi	a0,a0,808 # 4080f328 <_str_crlf+0x2eda>
40806322:	95dfa0ef          	jal	ra,40800c7e <uart_puts>
40806326:	469030ef          	jal	ra,40809f8e <wifi_is_active>
4080632a:	14050363          	beq	a0,zero,40806470 <soft_wifiinfo+0x278>
4080632e:	4080f537          	lui	a0,0x4080f
40806332:	33850513          	addi	a0,a0,824 # 4080f338 <_str_crlf+0x2eea>
40806336:	949fa0ef          	jal	ra,40800c7e <uart_puts>
4080633a:	4080f537          	lui	a0,0x4080f
4080633e:	36450513          	addi	a0,a0,868 # 4080f364 <_str_crlf+0x2f16>
40806342:	93dfa0ef          	jal	ra,40800c7e <uart_puts>
40806346:	bc448513          	addi	a0,s1,-1084
4080634a:	935fa0ef          	jal	ra,40800c7e <uart_puts>
4080634e:	4080f537          	lui	a0,0x4080f
40806352:	39450513          	addi	a0,a0,916 # 4080f394 <_str_crlf+0x2f46>
40806356:	929fa0ef          	jal	ra,40800c7e <uart_puts>
4080635a:	50f2                	c.lwsp	ra,60(sp)
4080635c:	5462                	c.lwsp	s0,56(sp)
4080635e:	54d2                	c.lwsp	s1,52(sp)
40806360:	6121                	c.addi16sp	sp,64
40806362:	8082                	c.jr	ra
40806364:	4080f537          	lui	a0,0x4080f
40806368:	3c450513          	addi	a0,a0,964 # 4080f3c4 <_str_crlf+0x2f76>
4080636c:	913fa0ef          	jal	ra,40800c7e <uart_puts>
40806370:	4080f537          	lui	a0,0x4080f
40806374:	3e850513          	addi	a0,a0,1000 # 4080f3e8 <_str_crlf+0x2f9a>
40806378:	907fa0ef          	jal	ra,40800c7e <uart_puts>
4080637c:	4080f537          	lui	a0,0x4080f
40806380:	2c050513          	addi	a0,a0,704 # 4080f2c0 <_str_crlf+0x2e72>
40806384:	8fbfa0ef          	jal	ra,40800c7e <uart_puts>
40806388:	00514803          	lbu	a6,5(sp)
4080638c:	00414783          	lbu	a5,4(sp)
40806390:	00314703          	lbu	a4,3(sp)
40806394:	00214683          	lbu	a3,2(sp)
40806398:	00114603          	lbu	a2,1(sp)
4080639c:	00014583          	lbu	a1,0(sp)
408063a0:	40811537          	lui	a0,0x40811
408063a4:	d0c50513          	addi	a0,a0,-756 # 40810d0c <_str_crlf+0x48be>
408063a8:	9d1fa0ef          	jal	ra,40800d78 <kprintf>
408063ac:	4080f537          	lui	a0,0x4080f
408063b0:	40050513          	addi	a0,a0,1024 # 4080f400 <_str_crlf+0x2fb2>
408063b4:	8cbfa0ef          	jal	ra,40800c7e <uart_puts>
408063b8:	4080f537          	lui	a0,0x4080f
408063bc:	2e850513          	addi	a0,a0,744 # 4080f2e8 <_str_crlf+0x2e9a>
408063c0:	8bffa0ef          	jal	ra,40800c7e <uart_puts>
408063c4:	3c1030ef          	jal	ra,40809f84 <wifi_fw_loaded>
408063c8:	e549                	c.bnez	a0,40806452 <soft_wifiinfo+0x25a>
408063ca:	4080e537          	lui	a0,0x4080e
408063ce:	d5850513          	addi	a0,a0,-680 # 4080dd58 <_str_crlf+0x190a>
408063d2:	8adfa0ef          	jal	ra,40800c7e <uart_puts>
408063d6:	4080f537          	lui	a0,0x4080f
408063da:	41450513          	addi	a0,a0,1044 # 4080f414 <_str_crlf+0x2fc6>
408063de:	8a1fa0ef          	jal	ra,40800c7e <uart_puts>
408063e2:	4080f537          	lui	a0,0x4080f
408063e6:	42c50513          	addi	a0,a0,1068 # 4080f42c <_str_crlf+0x2fde>
408063ea:	895fa0ef          	jal	ra,40800c7e <uart_puts>
408063ee:	4080f537          	lui	a0,0x4080f
408063f2:	44050513          	addi	a0,a0,1088 # 4080f440 <_str_crlf+0x2ff2>
408063f6:	889fa0ef          	jal	ra,40800c7e <uart_puts>
408063fa:	4080f537          	lui	a0,0x4080f
408063fe:	45450513          	addi	a0,a0,1108 # 4080f454 <_str_crlf+0x3006>
40806402:	87dfa0ef          	jal	ra,40800c7e <uart_puts>
40806406:	4080d537          	lui	a0,0x4080d
4080640a:	3c450513          	addi	a0,a0,964 # 4080d3c4 <_str_crlf+0xf76>
4080640e:	871fa0ef          	jal	ra,40800c7e <uart_puts>
40806412:	50f2                	c.lwsp	ra,60(sp)
40806414:	5462                	c.lwsp	s0,56(sp)
40806416:	54d2                	c.lwsp	s1,52(sp)
40806418:	6121                	c.addi16sp	sp,64
4080641a:	8082                	c.jr	ra
4080641c:	4080f537          	lui	a0,0x4080f
40806420:	24050513          	addi	a0,a0,576 # 4080f240 <_str_crlf+0x2df2>
40806424:	85bfa0ef          	jal	ra,40800c7e <uart_puts>
40806428:	50f2                	c.lwsp	ra,60(sp)
4080642a:	5462                	c.lwsp	s0,56(sp)
4080642c:	54d2                	c.lwsp	s1,52(sp)
4080642e:	6121                	c.addi16sp	sp,64
40806430:	8082                	c.jr	ra
40806432:	4080f537          	lui	a0,0x4080f
40806436:	2f850513          	addi	a0,a0,760 # 4080f2f8 <_str_crlf+0x2eaa>
4080643a:	845fa0ef          	jal	ra,40800c7e <uart_puts>
4080643e:	02e14783          	lbu	a5,46(sp)
40806442:	4705                	c.li	a4,1
40806444:	eae794e3          	bne	a5,a4,408062ec <soft_wifiinfo+0xf4>
40806448:	4080f437          	lui	s0,0x4080f
4080644c:	1c040413          	addi	s0,s0,448 # 4080f1c0 <_str_crlf+0x2d72>
40806450:	bd45                	c.j	40806300 <soft_wifiinfo+0x108>
40806452:	4080e537          	lui	a0,0x4080e
40806456:	d5c50513          	addi	a0,a0,-676 # 4080dd5c <_str_crlf+0x190e>
4080645a:	825fa0ef          	jal	ra,40800c7e <uart_puts>
4080645e:	bfa5                	c.j	408063d6 <soft_wifiinfo+0x1de>
40806460:	50f2                	c.lwsp	ra,60(sp)
40806462:	4080f537          	lui	a0,0x4080f
40806466:	1c450513          	addi	a0,a0,452 # 4080f1c4 <_str_crlf+0x2d76>
4080646a:	6121                	c.addi16sp	sp,64
4080646c:	813fa06f          	jal	zero,40800c7e <uart_puts>
40806470:	4080f537          	lui	a0,0x4080f
40806474:	34450513          	addi	a0,a0,836 # 4080f344 <_str_crlf+0x2ef6>
40806478:	807fa0ef          	jal	ra,40800c7e <uart_puts>
4080647c:	bd7d                	c.j	4080633a <soft_wifiinfo+0x142>
4080647e:	4711                	c.li	a4,4
40806480:	00e79c63          	bne	a5,a4,40806498 <soft_wifiinfo+0x2a0>
40806484:	4080f437          	lui	s0,0x4080f
40806488:	1ac40413          	addi	s0,s0,428 # 4080f1ac <_str_crlf+0x2d5e>
4080648c:	bd95                	c.j	40806300 <soft_wifiinfo+0x108>
4080648e:	4080f437          	lui	s0,0x4080f
40806492:	1b440413          	addi	s0,s0,436 # 4080f1b4 <_str_crlf+0x2d66>
40806496:	b5ad                	c.j	40806300 <soft_wifiinfo+0x108>
40806498:	4080f437          	lui	s0,0x4080f
4080649c:	1a440413          	addi	s0,s0,420 # 4080f1a4 <_str_crlf+0x2d56>
408064a0:	b585                	c.j	40806300 <soft_wifiinfo+0x108>

408064a2 <cmd_dhcp>:
408064a2:	00054783          	lbu	a5,0(a0)
408064a6:	e799                	c.bnez	a5,408064b4 <cmd_dhcp+0x12>
408064a8:	4080f537          	lui	a0,0x4080f
408064ac:	4f050513          	addi	a0,a0,1264 # 4080f4f0 <_str_crlf+0x30a2>
408064b0:	fcefa06f          	jal	zero,40800c7e <uart_puts>
408064b4:	4080d5b7          	lui	a1,0x4080d
408064b8:	1141                	c.addi	sp,-16
408064ba:	ab458593          	addi	a1,a1,-1356 # 4080cab4 <_str_crlf+0x666>
408064be:	c422                	c.swsp	s0,8(sp)
408064c0:	c606                	c.swsp	ra,12(sp)
408064c2:	842a                	c.mv	s0,a0
408064c4:	b46fa0ef          	jal	ra,4080080a <k_strcmp>
408064c8:	c955                	c.beqz	a0,4080657c <cmd_dhcp+0xda>
408064ca:	00044783          	lbu	a5,0(s0)
408064ce:	cbad                	c.beqz	a5,40806540 <cmd_dhcp+0x9e>
408064d0:	4080f5b7          	lui	a1,0x4080f
408064d4:	8522                	c.mv	a0,s0
408064d6:	4e858593          	addi	a1,a1,1256 # 4080f4e8 <_str_crlf+0x309a>
408064da:	b30fa0ef          	jal	ra,4080080a <k_strcmp>
408064de:	e12d                	c.bnez	a0,40806540 <cmd_dhcp+0x9e>
408064e0:	4080c537          	lui	a0,0x4080c
408064e4:	64850513          	addi	a0,a0,1608 # 4080c648 <_str_crlf+0x1fa>
408064e8:	fa6fd0ef          	jal	ra,40803c8e <driver_find>
408064ec:	c13d                	c.beqz	a0,40806552 <cmd_dhcp+0xb0>
408064ee:	495c                	c.lw	a5,20(a0)
408064f0:	c3ad                	c.beqz	a5,40806552 <cmd_dhcp+0xb0>
408064f2:	4080f537          	lui	a0,0x4080f
408064f6:	50850513          	addi	a0,a0,1288 # 4080f508 <_str_crlf+0x30ba>
408064fa:	f84fa0ef          	jal	ra,40800c7e <uart_puts>
408064fe:	4080f537          	lui	a0,0x4080f
40806502:	51850513          	addi	a0,a0,1304 # 4080f518 <_str_crlf+0x30ca>
40806506:	f78fa0ef          	jal	ra,40800c7e <uart_puts>
4080650a:	4080f537          	lui	a0,0x4080f
4080650e:	53850513          	addi	a0,a0,1336 # 4080f538 <_str_crlf+0x30ea>
40806512:	f6cfa0ef          	jal	ra,40800c7e <uart_puts>
40806516:	4080f537          	lui	a0,0x4080f
4080651a:	55450513          	addi	a0,a0,1364 # 4080f554 <_str_crlf+0x3106>
4080651e:	f60fa0ef          	jal	ra,40800c7e <uart_puts>
40806522:	4080f537          	lui	a0,0x4080f
40806526:	57050513          	addi	a0,a0,1392 # 4080f570 <_str_crlf+0x3122>
4080652a:	f54fa0ef          	jal	ra,40800c7e <uart_puts>
4080652e:	4422                	c.lwsp	s0,8(sp)
40806530:	40b2                	c.lwsp	ra,12(sp)
40806532:	4080f537          	lui	a0,0x4080f
40806536:	59050513          	addi	a0,a0,1424 # 4080f590 <_str_crlf+0x3142>
4080653a:	0141                	c.addi	sp,16
4080653c:	f42fa06f          	jal	zero,40800c7e <uart_puts>
40806540:	4080f537          	lui	a0,0x4080f
40806544:	4f050513          	addi	a0,a0,1264 # 4080f4f0 <_str_crlf+0x30a2>
40806548:	4422                	c.lwsp	s0,8(sp)
4080654a:	40b2                	c.lwsp	ra,12(sp)
4080654c:	0141                	c.addi	sp,16
4080654e:	f30fa06f          	jal	zero,40800c7e <uart_puts>
40806552:	4080f537          	lui	a0,0x4080f
40806556:	50850513          	addi	a0,a0,1288 # 4080f508 <_str_crlf+0x30ba>
4080655a:	f24fa0ef          	jal	ra,40800c7e <uart_puts>
4080655e:	4080f537          	lui	a0,0x4080f
40806562:	5b850513          	addi	a0,a0,1464 # 4080f5b8 <_str_crlf+0x316a>
40806566:	f18fa0ef          	jal	ra,40800c7e <uart_puts>
4080656a:	4422                	c.lwsp	s0,8(sp)
4080656c:	40b2                	c.lwsp	ra,12(sp)
4080656e:	4080f537          	lui	a0,0x4080f
40806572:	5f050513          	addi	a0,a0,1520 # 4080f5f0 <_str_crlf+0x31a2>
40806576:	0141                	c.addi	sp,16
40806578:	f06fa06f          	jal	zero,40800c7e <uart_puts>
4080657c:	4080f537          	lui	a0,0x4080f
40806580:	47450513          	addi	a0,a0,1140 # 4080f474 <_str_crlf+0x3026>
40806584:	b7d1                	c.j	40806548 <cmd_dhcp+0xa6>

40806586 <cmd_track>:
40806586:	7129                	c.addi16sp	sp,-320
40806588:	12112e23          	sw	ra,316(sp)
4080658c:	00054783          	lbu	a5,0(a0)
40806590:	cb89                	c.beqz	a5,408065a2 <cmd_track+0x1c>
40806592:	4080d5b7          	lui	a1,0x4080d
40806596:	ab458593          	addi	a1,a1,-1356 # 4080cab4 <_str_crlf+0x666>
4080659a:	a70fa0ef          	jal	ra,4080080a <k_strcmp>
4080659e:	2e050363          	beq	a0,zero,40806884 <cmd_track+0x2fe>
408065a2:	4080f537          	lui	a0,0x4080f
408065a6:	75c50513          	addi	a0,a0,1884 # 4080f75c <_str_crlf+0x330e>
408065aa:	13312623          	sw	s3,300(sp)
408065ae:	13512223          	sw	s5,292(sp)
408065b2:	13612023          	sw	s6,288(sp)
408065b6:	11712e23          	sw	s7,284(sp)
408065ba:	11912a23          	sw	s9,276(sp)
408065be:	12812c23          	sw	s0,312(sp)
408065c2:	12912a23          	sw	s1,308(sp)
408065c6:	13212823          	sw	s2,304(sp)
408065ca:	13412423          	sw	s4,296(sp)
408065ce:	11812c23          	sw	s8,280(sp)
408065d2:	11a12823          	sw	s10,272(sp)
408065d6:	4080fbb7          	lui	s7,0x4080f
408065da:	ea4fa0ef          	jal	ra,40800c7e <uart_puts>
408065de:	4080d9b7          	lui	s3,0x4080d
408065e2:	40810ab7          	lui	s5,0x40810
408065e6:	40810b37          	lui	s6,0x40810
408065ea:	40810cb7          	lui	s9,0x40810
408065ee:	790b8513          	addi	a0,s7,1936 # 4080f790 <_str_crlf+0x3342>
408065f2:	e8cfa0ef          	jal	ra,40800c7e <uart_puts>
408065f6:	08000593          	addi	a1,zero,128
408065fa:	850a                	c.mv	a0,sp
408065fc:	f43fb0ef          	jal	ra,4080253e <console_readline>
40806600:	df498593          	addi	a1,s3,-524 # 4080cdf4 <_str_crlf+0x9a6>
40806604:	850a                	c.mv	a0,sp
40806606:	a04fa0ef          	jal	ra,4080080a <k_strcmp>
4080660a:	1e050a63          	beq	a0,zero,408067fe <cmd_track+0x278>
4080660e:	4080f4b7          	lui	s1,0x4080f
40806612:	79c48593          	addi	a1,s1,1948 # 4080f79c <_str_crlf+0x334e>
40806616:	850a                	c.mv	a0,sp
40806618:	9f2fa0ef          	jal	ra,4080080a <k_strcmp>
4080661c:	1e050163          	beq	a0,zero,408067fe <cmd_track+0x278>
40806620:	4080f5b7          	lui	a1,0x4080f
40806624:	7a458593          	addi	a1,a1,1956 # 4080f7a4 <_str_crlf+0x3356>
40806628:	850a                	c.mv	a0,sp
4080662a:	9e0fa0ef          	jal	ra,4080080a <k_strcmp>
4080662e:	1c050863          	beq	a0,zero,408067fe <cmd_track+0x278>
40806632:	4080e937          	lui	s2,0x4080e
40806636:	06090593          	addi	a1,s2,96 # 4080e060 <_str_crlf+0x1c12>
4080663a:	850a                	c.mv	a0,sp
4080663c:	9cefa0ef          	jal	ra,4080080a <k_strcmp>
40806640:	10050163          	beq	a0,zero,40806742 <cmd_track+0x1bc>
40806644:	4080da37          	lui	s4,0x4080d
40806648:	ab4a0593          	addi	a1,s4,-1356 # 4080cab4 <_str_crlf+0x666>
4080664c:	850a                	c.mv	a0,sp
4080664e:	9bcfa0ef          	jal	ra,4080080a <k_strcmp>
40806652:	0e050863          	beq	a0,zero,40806742 <cmd_track+0x1bc>
40806656:	4080fd37          	lui	s10,0x4080f
4080665a:	7acd0593          	addi	a1,s10,1964 # 4080f7ac <_str_crlf+0x335e>
4080665e:	850a                	c.mv	a0,sp
40806660:	9aafa0ef          	jal	ra,4080080a <k_strcmp>
40806664:	0e050b63          	beq	a0,zero,4080675a <cmd_track+0x1d4>
40806668:	4080f5b7          	lui	a1,0x4080f
4080666c:	7b458593          	addi	a1,a1,1972 # 4080f7b4 <_str_crlf+0x3366>
40806670:	850a                	c.mv	a0,sp
40806672:	998fa0ef          	jal	ra,4080080a <k_strcmp>
40806676:	0e050263          	beq	a0,zero,4080675a <cmd_track+0x1d4>
4080667a:	4080f5b7          	lui	a1,0x4080f
4080667e:	7bc58593          	addi	a1,a1,1980 # 4080f7bc <_str_crlf+0x336e>
40806682:	850a                	c.mv	a0,sp
40806684:	986fa0ef          	jal	ra,4080080a <k_strcmp>
40806688:	c911                	c.beqz	a0,4080669c <cmd_track+0x116>
4080668a:	408105b7          	lui	a1,0x40810
4080668e:	9ec58593          	addi	a1,a1,-1556 # 4080f9ec <_str_crlf+0x359e>
40806692:	850a                	c.mv	a0,sp
40806694:	976fa0ef          	jal	ra,4080080a <k_strcmp>
40806698:	1a051763          	bne	a0,zero,40806846 <cmd_track+0x2c0>
4080669c:	40810537          	lui	a0,0x40810
408066a0:	9fc50513          	addi	a0,a0,-1540 # 4080f9fc <_str_crlf+0x35ae>
408066a4:	11b12623          	sw	s11,268(sp)
408066a8:	0100                	c.addi4spn	s0,sp,128
408066aa:	dd4fa0ef          	jal	ra,40800c7e <uart_puts>
408066ae:	40810c37          	lui	s8,0x40810
408066b2:	40810d37          	lui	s10,0x40810
408066b6:	40810db7          	lui	s11,0x40810
408066ba:	a44c0513          	addi	a0,s8,-1468 # 4080fa44 <_str_crlf+0x35f6>
408066be:	dc0fa0ef          	jal	ra,40800c7e <uart_puts>
408066c2:	08000593          	addi	a1,zero,128
408066c6:	8522                	c.mv	a0,s0
408066c8:	e77fb0ef          	jal	ra,4080253e <console_readline>
408066cc:	df498593          	addi	a1,s3,-524
408066d0:	8522                	c.mv	a0,s0
408066d2:	938fa0ef          	jal	ra,4080080a <k_strcmp>
408066d6:	14050e63          	beq	a0,zero,40806832 <cmd_track+0x2ac>
408066da:	79c48593          	addi	a1,s1,1948
408066de:	8522                	c.mv	a0,s0
408066e0:	92afa0ef          	jal	ra,4080080a <k_strcmp>
408066e4:	14050763          	beq	a0,zero,40806832 <cmd_track+0x2ac>
408066e8:	818d0593          	addi	a1,s10,-2024 # 4080f818 <_str_crlf+0x33ca>
408066ec:	8522                	c.mv	a0,s0
408066ee:	91cfa0ef          	jal	ra,4080080a <k_strcmp>
408066f2:	14050063          	beq	a0,zero,40806832 <cmd_track+0x2ac>
408066f6:	06090593          	addi	a1,s2,96
408066fa:	8522                	c.mv	a0,s0
408066fc:	90efa0ef          	jal	ra,4080080a <k_strcmp>
40806700:	c921                	c.beqz	a0,40806750 <cmd_track+0x1ca>
40806702:	ab4a0593          	addi	a1,s4,-1356
40806706:	8522                	c.mv	a0,s0
40806708:	902fa0ef          	jal	ra,4080080a <k_strcmp>
4080670c:	c131                	c.beqz	a0,40806750 <cmd_track+0x1ca>
4080670e:	408107b7          	lui	a5,0x40810
40806712:	a5478593          	addi	a1,a5,-1452 # 4080fa54 <_str_crlf+0x3606>
40806716:	8522                	c.mv	a0,s0
40806718:	8f2fa0ef          	jal	ra,4080080a <k_strcmp>
4080671c:	10050e63          	beq	a0,zero,40806838 <cmd_track+0x2b2>
40806720:	408107b7          	lui	a5,0x40810
40806724:	b8478593          	addi	a1,a5,-1148 # 4080fb84 <_str_crlf+0x3736>
40806728:	8522                	c.mv	a0,s0
4080672a:	8e0fa0ef          	jal	ra,4080080a <k_strcmp>
4080672e:	14050463          	beq	a0,zero,40806876 <cmd_track+0x2f0>
40806732:	408107b7          	lui	a5,0x40810
40806736:	85a2                	c.mv	a1,s0
40806738:	ba878513          	addi	a0,a5,-1112 # 4080fba8 <_str_crlf+0x375a>
4080673c:	e3cfa0ef          	jal	ra,40800d78 <kprintf>
40806740:	bfad                	c.j	408066ba <cmd_track+0x134>
40806742:	4080f537          	lui	a0,0x4080f
40806746:	62450513          	addi	a0,a0,1572 # 4080f624 <_str_crlf+0x31d6>
4080674a:	d34fa0ef          	jal	ra,40800c7e <uart_puts>
4080674e:	b545                	c.j	408065ee <cmd_track+0x68>
40806750:	a5cd8513          	addi	a0,s11,-1444 # 4080fa5c <_str_crlf+0x360e>
40806754:	d2afa0ef          	jal	ra,40800c7e <uart_puts>
40806758:	b78d                	c.j	408066ba <cmd_track+0x134>
4080675a:	4080f537          	lui	a0,0x4080f
4080675e:	7c450513          	addi	a0,a0,1988 # 4080f7c4 <_str_crlf+0x3376>
40806762:	d1cfa0ef          	jal	ra,40800c7e <uart_puts>
40806766:	0100                	c.addi4spn	s0,sp,128
40806768:	40810c37          	lui	s8,0x40810
4080676c:	808c0513          	addi	a0,s8,-2040 # 4080f808 <_str_crlf+0x33ba>
40806770:	d0efa0ef          	jal	ra,40800c7e <uart_puts>
40806774:	08000593          	addi	a1,zero,128
40806778:	8522                	c.mv	a0,s0
4080677a:	dc5fb0ef          	jal	ra,4080253e <console_readline>
4080677e:	df498593          	addi	a1,s3,-524
40806782:	8522                	c.mv	a0,s0
40806784:	886fa0ef          	jal	ra,4080080a <k_strcmp>
40806788:	87aa                	c.mv	a5,a0
4080678a:	79c48593          	addi	a1,s1,1948
4080678e:	8522                	c.mv	a0,s0
40806790:	e4078fe3          	beq	a5,zero,408065ee <cmd_track+0x68>
40806794:	876fa0ef          	jal	ra,4080080a <k_strcmp>
40806798:	87aa                	c.mv	a5,a0
4080679a:	818a8593          	addi	a1,s5,-2024 # 4080f818 <_str_crlf+0x33ca>
4080679e:	8522                	c.mv	a0,s0
408067a0:	e40787e3          	beq	a5,zero,408065ee <cmd_track+0x68>
408067a4:	866fa0ef          	jal	ra,4080080a <k_strcmp>
408067a8:	87aa                	c.mv	a5,a0
408067aa:	06090593          	addi	a1,s2,96
408067ae:	8522                	c.mv	a0,s0
408067b0:	e2078fe3          	beq	a5,zero,408065ee <cmd_track+0x68>
408067b4:	856fa0ef          	jal	ra,4080080a <k_strcmp>
408067b8:	87aa                	c.mv	a5,a0
408067ba:	ab4a0593          	addi	a1,s4,-1356
408067be:	8522                	c.mv	a0,s0
408067c0:	c39d                	c.beqz	a5,408067e6 <cmd_track+0x260>
408067c2:	848fa0ef          	jal	ra,4080080a <k_strcmp>
408067c6:	87aa                	c.mv	a5,a0
408067c8:	4619                	c.li	a2,6
408067ca:	7acd0593          	addi	a1,s10,1964
408067ce:	8522                	c.mv	a0,s0
408067d0:	cb99                	c.beqz	a5,408067e6 <cmd_track+0x260>
408067d2:	86cfa0ef          	jal	ra,4080083e <k_strncmp>
408067d6:	87aa                	c.mv	a5,a0
408067d8:	85a2                	c.mv	a1,s0
408067da:	9c4c8513          	addi	a0,s9,-1596 # 4080f9c4 <_str_crlf+0x3576>
408067de:	cb89                	c.beqz	a5,408067f0 <cmd_track+0x26a>
408067e0:	d98fa0ef          	jal	ra,40800d78 <kprintf>
408067e4:	b761                	c.j	4080676c <cmd_track+0x1e6>
408067e6:	81cb0513          	addi	a0,s6,-2020 # 4080f81c <_str_crlf+0x33ce>
408067ea:	c94fa0ef          	jal	ra,40800c7e <uart_puts>
408067ee:	bfbd                	c.j	4080676c <cmd_track+0x1e6>
408067f0:	40810537          	lui	a0,0x40810
408067f4:	95c50513          	addi	a0,a0,-1700 # 4080f95c <_str_crlf+0x350e>
408067f8:	c86fa0ef          	jal	ra,40800c7e <uart_puts>
408067fc:	bf85                	c.j	4080676c <cmd_track+0x1e6>
408067fe:	13812403          	lw	s0,312(sp)
40806802:	13c12083          	lw	ra,316(sp)
40806806:	13412483          	lw	s1,308(sp)
4080680a:	13012903          	lw	s2,304(sp)
4080680e:	12c12983          	lw	s3,300(sp)
40806812:	12812a03          	lw	s4,296(sp)
40806816:	12412a83          	lw	s5,292(sp)
4080681a:	12012b03          	lw	s6,288(sp)
4080681e:	11c12b83          	lw	s7,284(sp)
40806822:	11812c03          	lw	s8,280(sp)
40806826:	11412c83          	lw	s9,276(sp)
4080682a:	11012d03          	lw	s10,272(sp)
4080682e:	6131                	c.addi16sp	sp,320
40806830:	8082                	c.jr	ra
40806832:	10c12d83          	lw	s11,268(sp)
40806836:	bb65                	c.j	408065ee <cmd_track+0x68>
40806838:	40810537          	lui	a0,0x40810
4080683c:	b5050513          	addi	a0,a0,-1200 # 4080fb50 <_str_crlf+0x3702>
40806840:	c3efa0ef          	jal	ra,40800c7e <uart_puts>
40806844:	bd9d                	c.j	408066ba <cmd_track+0x134>
40806846:	408107b7          	lui	a5,0x40810
4080684a:	9f478593          	addi	a1,a5,-1548 # 4080f9f4 <_str_crlf+0x35a6>
4080684e:	850a                	c.mv	a0,sp
40806850:	fbbf90ef          	jal	ra,4080080a <k_strcmp>
40806854:	c129                	c.beqz	a0,40806896 <cmd_track+0x310>
40806856:	408105b7          	lui	a1,0x40810
4080685a:	bc858593          	addi	a1,a1,-1080 # 4080fbc8 <_str_crlf+0x377a>
4080685e:	850a                	c.mv	a0,sp
40806860:	fabf90ef          	jal	ra,4080080a <k_strcmp>
40806864:	c90d                	c.beqz	a0,40806896 <cmd_track+0x310>
40806866:	40810537          	lui	a0,0x40810
4080686a:	bd050513          	addi	a0,a0,-1072 # 4080fbd0 <_str_crlf+0x3782>
4080686e:	858a                	c.mv	a1,sp
40806870:	d08fa0ef          	jal	ra,40800d78 <kprintf>
40806874:	bbad                	c.j	408065ee <cmd_track+0x68>
40806876:	40810537          	lui	a0,0x40810
4080687a:	b8c50513          	addi	a0,a0,-1140 # 4080fb8c <_str_crlf+0x373e>
4080687e:	c00fa0ef          	jal	ra,40800c7e <uart_puts>
40806882:	bd25                	c.j	408066ba <cmd_track+0x134>
40806884:	13c12083          	lw	ra,316(sp)
40806888:	4080f537          	lui	a0,0x4080f
4080688c:	62450513          	addi	a0,a0,1572 # 4080f624 <_str_crlf+0x31d6>
40806890:	6131                	c.addi16sp	sp,320
40806892:	becfa06f          	jal	zero,40800c7e <uart_puts>
40806896:	40810537          	lui	a0,0x40810
4080689a:	bfc50513          	addi	a0,a0,-1028 # 4080fbfc <_str_crlf+0x37ae>
4080689e:	11b12623          	sw	s11,268(sp)
408068a2:	0100                	c.addi4spn	s0,sp,128
408068a4:	bdafa0ef          	jal	ra,40800c7e <uart_puts>
408068a8:	40810c37          	lui	s8,0x40810
408068ac:	40810d37          	lui	s10,0x40810
408068b0:	40810db7          	lui	s11,0x40810
408068b4:	c44c0513          	addi	a0,s8,-956 # 4080fc44 <_str_crlf+0x37f6>
408068b8:	bc6fa0ef          	jal	ra,40800c7e <uart_puts>
408068bc:	08000593          	addi	a1,zero,128
408068c0:	8522                	c.mv	a0,s0
408068c2:	c7dfb0ef          	jal	ra,4080253e <console_readline>
408068c6:	df498593          	addi	a1,s3,-524
408068ca:	8522                	c.mv	a0,s0
408068cc:	f3ff90ef          	jal	ra,4080080a <k_strcmp>
408068d0:	d12d                	c.beqz	a0,40806832 <cmd_track+0x2ac>
408068d2:	79c48593          	addi	a1,s1,1948
408068d6:	8522                	c.mv	a0,s0
408068d8:	f33f90ef          	jal	ra,4080080a <k_strcmp>
408068dc:	d939                	c.beqz	a0,40806832 <cmd_track+0x2ac>
408068de:	818d0593          	addi	a1,s10,-2024 # 4080f818 <_str_crlf+0x33ca>
408068e2:	8522                	c.mv	a0,s0
408068e4:	f27f90ef          	jal	ra,4080080a <k_strcmp>
408068e8:	d529                	c.beqz	a0,40806832 <cmd_track+0x2ac>
408068ea:	06090593          	addi	a1,s2,96
408068ee:	8522                	c.mv	a0,s0
408068f0:	f1bf90ef          	jal	ra,4080080a <k_strcmp>
408068f4:	c905                	c.beqz	a0,40806924 <cmd_track+0x39e>
408068f6:	ab4a0593          	addi	a1,s4,-1356
408068fa:	8522                	c.mv	a0,s0
408068fc:	f0ff90ef          	jal	ra,4080080a <k_strcmp>
40806900:	c115                	c.beqz	a0,40806924 <cmd_track+0x39e>
40806902:	408107b7          	lui	a5,0x40810
40806906:	461d                	c.li	a2,7
40806908:	9f478593          	addi	a1,a5,-1548 # 4080f9f4 <_str_crlf+0x35a6>
4080690c:	8522                	c.mv	a0,s0
4080690e:	f31f90ef          	jal	ra,4080083e <k_strncmp>
40806912:	cd11                	c.beqz	a0,4080692e <cmd_track+0x3a8>
40806914:	408107b7          	lui	a5,0x40810
40806918:	85a2                	c.mv	a1,s0
4080691a:	d8478513          	addi	a0,a5,-636 # 4080fd84 <_str_crlf+0x3936>
4080691e:	c5afa0ef          	jal	ra,40800d78 <kprintf>
40806922:	bf49                	c.j	408068b4 <cmd_track+0x32e>
40806924:	c58d8513          	addi	a0,s11,-936 # 4080fc58 <_str_crlf+0x380a>
40806928:	b56fa0ef          	jal	ra,40800c7e <uart_puts>
4080692c:	b761                	c.j	408068b4 <cmd_track+0x32e>
4080692e:	08714703          	lbu	a4,135(sp)
40806932:	02000613          	addi	a2,zero,32
40806936:	08710793          	addi	a5,sp,135
4080693a:	86ba                	c.mv	a3,a4
4080693c:	00c71763          	bne	a4,a2,4080694a <cmd_track+0x3c4>
40806940:	0017c703          	lbu	a4,1(a5)
40806944:	0785                	c.addi	a5,1
40806946:	fed70de3          	beq	a4,a3,40806940 <cmd_track+0x3ba>
4080694a:	d72d                	c.beqz	a4,408068b4 <cmd_track+0x32e>
4080694c:	0007c603          	lbu	a2,0(a5)
40806950:	45a5                	c.li	a1,9
40806952:	fd060693          	addi	a3,a2,-48
40806956:	0ff6f713          	andi	a4,a3,255
4080695a:	02e5ee63          	bltu	a1,a4,40806996 <cmd_track+0x410>
4080695e:	00251713          	slli	a4,a0,0x2
40806962:	0017c603          	lbu	a2,1(a5)
40806966:	972a                	c.add	a4,a0
40806968:	0706                	c.slli	a4,0x1
4080696a:	00e68533          	add	a0,a3,a4
4080696e:	fd060693          	addi	a3,a2,-48
40806972:	0ff6f713          	andi	a4,a3,255
40806976:	0785                	c.addi	a5,1
40806978:	fee5f3e3          	bgeu	a1,a4,4080695e <cmd_track+0x3d8>
4080697c:	fff50793          	addi	a5,a0,-1
40806980:	4735                	c.li	a4,13
40806982:	00f76a63          	bltu	a4,a5,40806996 <cmd_track+0x410>
40806986:	408107b7          	lui	a5,0x40810
4080698a:	85aa                	c.mv	a1,a0
4080698c:	d3078513          	addi	a0,a5,-720 # 4080fd30 <_str_crlf+0x38e2>
40806990:	be8fa0ef          	jal	ra,40800d78 <kprintf>
40806994:	b705                	c.j	408068b4 <cmd_track+0x32e>
40806996:	40810537          	lui	a0,0x40810
4080699a:	d6450513          	addi	a0,a0,-668 # 4080fd64 <_str_crlf+0x3916>
4080699e:	ae0fa0ef          	jal	ra,40800c7e <uart_puts>
408069a2:	bf09                	c.j	408068b4 <cmd_track+0x32e>

408069a4 <cmd_curl>:
408069a4:	00054783          	lbu	a5,0(a0)
408069a8:	16078263          	beq	a5,zero,40806b0c <cmd_curl+0x168>
408069ac:	4080d5b7          	lui	a1,0x4080d
408069b0:	714d                	c.addi16sp	sp,-336
408069b2:	ab458593          	addi	a1,a1,-1356 # 4080cab4 <_str_crlf+0x666>
408069b6:	14812423          	sw	s0,328(sp)
408069ba:	14112623          	sw	ra,332(sp)
408069be:	842a                	c.mv	s0,a0
408069c0:	e4bf90ef          	jal	ra,4080080a <k_strcmp>
408069c4:	ed01                	c.bnez	a0,408069dc <cmd_curl+0x38>
408069c6:	14812403          	lw	s0,328(sp)
408069ca:	14c12083          	lw	ra,332(sp)
408069ce:	40810537          	lui	a0,0x40810
408069d2:	da450513          	addi	a0,a0,-604 # 4080fda4 <_str_crlf+0x3956>
408069d6:	6171                	c.addi16sp	sp,336
408069d8:	aa6fa06f          	jal	zero,40800c7e <uart_puts>
408069dc:	08000613          	addi	a2,zero,128
408069e0:	4581                	c.li	a1,0
408069e2:	1908                	c.addi4spn	a0,sp,176
408069e4:	ec9f90ef          	jal	ra,408008ac <k_memset>
408069e8:	4621                	c.li	a2,8
408069ea:	4581                	c.li	a1,0
408069ec:	0028                	c.addi4spn	a0,sp,8
408069ee:	ebff90ef          	jal	ra,408008ac <k_memset>
408069f2:	04000613          	addi	a2,zero,64
408069f6:	4581                	c.li	a1,0
408069f8:	1808                	c.addi4spn	a0,sp,48
408069fa:	eb3f90ef          	jal	ra,408008ac <k_memset>
408069fe:	04000613          	addi	a2,zero,64
40806a02:	4581                	c.li	a1,0
40806a04:	1888                	c.addi4spn	a0,sp,112
40806a06:	ea7f90ef          	jal	ra,408008ac <k_memset>
40806a0a:	8522                	c.mv	a0,s0
40806a0c:	190c                	c.addi4spn	a1,sp,176
40806a0e:	08000613          	addi	a2,zero,128
40806a12:	c3dfb0ef          	jal	ra,4080264e <tok_next>
40806a16:	0b014783          	lbu	a5,176(sp)
40806a1a:	842a                	c.mv	s0,a0
40806a1c:	12078763          	beq	a5,zero,40806b4a <cmd_curl+0x1a6>
40806a20:	408105b7          	lui	a1,0x40810
40806a24:	ec058593          	addi	a1,a1,-320 # 4080fec0 <_str_crlf+0x3a72>
40806a28:	461d                	c.li	a2,7
40806a2a:	1908                	c.addi4spn	a0,sp,176
40806a2c:	e13f90ef          	jal	ra,4080083e <k_strncmp>
40806a30:	0e051463          	bne	a0,zero,40806b18 <cmd_curl+0x174>
40806a34:	408105b7          	lui	a1,0x40810
40806a38:	ec858593          	addi	a1,a1,-312 # 4080fec8 <_str_crlf+0x3a7a>
40806a3c:	0028                	c.addi4spn	a0,sp,8
40806a3e:	14912223          	sw	s1,324(sp)
40806a42:	e25f90ef          	jal	ra,40800866 <k_strcpy>
40806a46:	00044783          	lbu	a5,0(s0)
40806a4a:	408104b7          	lui	s1,0x40810
40806a4e:	cbb5                	c.beqz	a5,40806ac2 <cmd_curl+0x11e>
40806a50:	15212023          	sw	s2,320(sp)
40806a54:	13312e23          	sw	s3,316(sp)
40806a58:	40810937          	lui	s2,0x40810
40806a5c:	408109b7          	lui	s3,0x40810
40806a60:	a02d                	c.j	40806a8a <cmd_curl+0xe6>
40806a62:	f0090593          	addi	a1,s2,-256 # 4080ff00 <_str_crlf+0x3ab2>
40806a66:	0808                	c.addi4spn	a0,sp,16
40806a68:	da3f90ef          	jal	ra,4080080a <k_strcmp>
40806a6c:	87aa                	c.mv	a5,a0
40806a6e:	04000613          	addi	a2,zero,64
40806a72:	180c                	c.addi4spn	a1,sp,48
40806a74:	8522                	c.mv	a0,s0
40806a76:	cf85                	c.beqz	a5,40806aae <cmd_curl+0x10a>
40806a78:	f0498593          	addi	a1,s3,-252 # 4080ff04 <_str_crlf+0x3ab6>
40806a7c:	0808                	c.addi4spn	a0,sp,16
40806a7e:	d8df90ef          	jal	ra,4080080a <k_strcmp>
40806a82:	cd45                	c.beqz	a0,40806b3a <cmd_curl+0x196>
40806a84:	00044783          	lbu	a5,0(s0)
40806a88:	cb8d                	c.beqz	a5,40806aba <cmd_curl+0x116>
40806a8a:	02000613          	addi	a2,zero,32
40806a8e:	8522                	c.mv	a0,s0
40806a90:	080c                	c.addi4spn	a1,sp,16
40806a92:	bbdfb0ef          	jal	ra,4080264e <tok_next>
40806a96:	842a                	c.mv	s0,a0
40806a98:	efc48593          	addi	a1,s1,-260 # 4080fefc <_str_crlf+0x3aae>
40806a9c:	0808                	c.addi4spn	a0,sp,16
40806a9e:	d6df90ef          	jal	ra,4080080a <k_strcmp>
40806aa2:	87aa                	c.mv	a5,a0
40806aa4:	4621                	c.li	a2,8
40806aa6:	00c105b3          	add	a1,sp,a2
40806aaa:	8522                	c.mv	a0,s0
40806aac:	fbdd                	c.bnez	a5,40806a62 <cmd_curl+0xbe>
40806aae:	ba1fb0ef          	jal	ra,4080264e <tok_next>
40806ab2:	842a                	c.mv	s0,a0
40806ab4:	00044783          	lbu	a5,0(s0)
40806ab8:	fbe9                	c.bnez	a5,40806a8a <cmd_curl+0xe6>
40806aba:	14012903          	lw	s2,320(sp)
40806abe:	13c12983          	lw	s3,316(sp)
40806ac2:	40810537          	lui	a0,0x40810
40806ac6:	1910                	c.addi4spn	a2,sp,176
40806ac8:	002c                	c.addi4spn	a1,sp,8
40806aca:	f0850513          	addi	a0,a0,-248 # 4080ff08 <_str_crlf+0x3aba>
40806ace:	aaafa0ef          	jal	ra,40800d78 <kprintf>
40806ad2:	03014783          	lbu	a5,48(sp)
40806ad6:	efd1                	c.bnez	a5,40806b72 <cmd_curl+0x1ce>
40806ad8:	07014783          	lbu	a5,112(sp)
40806adc:	e3d9                	c.bnez	a5,40806b62 <cmd_curl+0x1be>
40806ade:	4080c537          	lui	a0,0x4080c
40806ae2:	64850513          	addi	a0,a0,1608 # 4080c648 <_str_crlf+0x1fa>
40806ae6:	9a8fd0ef          	jal	ra,40803c8e <driver_find>
40806aea:	c119                	c.beqz	a0,40806af0 <cmd_curl+0x14c>
40806aec:	495c                	c.lw	a5,20(a0)
40806aee:	ebd1                	c.bnez	a5,40806b82 <cmd_curl+0x1de>
40806af0:	40810537          	lui	a0,0x40810
40806af4:	f7850513          	addi	a0,a0,-136 # 4080ff78 <_str_crlf+0x3b2a>
40806af8:	986fa0ef          	jal	ra,40800c7e <uart_puts>
40806afc:	14412483          	lw	s1,324(sp)
40806b00:	14c12083          	lw	ra,332(sp)
40806b04:	14812403          	lw	s0,328(sp)
40806b08:	6171                	c.addi16sp	sp,336
40806b0a:	8082                	c.jr	ra
40806b0c:	40810537          	lui	a0,0x40810
40806b10:	da450513          	addi	a0,a0,-604 # 4080fda4 <_str_crlf+0x3956>
40806b14:	96afa06f          	jal	zero,40800c7e <uart_puts>
40806b18:	408105b7          	lui	a1,0x40810
40806b1c:	ecc58593          	addi	a1,a1,-308 # 4080fecc <_str_crlf+0x3a7e>
40806b20:	4621                	c.li	a2,8
40806b22:	1908                	c.addi4spn	a0,sp,176
40806b24:	d1bf90ef          	jal	ra,4080083e <k_strncmp>
40806b28:	f00506e3          	beq	a0,zero,40806a34 <cmd_curl+0x90>
40806b2c:	40810537          	lui	a0,0x40810
40806b30:	ed850513          	addi	a0,a0,-296 # 4080fed8 <_str_crlf+0x3a8a>
40806b34:	94afa0ef          	jal	ra,40800c7e <uart_puts>
40806b38:	b7e1                	c.j	40806b00 <cmd_curl+0x15c>
40806b3a:	8522                	c.mv	a0,s0
40806b3c:	04000613          	addi	a2,zero,64
40806b40:	188c                	c.addi4spn	a1,sp,112
40806b42:	b0dfb0ef          	jal	ra,4080264e <tok_next>
40806b46:	842a                	c.mv	s0,a0
40806b48:	b7b5                	c.j	40806ab4 <cmd_curl+0x110>
40806b4a:	40810537          	lui	a0,0x40810
40806b4e:	eac50513          	addi	a0,a0,-340 # 4080feac <_str_crlf+0x3a5e>
40806b52:	92cfa0ef          	jal	ra,40800c7e <uart_puts>
40806b56:	14c12083          	lw	ra,332(sp)
40806b5a:	14812403          	lw	s0,328(sp)
40806b5e:	6171                	c.addi16sp	sp,336
40806b60:	8082                	c.jr	ra
40806b62:	40810537          	lui	a0,0x40810
40806b66:	188c                	c.addi4spn	a1,sp,112
40806b68:	f2850513          	addi	a0,a0,-216 # 4080ff28 <_str_crlf+0x3ada>
40806b6c:	a0cfa0ef          	jal	ra,40800d78 <kprintf>
40806b70:	b7bd                	c.j	40806ade <cmd_curl+0x13a>
40806b72:	40810537          	lui	a0,0x40810
40806b76:	180c                	c.addi4spn	a1,sp,48
40806b78:	f1850513          	addi	a0,a0,-232 # 4080ff18 <_str_crlf+0x3aca>
40806b7c:	9fcfa0ef          	jal	ra,40800d78 <kprintf>
40806b80:	bfa1                	c.j	40806ad8 <cmd_curl+0x134>
40806b82:	40810537          	lui	a0,0x40810
40806b86:	f3850513          	addi	a0,a0,-200 # 4080ff38 <_str_crlf+0x3aea>
40806b8a:	8f4fa0ef          	jal	ra,40800c7e <uart_puts>
40806b8e:	14412483          	lw	s1,324(sp)
40806b92:	b7bd                	c.j	40806b00 <cmd_curl+0x15c>

40806b94 <cmd_desktop>:
40806b94:	7115                	c.addi16sp	sp,-224
40806b96:	cf86                	c.swsp	ra,220(sp)
40806b98:	00054783          	lbu	a5,0(a0)
40806b9c:	cb89                	c.beqz	a5,40806bae <cmd_desktop+0x1a>
40806b9e:	4080d5b7          	lui	a1,0x4080d
40806ba2:	ab458593          	addi	a1,a1,-1356 # 4080cab4 <_str_crlf+0x666>
40806ba6:	c65f90ef          	jal	ra,4080080a <k_strcmp>
40806baa:	5a0506e3          	beq	a0,zero,40807956 <cmd_desktop+0xdc2>
40806bae:	d76e                	c.swsp	s11,172(sp)
40806bb0:	4601                	c.li	a2,0
40806bb2:	4581                	c.li	a1,0
40806bb4:	4501                	c.li	a0,0
40806bb6:	4d81                	c.li	s11,0
40806bb8:	cba6                	c.swsp	s1,212(sp)
40806bba:	c1da                	c.swsp	s6,192(sp)
40806bbc:	dd62                	c.swsp	s8,184(sp)
40806bbe:	db66                	c.swsp	s9,180(sp)
40806bc0:	cda2                	c.swsp	s0,216(sp)
40806bc2:	c9ca                	c.swsp	s2,208(sp)
40806bc4:	c7ce                	c.swsp	s3,204(sp)
40806bc6:	c5d2                	c.swsp	s4,200(sp)
40806bc8:	c3d6                	c.swsp	s5,196(sp)
40806bca:	df5e                	c.swsp	s7,188(sp)
40806bcc:	d96a                	c.swsp	s10,176(sp)
40806bce:	c682                	c.swsp	zero,76(sp)
40806bd0:	c882                	c.swsp	zero,80(sp)
40806bd2:	ca82                	c.swsp	zero,84(sp)
40806bd4:	cc82                	c.swsp	zero,88(sp)
40806bd6:	4c81                	c.li	s9,0
40806bd8:	f48fe0ef          	jal	ra,40805320 <_ZL12desktop_baseiii>
40806bdc:	4481                	c.li	s1,0
40806bde:	c402                	c.swsp	zero,8(sp)
40806be0:	c602                	c.swsp	zero,12(sp)
40806be2:	d602                	c.swsp	zero,44(sp)
40806be4:	02e00b13          	addi	s6,zero,46
40806be8:	03000c13          	addi	s8,zero,48
40806bec:	c86e                	c.swsp	s11,16(sp)
40806bee:	972fa0ef          	jal	ra,40800d60 <uart_getc>
40806bf2:	47ed                	c.li	a5,27
40806bf4:	1cf50d63          	beq	a0,a5,40806dce <cmd_desktop+0x23a>
40806bf8:	4722                	c.lwsp	a4,8(sp)
40806bfa:	4785                	c.li	a5,1
40806bfc:	04f70b63          	beq	a4,a5,40806c52 <cmd_desktop+0xbe>
40806c00:	4722                	c.lwsp	a4,8(sp)
40806c02:	4795                	c.li	a5,5
40806c04:	6cf70d63          	beq	a4,a5,408072de <cmd_desktop+0x74a>
40806c08:	47a2                	c.lwsp	a5,8(sp)
40806c0a:	76078863          	beq	a5,zero,4080737a <cmd_desktop+0x7e6>
40806c0e:	07100793          	addi	a5,zero,113
40806c12:	7ef50263          	beq	a0,a5,408073f6 <cmd_desktop+0x862>
40806c16:	07800793          	addi	a5,zero,120
40806c1a:	7cf50e63          	beq	a0,a5,408073f6 <cmd_desktop+0x862>
40806c1e:	87e6                	c.mv	a5,s9
40806c20:	4622                	c.lwsp	a2,8(sp)
40806c22:	45c2                	c.lwsp	a1,16(sp)
40806c24:	46b2                	c.lwsp	a3,12(sp)
40806c26:	8726                	c.mv	a4,s1
40806c28:	a879                	c.j	40806cc6 <cmd_desktop+0x132>
40806c2a:	02e00793          	addi	a5,zero,46
40806c2e:	00f40963          	beq	s0,a5,40806c40 <cmd_desktop+0xac>
40806c32:	02000513          	addi	a0,zero,32
40806c36:	0405                	c.addi	s0,1
40806c38:	ca5f90ef          	jal	ra,408008dc <uart_putc>
40806c3c:	ff641be3          	bne	s0,s6,40806c32 <cmd_desktop+0x9e>
40806c40:	c70b8513          	addi	a0,s7,-912
40806c44:	83afa0ef          	jal	ra,40800c7e <uart_puts>
40806c48:	918fa0ef          	jal	ra,40800d60 <uart_getc>
40806c4c:	47ed                	c.li	a5,27
40806c4e:	18f50063          	beq	a0,a5,40806dce <cmd_desktop+0x23a>
40806c52:	07100413          	addi	s0,zero,113
40806c56:	06850063          	beq	a0,s0,40806cb6 <cmd_desktop+0x122>
40806c5a:	07800793          	addi	a5,zero,120
40806c5e:	04f50c63          	beq	a0,a5,40806cb6 <cmd_desktop+0x122>
40806c62:	07700793          	addi	a5,zero,119
40806c66:	2ef50fe3          	beq	a0,a5,40807764 <cmd_desktop+0xbd0>
40806c6a:	05700793          	addi	a5,zero,87
40806c6e:	2ef50be3          	beq	a0,a5,40807764 <cmd_desktop+0xbd0>
40806c72:	fdf57793          	andi	a5,a0,-33
40806c76:	05300713          	addi	a4,zero,83
40806c7a:	54e78de3          	beq	a5,a4,408079d4 <cmd_desktop+0xe40>
40806c7e:	05500793          	addi	a5,zero,85
40806c82:	62f502e3          	beq	a0,a5,40807aa6 <cmd_desktop+0xf12>
40806c86:	00a7d463          	bge	a5,a0,40806c8e <cmd_desktop+0xfa>
40806c8a:	6fd0006f          	jal	zero,40807b86 <cmd_desktop+0xff2>
40806c8e:	47b5                	c.li	a5,13
40806c90:	60f514e3          	bne	a0,a5,40807a98 <cmd_desktop+0xf04>
40806c94:	08a8                	c.addi4spn	a0,sp,88
40806c96:	a3efe0ef          	jal	ra,40804ed4 <_ZL19desktop_fm_activatePi>
40806c9a:	c42a                	c.swsp	a0,8(sp)
40806c9c:	47a2                	c.lwsp	a5,8(sp)
40806c9e:	8366                	c.mv	t1,s9
40806ca0:	4ce6                	c.lwsp	s9,88(sp)
40806ca2:	ef95                	c.bnez	a5,40806cde <cmd_desktop+0x14a>
40806ca4:	4532                	c.lwsp	a0,12(sp)
40806ca6:	4785                	c.li	a5,1
40806ca8:	c43e                	c.swsp	a5,8(sp)
40806caa:	47b2                	c.lwsp	a5,12(sp)
40806cac:	02a79963          	bne	a5,a0,40806cde <cmd_desktop+0x14a>
40806cb0:	026c9763          	bne	s9,t1,40806cde <cmd_desktop+0x14a>
40806cb4:	bf2d                	c.j	40806bee <cmd_desktop+0x5a>
40806cb6:	45c2                	c.lwsp	a1,16(sp)
40806cb8:	46b2                	c.lwsp	a3,12(sp)
40806cba:	4505                	c.li	a0,1
40806cbc:	ca82                	c.swsp	zero,84(sp)
40806cbe:	87e6                	c.mv	a5,s9
40806cc0:	8726                	c.mv	a4,s1
40806cc2:	4601                	c.li	a2,0
40806cc4:	c42a                	c.swsp	a0,8(sp)
40806cc6:	48c2                	c.lwsp	a7,16(sp)
40806cc8:	4532                	c.lwsp	a0,12(sp)
40806cca:	49a2                	c.lwsp	s3,8(sp)
40806ccc:	8826                	c.mv	a6,s1
40806cce:	8366                	c.mv	t1,s9
40806cd0:	c82e                	c.swsp	a1,16(sp)
40806cd2:	8cbe                	c.mv	s9,a5
40806cd4:	84ba                	c.mv	s1,a4
40806cd6:	c432                	c.swsp	a2,8(sp)
40806cd8:	c636                	c.swsp	a3,12(sp)
40806cda:	1b0484e3          	beq	s1,a6,40807682 <cmd_desktop+0xaee>
40806cde:	4622                	c.lwsp	a2,8(sp)
40806ce0:	5532                	c.lwsp	a0,44(sp)
40806ce2:	85a6                	c.mv	a1,s1
40806ce4:	e3cfe0ef          	jal	ra,40805320 <_ZL12desktop_baseiii>
40806ce8:	4785                	c.li	a5,1
40806cea:	08f483e3          	beq	s1,a5,40807570 <cmd_desktop+0x9dc>
40806cee:	4789                	c.li	a5,2
40806cf0:	08f48be3          	beq	s1,a5,40807586 <cmd_desktop+0x9f2>
40806cf4:	478d                	c.li	a5,3
40806cf6:	0cf484e3          	beq	s1,a5,408075be <cmd_desktop+0xa2a>
40806cfa:	46a2                	c.lwsp	a3,8(sp)
40806cfc:	4795                	c.li	a5,5
40806cfe:	66d7e663          	bltu	a5,a3,4080736a <cmd_desktop+0x7d6>
40806d02:	40812737          	lui	a4,0x40812
40806d06:	8d870713          	addi	a4,a4,-1832 # 408118d8 <CSWTCH.45+0x80>
40806d0a:	00269793          	slli	a5,a3,0x2
40806d0e:	97ba                	c.add	a5,a4
40806d10:	439c                	c.lw	a5,0(a5)
40806d12:	8782                	c.jr	a5
40806d14:	10b8                	c.addi4spn	a4,sp,104
40806d16:	408106b7          	lui	a3,0x40810
40806d1a:	87ba                	c.mv	a5,a4
40806d1c:	fec68693          	addi	a3,a3,-20 # 4080ffec <_str_crlf+0x3b9e>
40806d20:	04d00613          	addi	a2,zero,77
40806d24:	85be                	c.mv	a1,a5
40806d26:	0685                	c.addi	a3,1
40806d28:	00c78023          	sb	a2,0(a5)
40806d2c:	0006c603          	lbu	a2,0(a3)
40806d30:	0785                	c.addi	a5,1
40806d32:	fa6d                	c.bnez	a2,40806d24 <cmd_desktop+0x190>
40806d34:	408126b7          	lui	a3,0x40812
40806d38:	4f86c683          	lbu	a3,1272(a3) # 408124f8 <g_wifi_mac>
40806d3c:	408108b7          	lui	a7,0x40810
40806d40:	19088893          	addi	a7,a7,400 # 40810190 <_str_crlf+0x3d42>
40806d44:	0046d613          	srli	a2,a3,0x4
40806d48:	8abd                	c.andi	a3,15
40806d4a:	9646                	c.add	a2,a7
40806d4c:	96c6                	c.add	a3,a7
40806d4e:	00064603          	lbu	a2,0(a2)
40806d52:	0006c683          	lbu	a3,0(a3)
40806d56:	40812537          	lui	a0,0x40812
40806d5a:	00c78023          	sb	a2,0(a5)
40806d5e:	01058813          	addi	a6,a1,16
40806d62:	00d780a3          	sb	a3,1(a5)
40806d66:	4f950513          	addi	a0,a0,1273 # 408124f9 <g_wifi_mac+0x1>
40806d6a:	863e                	c.mv	a2,a5
40806d6c:	03a00313          	addi	t1,zero,58
40806d70:	00054683          	lbu	a3,0(a0)
40806d74:	060d                	c.addi	a2,3
40806d76:	fe660fa3          	sb	t1,-1(a2)
40806d7a:	0046d593          	srli	a1,a3,0x4
40806d7e:	8abd                	c.andi	a3,15
40806d80:	95c6                	c.add	a1,a7
40806d82:	96c6                	c.add	a3,a7
40806d84:	0005c583          	lbu	a1,0(a1)
40806d88:	0006c683          	lbu	a3,0(a3)
40806d8c:	0505                	c.addi	a0,1
40806d8e:	00b60023          	sb	a1,0(a2)
40806d92:	00d600a3          	sb	a3,1(a2)
40806d96:	fcc81de3          	bne	a6,a2,40806d70 <cmd_desktop+0x1dc>
40806d9a:	40810837          	lui	a6,0x40810
40806d9e:	408106b7          	lui	a3,0x40810
40806da2:	40810537          	lui	a0,0x40810
40806da6:	1a480813          	addi	a6,a6,420 # 408101a4 <_str_crlf+0x3d56>
40806daa:	1b868693          	addi	a3,a3,440 # 408101b8 <_str_crlf+0x3d6a>
40806dae:	000788a3          	sb	zero,17(a5)
40806db2:	1c450513          	addi	a0,a0,452 # 408101c4 <_str_crlf+0x3d76>
40806db6:	460d                	c.li	a2,3
40806db8:	08ec                	c.addi4spn	a1,sp,92
40806dba:	d2ba                	c.swsp	a4,100(sp)
40806dbc:	cec2                	c.swsp	a6,92(sp)
40806dbe:	d0b6                	c.swsp	a3,96(sp)
40806dc0:	aadfe0ef          	jal	ra,4080586c <_ZL13desktop_modalPKcPKS0_i>
40806dc4:	f9df90ef          	jal	ra,40800d60 <uart_getc>
40806dc8:	47ed                	c.li	a5,27
40806dca:	e2f51fe3          	bne	a0,a5,40806c08 <cmd_desktop+0x74>
40806dce:	a9ef90ef          	jal	ra,4080006c <get_mcycle>
40806dd2:	00031437          	lui	s0,0x31
40806dd6:	89aa                	c.mv	s3,a0
40806dd8:	d4040413          	addi	s0,s0,-704 # 30d40 <_kernel_start-0x407cf2c0>
40806ddc:	a039                	c.j	40806dea <cmd_desktop+0x256>
40806dde:	a8ef90ef          	jal	ra,4080006c <get_mcycle>
40806de2:	41350533          	sub	a0,a0,s3
40806de6:	5ea46d63          	bltu	s0,a0,408073e0 <cmd_desktop+0x84c>
40806dea:	f6bf90ef          	jal	ra,40800d54 <uart_avail>
40806dee:	d965                	c.beqz	a0,40806dde <cmd_desktop+0x24a>
40806df0:	f71f90ef          	jal	ra,40800d60 <uart_getc>
40806df4:	05b00793          	addi	a5,zero,91
40806df8:	00f50663          	beq	a0,a5,40806e04 <cmd_desktop+0x270>
40806dfc:	04f00793          	addi	a5,zero,79
40806e00:	5ef51063          	bne	a0,a5,408073e0 <cmd_desktop+0x84c>
40806e04:	a68f90ef          	jal	ra,4080006c <get_mcycle>
40806e08:	00031437          	lui	s0,0x31
40806e0c:	89aa                	c.mv	s3,a0
40806e0e:	d4040413          	addi	s0,s0,-704 # 30d40 <_kernel_start-0x407cf2c0>
40806e12:	a039                	c.j	40806e20 <cmd_desktop+0x28c>
40806e14:	a58f90ef          	jal	ra,4080006c <get_mcycle>
40806e18:	41350533          	sub	a0,a0,s3
40806e1c:	5ca46263          	bltu	s0,a0,408073e0 <cmd_desktop+0x84c>
40806e20:	f35f90ef          	jal	ra,40800d54 <uart_avail>
40806e24:	d965                	c.beqz	a0,40806e14 <cmd_desktop+0x280>
40806e26:	f3bf90ef          	jal	ra,40800d60 <uart_getc>
40806e2a:	5a054b63          	blt	a0,zero,408073e0 <cmd_desktop+0x84c>
40806e2e:	fd050793          	addi	a5,a0,-48
40806e32:	4aa5                	c.li	s5,9
40806e34:	06fafce3          	bgeu	s5,a5,408076ac <cmd_desktop+0xb18>
40806e38:	4722                	c.lwsp	a4,8(sp)
40806e3a:	4785                	c.li	a5,1
40806e3c:	14f70de3          	beq	a4,a5,40807796 <cmd_desktop+0xc02>
40806e40:	4722                	c.lwsp	a4,8(sp)
40806e42:	4795                	c.li	a5,5
40806e44:	00f70463          	beq	a4,a5,40806e4c <cmd_desktop+0x2b8>
40806e48:	0640106f          	jal	zero,40807eac <cmd_desktop+0x1318>
40806e4c:	04100793          	addi	a5,zero,65
40806e50:	1ef502e3          	beq	a0,a5,40807834 <cmd_desktop+0xca0>
40806e54:	04200793          	addi	a5,zero,66
40806e58:	dcf513e3          	bne	a0,a5,40806c1e <cmd_desktop+0x8a>
40806e5c:	4081a7b7          	lui	a5,0x4081a
40806e60:	4447a783          	lw	a5,1092(a5) # 4081a444 <_ZL11g_pki_count>
40806e64:	4732                	c.lwsp	a4,12(sp)
40806e66:	17fd                	c.addi	a5,-1
40806e68:	2cf74ee3          	blt	a4,a5,40807944 <cmd_desktop+0xdb0>
40806e6c:	4615                	c.li	a2,5
40806e6e:	45c2                	c.lwsp	a1,16(sp)
40806e70:	46b2                	c.lwsp	a3,12(sp)
40806e72:	c432                	c.swsp	a2,8(sp)
40806e74:	87e6                	c.mv	a5,s9
40806e76:	8726                	c.mv	a4,s1
40806e78:	b5b9                	c.j	40806cc6 <cmd_desktop+0x132>
40806e7a:	408125b7          	lui	a1,0x40812
40806e7e:	40810537          	lui	a0,0x40810
40806e82:	b5458593          	addi	a1,a1,-1196 # 40811b54 <_ZZL18desktop_show_aboutvE5lines>
40806e86:	18450513          	addi	a0,a0,388 # 40810184 <_str_crlf+0x3d36>
40806e8a:	4611                	c.li	a2,4
40806e8c:	9e1fe0ef          	jal	ra,4080586c <_ZL13desktop_modalPKcPKS0_i>
40806e90:	ed1f90ef          	jal	ra,40800d60 <uart_getc>
40806e94:	47ed                	c.li	a5,27
40806e96:	d6f515e3          	bne	a0,a5,40806c00 <cmd_desktop+0x6c>
40806e9a:	bf15                	c.j	40806dce <cmd_desktop+0x23a>
40806e9c:	408157b7          	lui	a5,0x40815
40806ea0:	c5078793          	addi	a5,a5,-944 # 40814c50 <_ZL9g_regions>
40806ea4:	5007c683          	lbu	a3,1280(a5)
40806ea8:	4605                	c.li	a2,1
40806eaa:	cc3e                	c.swsp	a5,24(sp)
40806eac:	ca32                	c.swsp	a2,20(sp)
40806eae:	02f00793          	addi	a5,zero,47
40806eb2:	4722                	c.lwsp	a4,8(sp)
40806eb4:	00f69963          	bne	a3,a5,40806ec6 <cmd_desktop+0x332>
40806eb8:	47e2                	c.lwsp	a5,24(sp)
40806eba:	5017c783          	lbu	a5,1281(a5)
40806ebe:	00f037b3          	sltu	a5,zero,a5
40806ec2:	ca3e                	c.swsp	a5,20(sp)
40806ec4:	873e                	c.mv	a4,a5
40806ec6:	4081a937          	lui	s2,0x4081a
40806eca:	44892683          	lw	a3,1096(s2) # 4081a448 <_ZL10g_fm_count>
40806ece:	47b1                	c.li	a5,12
40806ed0:	9736                	c.add	a4,a3
40806ed2:	ce3a                	c.swsp	a4,28(sp)
40806ed4:	d23a                	c.swsp	a4,36(sp)
40806ed6:	6ce7c463          	blt	a5,a4,4080759e <cmd_desktop+0xa0a>
40806eda:	47f2                	c.lwsp	a5,28(sp)
40806edc:	6cf05063          	bge	zero,a5,4080759c <cmd_desktop+0xa08>
40806ee0:	5792                	c.lwsp	a5,36(sp)
40806ee2:	40810737          	lui	a4,0x40810
40806ee6:	11070713          	addi	a4,a4,272 # 40810110 <_str_crlf+0x3cc2>
40806eea:	00578693          	addi	a3,a5,5
40806eee:	03200613          	addi	a2,zero,50
40806ef2:	45c1                	c.li	a1,16
40806ef4:	450d                	c.li	a0,3
40806ef6:	ff8fe0ef          	jal	ra,408056ee <_ZL20desktop_window_frameiiiiPKc>
40806efa:	4080fa37          	lui	s4,0x4080f
40806efe:	4649                	c.li	a2,18
40806f00:	4595                	c.li	a1,5
40806f02:	bc8a0513          	addi	a0,s4,-1080 # 4080ebc8 <_str_crlf+0x277a>
40806f06:	e73f90ef          	jal	ra,40800d78 <kprintf>
40806f0a:	4080fd37          	lui	s10,0x4080f
40806f0e:	c00d0513          	addi	a0,s10,-1024 # 4080ec00 <_str_crlf+0x27b2>
40806f12:	d6df90ef          	jal	ra,40800c7e <uart_puts>
40806f16:	40810537          	lui	a0,0x40810
40806f1a:	12050513          	addi	a0,a0,288 # 40810120 <_str_crlf+0x3cd2>
40806f1e:	e5bf90ef          	jal	ra,40800d78 <kprintf>
40806f22:	47e2                	c.lwsp	a5,24(sp)
40806f24:	4981                	c.li	s3,0
40806f26:	5007c503          	lbu	a0,1280(a5)
40806f2a:	68050063          	beq	a0,zero,408075aa <cmd_desktop+0xa16>
40806f2e:	50078a93          	addi	s5,a5,1280
40806f32:	02800413          	addi	s0,zero,40
40806f36:	9a7f90ef          	jal	ra,408008dc <uart_putc>
40806f3a:	001ac503          	lbu	a0,1(s5)
40806f3e:	0a85                	c.addi	s5,1
40806f40:	0985                	c.addi	s3,1
40806f42:	66050063          	beq	a0,zero,408075a2 <cmd_desktop+0xa0e>
40806f46:	fe8998e3          	bne	s3,s0,40806f36 <cmd_desktop+0x3a2>
40806f4a:	4080fbb7          	lui	s7,0x4080f
40806f4e:	c70b8513          	addi	a0,s7,-912 # 4080ec70 <_str_crlf+0x2822>
40806f52:	d2df90ef          	jal	ra,40800c7e <uart_puts>
40806f56:	47d2                	c.lwsp	a5,20(sp)
40806f58:	408156b7          	lui	a3,0x40815
40806f5c:	40815737          	lui	a4,0x40815
40806f60:	40f007b3          	sub	a5,zero,a5
40806f64:	1f870713          	addi	a4,a4,504 # 408151f8 <_ZL10g_fm_names>
40806f68:	5f868693          	addi	a3,a3,1528 # 408155f8 <_ZL10g_fm_types>
40806f6c:	9b81                	c.andi	a5,-32
40806f6e:	97ba                	c.add	a5,a4
40806f70:	da36                	c.swsp	a3,52(sp)
40806f72:	10b8                	c.addi4spn	a4,sp,104
40806f74:	19000693          	addi	a3,zero,400
40806f78:	de4a                	c.swsp	s2,60(sp)
40806f7a:	d46a                	c.swsp	s10,40(sp)
40806f7c:	4981                	c.li	s3,0
40806f7e:	4081aab7          	lui	s5,0x4081a
40806f82:	02c00413          	addi	s0,zero,44
40806f86:	dc26                	c.swsp	s1,56(sp)
40806f88:	d83a                	c.swsp	a4,48(sp)
40806f8a:	893e                	c.mv	s2,a5
40806f8c:	d052                	c.swsp	s4,32(sp)
40806f8e:	8d36                	c.mv	s10,a3
40806f90:	5782                	c.lwsp	a5,32(sp)
40806f92:	00698493          	addi	s1,s3,6
40806f96:	85a6                	c.mv	a1,s1
40806f98:	4649                	c.li	a2,18
40806f9a:	bc878513          	addi	a0,a5,-1080
40806f9e:	ddbf90ef          	jal	ra,40800d78 <kprintf>
40806fa2:	5b998063          	beq	s3,s9,40807542 <cmd_desktop+0x9ae>
40806fa6:	57a2                	c.lwsp	a5,40(sp)
40806fa8:	c0078513          	addi	a0,a5,-1024
40806fac:	cd3f90ef          	jal	ra,40800c7e <uart_puts>
40806fb0:	02000513          	addi	a0,zero,32
40806fb4:	929f90ef          	jal	ra,408008dc <uart_putc>
40806fb8:	02000513          	addi	a0,zero,32
40806fbc:	921f90ef          	jal	ra,408008dc <uart_putc>
40806fc0:	47f2                	c.lwsp	a5,28(sp)
40806fc2:	4a078263          	beq	a5,zero,40807466 <cmd_desktop+0x8d2>
40806fc6:	47d2                	c.lwsp	a5,20(sp)
40806fc8:	c399                	c.beqz	a5,40806fce <cmd_desktop+0x43a>
40806fca:	64098b63          	beq	s3,zero,40807620 <cmd_desktop+0xa8c>
40806fce:	47d2                	c.lwsp	a5,20(sp)
40806fd0:	5752                	c.lwsp	a4,52(sp)
40806fd2:	40f987b3          	sub	a5,s3,a5
40806fd6:	97ba                	c.add	a5,a4
40806fd8:	0007c703          	lbu	a4,0(a5)
40806fdc:	4785                	c.li	a5,1
40806fde:	56f70b63          	beq	a4,a5,40807554 <cmd_desktop+0x9c0>
40806fe2:	408105b7          	lui	a1,0x40810
40806fe6:	fe458593          	addi	a1,a1,-28 # 4080ffe4 <_str_crlf+0x3b96>
40806fea:	5a42                	c.lwsp	s4,48(sp)
40806fec:	4d81                	c.li	s11,0
40806fee:	8552                	c.mv	a0,s4
40806ff0:	877f90ef          	jal	ra,40800866 <k_strcpy>
40806ff4:	85ca                	c.mv	a1,s2
40806ff6:	06e10513          	addi	a0,sp,110
40806ffa:	467d                	c.li	a2,31
40806ffc:	87df90ef          	jal	ra,40800878 <k_strncpy>
40807000:	06814503          	lbu	a0,104(sp)
40807004:	08010723          	sb	zero,142(sp)
40807008:	3a050d63          	beq	a0,zero,408073c2 <cmd_desktop+0x82e>
4080700c:	8d1f90ef          	jal	ra,408008dc <uart_putc>
40807010:	001a4503          	lbu	a0,1(s4)
40807014:	0a05                	c.addi	s4,1
40807016:	0d85                	c.addi	s11,1
40807018:	3a050363          	beq	a0,zero,408073be <cmd_desktop+0x82a>
4080701c:	fe8d98e3          	bne	s11,s0,4080700c <cmd_desktop+0x478>
40807020:	c70b8513          	addi	a0,s7,-912
40807024:	c5bf90ef          	jal	ra,40800c7e <uart_puts>
40807028:	44caa703          	lw	a4,1100(s5) # 4081a44c <_ZL14g_region_count>
4080702c:	03f00793          	addi	a5,zero,63
40807030:	40e7d863          	bge	a5,a4,40807440 <cmd_desktop+0x8ac>
40807034:	5792                	c.lwsp	a5,36(sp)
40807036:	0985                	c.addi	s3,1
40807038:	0d05                	c.addi	s10,1
4080703a:	02090913          	addi	s2,s2,32
4080703e:	f53799e3          	bne	a5,s3,40806f90 <cmd_desktop+0x3fc>
40807042:	5a02                	c.lwsp	s4,32(sp)
40807044:	5742                	c.lwsp	a4,48(sp)
40807046:	5d22                	c.lwsp	s10,40(sp)
40807048:	00678593          	addi	a1,a5,6
4080704c:	bc8a0513          	addi	a0,s4,-1080
40807050:	4649                	c.li	a2,18
40807052:	cc3a                	c.swsp	a4,24(sp)
40807054:	54e2                	c.lwsp	s1,56(sp)
40807056:	5972                	c.lwsp	s2,60(sp)
40807058:	d21f90ef          	jal	ra,40800d78 <kprintf>
4080705c:	c00d0513          	addi	a0,s10,-1024
40807060:	c1ff90ef          	jal	ra,40800c7e <uart_puts>
40807064:	47f2                	c.lwsp	a5,28(sp)
40807066:	4762                	c.lwsp	a4,24(sp)
40807068:	44078963          	beq	a5,zero,408074ba <cmd_desktop+0x926>
4080706c:	47d2                	c.lwsp	a5,20(sp)
4080706e:	62078263          	beq	a5,zero,40807692 <cmd_desktop+0xafe>
40807072:	fffc8413          	addi	s0,s9,-1
40807076:	6c0c8d63          	beq	s9,zero,40807750 <cmd_desktop+0xbbc>
4080707a:	02044163          	blt	s0,zero,4080709c <cmd_desktop+0x508>
4080707e:	44892783          	lw	a5,1096(s2)
40807082:	00f45d63          	bge	s0,a5,4080709c <cmd_desktop+0x508>
40807086:	408167b7          	lui	a5,0x40816
4080708a:	c5078793          	addi	a5,a5,-944 # 40815c50 <_ZZ6cmd_wcPKcE3buf+0x3b8>
4080708e:	008786b3          	add	a3,a5,s0
40807092:	9a86c603          	lbu	a2,-1624(a3)
40807096:	4689                	c.li	a3,2
40807098:	00d60ae3          	beq	a2,a3,408078ac <cmd_desktop+0xd18>
4080709c:	408105b7          	lui	a1,0x40810
408070a0:	853a                	c.mv	a0,a4
408070a2:	17c58593          	addi	a1,a1,380 # 4081017c <_str_crlf+0x3d2e>
408070a6:	ca3a                	c.swsp	a4,20(sp)
408070a8:	fbef90ef          	jal	ra,40800866 <k_strcpy>
408070ac:	408157b7          	lui	a5,0x40815
408070b0:	1f878793          	addi	a5,a5,504 # 408151f8 <_ZL10g_fm_names>
408070b4:	00541593          	slli	a1,s0,0x5
408070b8:	95be                	c.add	a1,a5
408070ba:	06e10513          	addi	a0,sp,110
408070be:	03100613          	addi	a2,zero,49
408070c2:	fb6f90ef          	jal	ra,40800878 <k_strncpy>
408070c6:	4752                	c.lwsp	a4,20(sp)
408070c8:	a111                	c.j	408074cc <cmd_desktop+0x938>
408070ca:	4081a7b7          	lui	a5,0x4081a
408070ce:	4447ad83          	lw	s11,1092(a5) # 4081a444 <_ZL11g_pki_count>
408070d2:	01b04363          	blt	zero,s11,408070d8 <cmd_desktop+0x544>
408070d6:	4d85                	c.li	s11,1
408070d8:	40810737          	lui	a4,0x40810
408070dc:	1e070713          	addi	a4,a4,480 # 408101e0 <_str_crlf+0x3d92>
408070e0:	007d8693          	addi	a3,s11,7
408070e4:	03400613          	addi	a2,zero,52
408070e8:	45bd                	c.li	a1,15
408070ea:	4511                	c.li	a0,4
408070ec:	e02fe0ef          	jal	ra,408056ee <_ZL20desktop_window_frameiiiiPKc>
408070f0:	4080fa37          	lui	s4,0x4080f
408070f4:	4645                	c.li	a2,17
408070f6:	4599                	c.li	a1,6
408070f8:	bc8a0513          	addi	a0,s4,-1080 # 4080ebc8 <_str_crlf+0x277a>
408070fc:	c7df90ef          	jal	ra,40800d78 <kprintf>
40807100:	4080fd37          	lui	s10,0x4080f
40807104:	c00d0513          	addi	a0,s10,-1024 # 4080ec00 <_str_crlf+0x27b2>
40807108:	b77f90ef          	jal	ra,40800c7e <uart_puts>
4080710c:	4081a7b7          	lui	a5,0x4081a
40807110:	4447a583          	lw	a1,1092(a5) # 4081a444 <_ZL11g_pki_count>
40807114:	40810537          	lui	a0,0x40810
40807118:	1f050513          	addi	a0,a0,496 # 408101f0 <_str_crlf+0x3da2>
4080711c:	c5df90ef          	jal	ra,40800d78 <kprintf>
40807120:	4080fbb7          	lui	s7,0x4080f
40807124:	c70b8513          	addi	a0,s7,-912 # 4080ec70 <_str_crlf+0x2822>
40807128:	b57f90ef          	jal	ra,40800c7e <uart_puts>
4080712c:	408157b7          	lui	a5,0x40815
40807130:	408159b7          	lui	s3,0x40815
40807134:	c5078793          	addi	a5,a5,-944 # 40814c50 <_ZL9g_regions>
40807138:	69898993          	addi	s3,s3,1688 # 40815698 <_ZL11g_pki_names>
4080713c:	cc3e                	c.swsp	a5,24(sp)
4080713e:	4401                	c.li	s0,0
40807140:	4081aab7          	lui	s5,0x4081a
40807144:	ca66                	c.swsp	s9,20(sp)
40807146:	ce26                	c.swsp	s1,28(sp)
40807148:	00740913          	addi	s2,s0,7
4080714c:	85ca                	c.mv	a1,s2
4080714e:	4645                	c.li	a2,17
40807150:	bc8a0513          	addi	a0,s4,-1080
40807154:	c25f90ef          	jal	ra,40800d78 <kprintf>
40807158:	4081a7b7          	lui	a5,0x4081a
4080715c:	4447a483          	lw	s1,1092(a5) # 4081a444 <_ZL11g_pki_count>
40807160:	3a048163          	beq	s1,zero,40807502 <cmd_desktop+0x96e>
40807164:	47b2                	c.lwsp	a5,12(sp)
40807166:	3ef40c63          	beq	s0,a5,4080755e <cmd_desktop+0x9ca>
4080716a:	c00d0513          	addi	a0,s10,-1024
4080716e:	b11f90ef          	jal	ra,40800c7e <uart_puts>
40807172:	02000513          	addi	a0,zero,32
40807176:	f66f90ef          	jal	ra,408008dc <uart_putc>
4080717a:	02000513          	addi	a0,zero,32
4080717e:	f5ef90ef          	jal	ra,408008dc <uart_putc>
40807182:	408105b7          	lui	a1,0x40810
40807186:	20858593          	addi	a1,a1,520 # 40810208 <_str_crlf+0x3dba>
4080718a:	10a8                	c.addi4spn	a0,sp,104
4080718c:	edaf90ef          	jal	ra,40800866 <k_strcpy>
40807190:	85ce                	c.mv	a1,s3
40807192:	06e10513          	addi	a0,sp,110
40807196:	467d                	c.li	a2,31
40807198:	ee0f90ef          	jal	ra,40800878 <k_strncpy>
4080719c:	06814503          	lbu	a0,104(sp)
408071a0:	4c81                	c.li	s9,0
408071a2:	18050a63          	beq	a0,zero,40807336 <cmd_desktop+0x7a2>
408071a6:	10a4                	c.addi4spn	s1,sp,104
408071a8:	f34f90ef          	jal	ra,408008dc <uart_putc>
408071ac:	0014c503          	lbu	a0,1(s1)
408071b0:	0485                	c.addi	s1,1
408071b2:	0c85                	c.addi	s9,1
408071b4:	16050f63          	beq	a0,zero,40807332 <cmd_desktop+0x79e>
408071b8:	ff6c98e3          	bne	s9,s6,408071a8 <cmd_desktop+0x614>
408071bc:	c70b8513          	addi	a0,s7,-912
408071c0:	abff90ef          	jal	ra,40800c7e <uart_puts>
408071c4:	44caa703          	lw	a4,1100(s5) # 4081a44c <_ZL14g_region_count>
408071c8:	03f00793          	addi	a5,zero,63
408071cc:	02e7c763          	blt	a5,a4,408071fa <cmd_desktop+0x666>
408071d0:	46e2                	c.lwsp	a3,24(sp)
408071d2:	00271793          	slli	a5,a4,0x2
408071d6:	97ba                	c.add	a5,a4
408071d8:	078a                	c.slli	a5,0x2
408071da:	97b6                	c.add	a5,a3
408071dc:	0705                	c.addi	a4,1
408071de:	45bd                	c.li	a1,15
408071e0:	04200613          	addi	a2,zero,66
408071e4:	0c840693          	addi	a3,s0,200
408071e8:	0127a023          	sw	s2,0(a5)
408071ec:	0127a223          	sw	s2,4(a5)
408071f0:	44eaa623          	sw	a4,1100(s5)
408071f4:	c78c                	c.sw	a1,8(a5)
408071f6:	c7d0                	c.sw	a2,12(a5)
408071f8:	cb94                	c.sw	a3,16(a5)
408071fa:	0405                	c.addi	s0,1
408071fc:	02098993          	addi	s3,s3,32
40807200:	f48d94e3          	bne	s11,s0,40807148 <cmd_desktop+0x5b4>
40807204:	008d8413          	addi	s0,s11,8
40807208:	85a2                	c.mv	a1,s0
4080720a:	4645                	c.li	a2,17
4080720c:	bc8a0513          	addi	a0,s4,-1080
40807210:	4cd2                	c.lwsp	s9,20(sp)
40807212:	44f2                	c.lwsp	s1,28(sp)
40807214:	b65f90ef          	jal	ra,40800d78 <kprintf>
40807218:	40810537          	lui	a0,0x40810
4080721c:	21050513          	addi	a0,a0,528 # 40810210 <_str_crlf+0x3dc2>
40807220:	a5ff90ef          	jal	ra,40800c7e <uart_puts>
40807224:	44caa703          	lw	a4,1100(s5)
40807228:	03f00793          	addi	a5,zero,63
4080722c:	02e7c363          	blt	a5,a4,40807252 <cmd_desktop+0x6be>
40807230:	46e2                	c.lwsp	a3,24(sp)
40807232:	00271793          	slli	a5,a4,0x2
40807236:	97ba                	c.add	a5,a4
40807238:	078a                	c.slli	a5,0x2
4080723a:	0705                	c.addi	a4,1
4080723c:	97b6                	c.add	a5,a3
4080723e:	4645                	c.li	a2,17
40807240:	44eaa623          	sw	a4,1100(s5)
40807244:	46f1                	c.li	a3,28
40807246:	4739                	c.li	a4,14
40807248:	c380                	c.sw	s0,0(a5)
4080724a:	c3c0                	c.sw	s0,4(a5)
4080724c:	c790                	c.sw	a2,8(a5)
4080724e:	c7d4                	c.sw	a3,12(a5)
40807250:	cb98                	c.sw	a4,16(a5)
40807252:	85a2                	c.mv	a1,s0
40807254:	467d                	c.li	a2,31
40807256:	bc8a0513          	addi	a0,s4,-1080
4080725a:	b1ff90ef          	jal	ra,40800d78 <kprintf>
4080725e:	c00d0513          	addi	a0,s10,-1024
40807262:	a1df90ef          	jal	ra,40800c7e <uart_puts>
40807266:	40810ab7          	lui	s5,0x40810
4080726a:	020a8a93          	addi	s5,s5,32 # 40810020 <_str_crlf+0x3bd2>
4080726e:	4981                	c.li	s3,0
40807270:	07200513          	addi	a0,zero,114
40807274:	02200413          	addi	s0,zero,34
40807278:	e64f90ef          	jal	ra,408008dc <uart_putc>
4080727c:	001ac503          	lbu	a0,1(s5)
40807280:	0a85                	c.addi	s5,1
40807282:	0985                	c.addi	s3,1
40807284:	3e050363          	beq	a0,zero,4080766a <cmd_desktop+0xad6>
40807288:	fe8998e3          	bne	s3,s0,40807278 <cmd_desktop+0x6e4>
4080728c:	c70b8513          	addi	a0,s7,-912
40807290:	9eff90ef          	jal	ra,40800c7e <uart_puts>
40807294:	009d8593          	addi	a1,s11,9
40807298:	bc8a0513          	addi	a0,s4,-1080
4080729c:	4645                	c.li	a2,17
4080729e:	adbf90ef          	jal	ra,40800d78 <kprintf>
408072a2:	c00d0513          	addi	a0,s10,-1024
408072a6:	9d9f90ef          	jal	ra,40800c7e <uart_puts>
408072aa:	47e2                	c.lwsp	a5,24(sp)
408072ac:	4401                	c.li	s0,0
408072ae:	5807c503          	lbu	a0,1408(a5)
408072b2:	58078993          	addi	s3,a5,1408
408072b6:	0e050563          	beq	a0,zero,408073a0 <cmd_desktop+0x80c>
408072ba:	e22f90ef          	jal	ra,408008dc <uart_putc>
408072be:	0019c503          	lbu	a0,1(s3)
408072c2:	0985                	c.addi	s3,1
408072c4:	0405                	c.addi	s0,1
408072c6:	c969                	c.beqz	a0,40807398 <cmd_desktop+0x804>
408072c8:	ff8419e3          	bne	s0,s8,408072ba <cmd_desktop+0x726>
408072cc:	c70b8513          	addi	a0,s7,-912
408072d0:	9aff90ef          	jal	ra,40800c7e <uart_puts>
408072d4:	a8df90ef          	jal	ra,40800d60 <uart_getc>
408072d8:	47ed                	c.li	a5,27
408072da:	aef50ae3          	beq	a0,a5,40806dce <cmd_desktop+0x23a>
408072de:	07100793          	addi	a5,zero,113
408072e2:	12f50263          	beq	a0,a5,40807406 <cmd_desktop+0x872>
408072e6:	07800793          	addi	a5,zero,120
408072ea:	10f50e63          	beq	a0,a5,40807406 <cmd_desktop+0x872>
408072ee:	fdf57513          	andi	a0,a0,-33
408072f2:	05700793          	addi	a5,zero,87
408072f6:	68f50b63          	beq	a0,a5,4080798c <cmd_desktop+0xdf8>
408072fa:	05300793          	addi	a5,zero,83
408072fe:	74f50e63          	beq	a0,a5,40807a5a <cmd_desktop+0xec6>
40807302:	05200793          	addi	a5,zero,82
40807306:	b6f513e3          	bne	a0,a5,40806e6c <cmd_desktop+0x2d8>
4080730a:	4432                	c.lwsp	s0,12(sp)
4080730c:	8522                	c.mv	a0,s0
4080730e:	d1dfd0ef          	jal	ra,4080502a <_ZL18desktop_pki_removei>
40807312:	4081a7b7          	lui	a5,0x4081a
40807316:	4447a783          	lw	a5,1092(a5) # 4081a444 <_ZL11g_pki_count>
4080731a:	4695                	c.li	a3,5
4080731c:	c436                	c.swsp	a3,8(sp)
4080731e:	9cf440e3          	blt	s0,a5,40806cde <cmd_desktop+0x14a>
40807322:	00f04363          	blt	zero,a5,40807328 <cmd_desktop+0x794>
40807326:	4785                	c.li	a5,1
40807328:	17fd                	c.addi	a5,-1
4080732a:	c63e                	c.swsp	a5,12(sp)
4080732c:	4795                	c.li	a5,5
4080732e:	c43e                	c.swsp	a5,8(sp)
40807330:	b27d                	c.j	40806cde <cmd_desktop+0x14a>
40807332:	e96c85e3          	beq	s9,s6,408071bc <cmd_desktop+0x628>
40807336:	02000513          	addi	a0,zero,32
4080733a:	0c85                	c.addi	s9,1
4080733c:	da0f90ef          	jal	ra,408008dc <uart_putc>
40807340:	e76c8ee3          	beq	s9,s6,408071bc <cmd_desktop+0x628>
40807344:	02000513          	addi	a0,zero,32
40807348:	0c85                	c.addi	s9,1
4080734a:	d92f90ef          	jal	ra,408008dc <uart_putc>
4080734e:	ff6c94e3          	bne	s9,s6,40807336 <cmd_desktop+0x7a2>
40807352:	b5ad                	c.j	408071bc <cmd_desktop+0x628>
40807354:	408125b7          	lui	a1,0x40812
40807358:	40810537          	lui	a0,0x40810
4080735c:	b6458593          	addi	a1,a1,-1180 # 40811b64 <_ZZL21desktop_show_settingsvE5lines>
40807360:	1d450513          	addi	a0,a0,468 # 408101d4 <_str_crlf+0x3d86>
40807364:	460d                	c.li	a2,3
40807366:	d06fe0ef          	jal	ra,4080586c <_ZL13desktop_modalPKcPKS0_i>
4080736a:	9f7f90ef          	jal	ra,40800d60 <uart_getc>
4080736e:	47ed                	c.li	a5,27
40807370:	a4f50fe3          	beq	a0,a5,40806dce <cmd_desktop+0x23a>
40807374:	47a2                	c.lwsp	a5,8(sp)
40807376:	88079ce3          	bne	a5,zero,40806c0e <cmd_desktop+0x7a>
4080737a:	24049d63          	bne	s1,zero,408075d4 <cmd_desktop+0xa40>
4080737e:	155d                	c.addi	a0,-9
40807380:	06e00793          	addi	a5,zero,110
40807384:	5ea7e463          	bltu	a5,a0,4080796c <cmd_desktop+0xdd8>
40807388:	408127b7          	lui	a5,0x40812
4080738c:	050a                	c.slli	a0,0x2
4080738e:	8f078793          	addi	a5,a5,-1808 # 408118f0 <CSWTCH.45+0x98>
40807392:	97aa                	c.add	a5,a0
40807394:	439c                	c.lw	a5,0(a5)
40807396:	8782                	c.jr	a5
40807398:	03000793          	addi	a5,zero,48
4080739c:	f2f408e3          	beq	s0,a5,408072cc <cmd_desktop+0x738>
408073a0:	02000513          	addi	a0,zero,32
408073a4:	0405                	c.addi	s0,1
408073a6:	d36f90ef          	jal	ra,408008dc <uart_putc>
408073aa:	f38401e3          	beq	s0,s8,408072cc <cmd_desktop+0x738>
408073ae:	02000513          	addi	a0,zero,32
408073b2:	0405                	c.addi	s0,1
408073b4:	d28f90ef          	jal	ra,408008dc <uart_putc>
408073b8:	ff8414e3          	bne	s0,s8,408073a0 <cmd_desktop+0x80c>
408073bc:	bf01                	c.j	408072cc <cmd_desktop+0x738>
408073be:	c68d81e3          	beq	s11,s0,40807020 <cmd_desktop+0x48c>
408073c2:	02000513          	addi	a0,zero,32
408073c6:	0d85                	c.addi	s11,1
408073c8:	d14f90ef          	jal	ra,408008dc <uart_putc>
408073cc:	c48d8ae3          	beq	s11,s0,40807020 <cmd_desktop+0x48c>
408073d0:	02000513          	addi	a0,zero,32
408073d4:	0d85                	c.addi	s11,1
408073d6:	d06f90ef          	jal	ra,408008dc <uart_putc>
408073da:	fe8d94e3          	bne	s11,s0,408073c2 <cmd_desktop+0x82e>
408073de:	b189                	c.j	40807020 <cmd_desktop+0x48c>
408073e0:	4722                	c.lwsp	a4,8(sp)
408073e2:	4785                	c.li	a5,1
408073e4:	8cf709e3          	beq	a4,a5,40806cb6 <cmd_desktop+0x122>
408073e8:	4722                	c.lwsp	a4,8(sp)
408073ea:	4795                	c.li	a5,5
408073ec:	00f70d63          	beq	a4,a5,40807406 <cmd_desktop+0x872>
408073f0:	47a2                	c.lwsp	a5,8(sp)
408073f2:	2a078263          	beq	a5,zero,40807696 <cmd_desktop+0xb02>
408073f6:	45c2                	c.lwsp	a1,16(sp)
408073f8:	46b2                	c.lwsp	a3,12(sp)
408073fa:	ca82                	c.swsp	zero,84(sp)
408073fc:	87e6                	c.mv	a5,s9
408073fe:	8726                	c.mv	a4,s1
40807400:	4601                	c.li	a2,0
40807402:	8c5ff06f          	jal	zero,40806cc6 <cmd_desktop+0x132>
40807406:	4515                	c.li	a0,5
40807408:	45c2                	c.lwsp	a1,16(sp)
4080740a:	46b2                	c.lwsp	a3,12(sp)
4080740c:	ca82                	c.swsp	zero,84(sp)
4080740e:	87e6                	c.mv	a5,s9
40807410:	8726                	c.mv	a4,s1
40807412:	4601                	c.li	a2,0
40807414:	c42a                	c.swsp	a0,8(sp)
40807416:	8b1ff06f          	jal	zero,40806cc6 <cmd_desktop+0x132>
4080741a:	008d8963          	beq	s11,s0,4080742c <cmd_desktop+0x898>
4080741e:	02000513          	addi	a0,zero,32
40807422:	0d85                	c.addi	s11,1
40807424:	cb8f90ef          	jal	ra,408008dc <uart_putc>
40807428:	fe8d9be3          	bne	s11,s0,4080741e <cmd_desktop+0x88a>
4080742c:	c70b8513          	addi	a0,s7,-912
40807430:	84ff90ef          	jal	ra,40800c7e <uart_puts>
40807434:	44caa703          	lw	a4,1100(s5)
40807438:	03f00793          	addi	a5,zero,63
4080743c:	04e7cf63          	blt	a5,a4,4080749a <cmd_desktop+0x906>
40807440:	46e2                	c.lwsp	a3,24(sp)
40807442:	00271793          	slli	a5,a4,0x2
40807446:	97ba                	c.add	a5,a4
40807448:	078a                	c.slli	a5,0x2
4080744a:	97b6                	c.add	a5,a3
4080744c:	0705                	c.addi	a4,1
4080744e:	4641                	c.li	a2,16
40807450:	04100693          	addi	a3,zero,65
40807454:	c384                	c.sw	s1,0(a5)
40807456:	c3c4                	c.sw	s1,4(a5)
40807458:	01a7a823          	sw	s10,16(a5)
4080745c:	44eaa623          	sw	a4,1100(s5)
40807460:	c790                	c.sw	a2,8(a5)
40807462:	c7d4                	c.sw	a3,12(a5)
40807464:	bec1                	c.j	40807034 <cmd_desktop+0x4a0>
40807466:	408107b7          	lui	a5,0x40810
4080746a:	fb478a13          	addi	s4,a5,-76 # 4080ffb4 <_str_crlf+0x3b66>
4080746e:	4d81                	c.li	s11,0
40807470:	02800513          	addi	a0,zero,40
40807474:	c68f90ef          	jal	ra,408008dc <uart_putc>
40807478:	001a4503          	lbu	a0,1(s4)
4080747c:	0a05                	c.addi	s4,1
4080747e:	0d85                	c.addi	s11,1
40807480:	dd49                	c.beqz	a0,4080741a <cmd_desktop+0x886>
40807482:	fe8d99e3          	bne	s11,s0,40807474 <cmd_desktop+0x8e0>
40807486:	c70b8513          	addi	a0,s7,-912
4080748a:	ff4f90ef          	jal	ra,40800c7e <uart_puts>
4080748e:	44caa703          	lw	a4,1100(s5)
40807492:	03f00793          	addi	a5,zero,63
40807496:	fae7d5e3          	bge	a5,a4,40807440 <cmd_desktop+0x8ac>
4080749a:	5a02                	c.lwsp	s4,32(sp)
4080749c:	5742                	c.lwsp	a4,48(sp)
4080749e:	5d22                	c.lwsp	s10,40(sp)
408074a0:	bc8a0513          	addi	a0,s4,-1080
408074a4:	4649                	c.li	a2,18
408074a6:	459d                	c.li	a1,7
408074a8:	ca3a                	c.swsp	a4,20(sp)
408074aa:	54e2                	c.lwsp	s1,56(sp)
408074ac:	8cdf90ef          	jal	ra,40800d78 <kprintf>
408074b0:	c00d0513          	addi	a0,s10,-1024
408074b4:	fcaf90ef          	jal	ra,40800c7e <uart_puts>
408074b8:	4752                	c.lwsp	a4,20(sp)
408074ba:	408105b7          	lui	a1,0x40810
408074be:	853a                	c.mv	a0,a4
408074c0:	12858593          	addi	a1,a1,296 # 40810128 <_str_crlf+0x3cda>
408074c4:	ca3a                	c.swsp	a4,20(sp)
408074c6:	ba0f90ef          	jal	ra,40800866 <k_strcpy>
408074ca:	4752                	c.lwsp	a4,20(sp)
408074cc:	06814503          	lbu	a0,104(sp)
408074d0:	89ba                	c.mv	s3,a4
408074d2:	4401                	c.li	s0,0
408074d4:	f4050f63          	beq	a0,zero,40806c32 <cmd_desktop+0x9e>
408074d8:	c04f90ef          	jal	ra,408008dc <uart_putc>
408074dc:	0019c503          	lbu	a0,1(s3)
408074e0:	0985                	c.addi	s3,1
408074e2:	0405                	c.addi	s0,1
408074e4:	f4050363          	beq	a0,zero,40806c2a <cmd_desktop+0x96>
408074e8:	ff6418e3          	bne	s0,s6,408074d8 <cmd_desktop+0x944>
408074ec:	c70b8513          	addi	a0,s7,-912
408074f0:	f8ef90ef          	jal	ra,40800c7e <uart_puts>
408074f4:	86df90ef          	jal	ra,40800d60 <uart_getc>
408074f8:	47ed                	c.li	a5,27
408074fa:	f4f51c63          	bne	a0,a5,40806c52 <cmd_desktop+0xbe>
408074fe:	8d1ff06f          	jal	zero,40806dce <cmd_desktop+0x23a>
40807502:	c00d0513          	addi	a0,s10,-1024
40807506:	f78f90ef          	jal	ra,40800c7e <uart_puts>
4080750a:	40810937          	lui	s2,0x40810
4080750e:	ff490913          	addi	s2,s2,-12 # 4080fff4 <_str_crlf+0x3ba6>
40807512:	02800513          	addi	a0,zero,40
40807516:	bc6f90ef          	jal	ra,408008dc <uart_putc>
4080751a:	00194503          	lbu	a0,1(s2)
4080751e:	0905                	c.addi	s2,1
40807520:	0485                	c.addi	s1,1
40807522:	c901                	c.beqz	a0,40807532 <cmd_desktop+0x99e>
40807524:	ff8499e3          	bne	s1,s8,40807516 <cmd_desktop+0x982>
40807528:	c70b8513          	addi	a0,s7,-912
4080752c:	f52f90ef          	jal	ra,40800c7e <uart_puts>
40807530:	b1e9                	c.j	408071fa <cmd_desktop+0x666>
40807532:	ff848be3          	beq	s1,s8,40807528 <cmd_desktop+0x994>
40807536:	02000513          	addi	a0,zero,32
4080753a:	ba2f90ef          	jal	ra,408008dc <uart_putc>
4080753e:	0485                	c.addi	s1,1
40807540:	bfcd                	c.j	40807532 <cmd_desktop+0x99e>
40807542:	4080f537          	lui	a0,0x4080f
40807546:	bf450513          	addi	a0,a0,-1036 # 4080ebf4 <_str_crlf+0x27a6>
4080754a:	f34f90ef          	jal	ra,40800c7e <uart_puts>
4080754e:	03e00513          	addi	a0,zero,62
40807552:	b48d                	c.j	40806fb4 <cmd_desktop+0x420>
40807554:	408105b7          	lui	a1,0x40810
40807558:	fdc58593          	addi	a1,a1,-36 # 4080ffdc <_str_crlf+0x3b8e>
4080755c:	b479                	c.j	40806fea <cmd_desktop+0x456>
4080755e:	4080f537          	lui	a0,0x4080f
40807562:	bf450513          	addi	a0,a0,-1036 # 4080ebf4 <_str_crlf+0x27a6>
40807566:	f18f90ef          	jal	ra,40800c7e <uart_puts>
4080756a:	03e00513          	addi	a0,zero,62
4080756e:	b121                	c.j	40807176 <cmd_desktop+0x5e2>
40807570:	46c2                	c.lwsp	a3,16(sp)
40807572:	40812637          	lui	a2,0x40812
40807576:	b3060613          	addi	a2,a2,-1232 # 40811b30 <_ZL11MENU_SYSTEM>
4080757a:	85a6                	c.mv	a1,s1
4080757c:	4509                	c.li	a0,2
4080757e:	c0ffd0ef          	jal	ra,4080518c <_ZL16desktop_dropdowniiPK7MenuDefi>
40807582:	f78ff06f          	jal	zero,40806cfa <cmd_desktop+0x166>
40807586:	46c2                	c.lwsp	a3,16(sp)
40807588:	40812637          	lui	a2,0x40812
4080758c:	b0c60613          	addi	a2,a2,-1268 # 40811b0c <_ZL9MENU_APPS>
40807590:	45a5                	c.li	a1,9
40807592:	8526                	c.mv	a0,s1
40807594:	bf9fd0ef          	jal	ra,4080518c <_ZL16desktop_dropdowniiPK7MenuDefi>
40807598:	f62ff06f          	jal	zero,40806cfa <cmd_desktop+0x166>
4080759c:	4785                	c.li	a5,1
4080759e:	d23e                	c.swsp	a5,36(sp)
408075a0:	b281                	c.j	40806ee0 <cmd_desktop+0x34c>
408075a2:	02800793          	addi	a5,zero,40
408075a6:	9af982e3          	beq	s3,a5,40806f4a <cmd_desktop+0x3b6>
408075aa:	02800413          	addi	s0,zero,40
408075ae:	02000513          	addi	a0,zero,32
408075b2:	0985                	c.addi	s3,1
408075b4:	b28f90ef          	jal	ra,408008dc <uart_putc>
408075b8:	fe899be3          	bne	s3,s0,408075ae <cmd_desktop+0xa1a>
408075bc:	b279                	c.j	40806f4a <cmd_desktop+0x3b6>
408075be:	46c2                	c.lwsp	a3,16(sp)
408075c0:	40812637          	lui	a2,0x40812
408075c4:	b3060613          	addi	a2,a2,-1232 # 40811b30 <_ZL11MENU_SYSTEM>
408075c8:	4585                	c.li	a1,1
408075ca:	4549                	c.li	a0,18
408075cc:	bc1fd0ef          	jal	ra,4080518c <_ZL16desktop_dropdowniiPK7MenuDefi>
408075d0:	f2aff06f          	jal	zero,40806cfa <cmd_desktop+0x166>
408075d4:	4789                	c.li	a5,2
408075d6:	24f48063          	beq	s1,a5,40807816 <cmd_desktop+0xc82>
408075da:	408127b7          	lui	a5,0x40812
408075de:	07700713          	addi	a4,zero,119
408075e2:	b3078793          	addi	a5,a5,-1232 # 40811b30 <_ZL11MENU_SYSTEM>
408075e6:	24e50063          	beq	a0,a4,40807826 <cmd_desktop+0xc92>
408075ea:	05700713          	addi	a4,zero,87
408075ee:	36e50c63          	beq	a0,a4,40807966 <cmd_desktop+0xdd2>
408075f2:	07300713          	addi	a4,zero,115
408075f6:	56e50763          	beq	a0,a4,40807b64 <cmd_desktop+0xfd0>
408075fa:	05300713          	addi	a4,zero,83
408075fe:	5ae51d63          	bne	a0,a4,40807bb8 <cmd_desktop+0x1024>
40807602:	439c                	c.lw	a5,0(a5)
40807604:	45c2                	c.lwsp	a1,16(sp)
40807606:	17fd                	c.addi	a5,-1
40807608:	00f5d663          	bge	a1,a5,40807614 <cmd_desktop+0xa80>
4080760c:	47c2                	c.lwsp	a5,16(sp)
4080760e:	00178593          	addi	a1,a5,1
40807612:	c8ae                	c.swsp	a1,80(sp)
40807614:	46b2                	c.lwsp	a3,12(sp)
40807616:	87e6                	c.mv	a5,s9
40807618:	4601                	c.li	a2,0
4080761a:	8726                	c.mv	a4,s1
4080761c:	eaaff06f          	jal	zero,40806cc6 <cmd_desktop+0x132>
40807620:	40810737          	lui	a4,0x40810
40807624:	fc870d93          	addi	s11,a4,-56 # 4080ffc8 <_str_crlf+0x3b7a>
40807628:	05b00513          	addi	a0,zero,91
4080762c:	ab0f90ef          	jal	ra,408008dc <uart_putc>
40807630:	001dc503          	lbu	a0,1(s11)
40807634:	4a01                	c.li	s4,0
40807636:	0d85                	c.addi	s11,1
40807638:	0a05                	c.addi	s4,1
4080763a:	cd01                	c.beqz	a0,40807652 <cmd_desktop+0xabe>
4080763c:	02c00793          	addi	a5,zero,44
40807640:	9efa00e3          	beq	s4,a5,40807020 <cmd_desktop+0x48c>
40807644:	a98f90ef          	jal	ra,408008dc <uart_putc>
40807648:	001dc503          	lbu	a0,1(s11)
4080764c:	0d85                	c.addi	s11,1
4080764e:	0a05                	c.addi	s4,1
40807650:	f575                	c.bnez	a0,4080763c <cmd_desktop+0xaa8>
40807652:	02c00d93          	addi	s11,zero,44
40807656:	9dba05e3          	beq	s4,s11,40807020 <cmd_desktop+0x48c>
4080765a:	02000513          	addi	a0,zero,32
4080765e:	0a05                	c.addi	s4,1
40807660:	a7cf90ef          	jal	ra,408008dc <uart_putc>
40807664:	ffba1be3          	bne	s4,s11,4080765a <cmd_desktop+0xac6>
40807668:	ba65                	c.j	40807020 <cmd_desktop+0x48c>
4080766a:	02200413          	addi	s0,zero,34
4080766e:	c0898fe3          	beq	s3,s0,4080728c <cmd_desktop+0x6f8>
40807672:	02000513          	addi	a0,zero,32
40807676:	0985                	c.addi	s3,1
40807678:	a64f90ef          	jal	ra,408008dc <uart_putc>
4080767c:	fe899be3          	bne	s3,s0,40807672 <cmd_desktop+0xade>
40807680:	b131                	c.j	4080728c <cmd_desktop+0x6f8>
40807682:	47c2                	c.lwsp	a5,16(sp)
40807684:	e5179d63          	bne	a5,a7,40806cde <cmd_desktop+0x14a>
40807688:	47a2                	c.lwsp	a5,8(sp)
4080768a:	e5379a63          	bne	a5,s3,40806cde <cmd_desktop+0x14a>
4080768e:	e1cff06f          	jal	zero,40806caa <cmd_desktop+0x116>
40807692:	8466                	c.mv	s0,s9
40807694:	b2dd                	c.j	4080707a <cmd_desktop+0x4e6>
40807696:	1c048a63          	beq	s1,zero,4080786a <cmd_desktop+0xcd6>
4080769a:	45c2                	c.lwsp	a1,16(sp)
4080769c:	46b2                	c.lwsp	a3,12(sp)
4080769e:	c682                	c.swsp	zero,76(sp)
408076a0:	87e6                	c.mv	a5,s9
408076a2:	4601                	c.li	a2,0
408076a4:	4701                	c.li	a4,0
408076a6:	c402                	c.swsp	zero,8(sp)
408076a8:	e1eff06f          	jal	zero,40806cc6 <cmd_desktop+0x132>
408076ac:	000319b7          	lui	s3,0x31
408076b0:	d482                	c.swsp	zero,104(sp)
408076b2:	d682                	c.swsp	zero,108(sp)
408076b4:	d882                	c.swsp	zero,112(sp)
408076b6:	8d3e                	c.mv	s10,a5
408076b8:	d4098993          	addi	s3,s3,-704 # 30d40 <_kernel_start-0x407cf2c0>
408076bc:	4a61                	c.li	s4,24
408076be:	4d81                	c.li	s11,0
408076c0:	03b00b93          	addi	s7,zero,59
408076c4:	06810913          	addi	s2,sp,104
408076c8:	9a5f80ef          	jal	ra,4080006c <get_mcycle>
408076cc:	842a                	c.mv	s0,a0
408076ce:	a031                	c.j	408076da <cmd_desktop+0xb46>
408076d0:	99df80ef          	jal	ra,4080006c <get_mcycle>
408076d4:	8d01                	c.sub	a0,s0
408076d6:	02a9e663          	bltu	s3,a0,40807702 <cmd_desktop+0xb6e>
408076da:	e7af90ef          	jal	ra,40800d54 <uart_avail>
408076de:	d96d                	c.beqz	a0,408076d0 <cmd_desktop+0xb3c>
408076e0:	e80f90ef          	jal	ra,40800d60 <uart_getc>
408076e4:	00054f63          	blt	a0,zero,40807702 <cmd_desktop+0xb6e>
408076e8:	fd050713          	addi	a4,a0,-48
408076ec:	08eae863          	bltu	s5,a4,4080777c <cmd_desktop+0xbe8>
408076f0:	002d1793          	slli	a5,s10,0x2
408076f4:	97ea                	c.add	a5,s10
408076f6:	0786                	c.slli	a5,0x1
408076f8:	00f70d33          	add	s10,a4,a5
408076fc:	1a7d                	c.addi	s4,-1
408076fe:	fc0a15e3          	bne	s4,zero,408076c8 <cmd_desktop+0xb34>
40807702:	47a2                	c.lwsp	a5,8(sp)
40807704:	4405                	c.li	s0,1
40807706:	59a6                	c.lwsp	s3,104(sp)
40807708:	5536                	c.lwsp	a0,108(sp)
4080770a:	55c6                	c.lwsp	a1,112(sp)
4080770c:	0e878763          	beq	a5,s0,408077fa <cmd_desktop+0xc66>
40807710:	47a2                	c.lwsp	a5,8(sp)
40807712:	4a15                	c.li	s4,5
40807714:	5b479c63          	bne	a5,s4,40807ccc <cmd_desktop+0x1138>
40807718:	d34fd0ef          	jal	ra,40804c4c <_ZL10region_hitii>
4080771c:	0c700793          	addi	a5,zero,199
40807720:	16a7ce63          	blt	a5,a0,4080789c <cmd_desktop+0xd08>
40807724:	ce899d63          	bne	s3,s0,40806c1e <cmd_desktop+0x8a>
40807728:	47b9                	c.li	a5,14
4080772a:	ccf516e3          	bne	a0,a5,408073f6 <cmd_desktop+0x862>
4080772e:	4432                	c.lwsp	s0,12(sp)
40807730:	8522                	c.mv	a0,s0
40807732:	8f9fd0ef          	jal	ra,4080502a <_ZL18desktop_pki_removei>
40807736:	4081a7b7          	lui	a5,0x4081a
4080773a:	4447a783          	lw	a5,1092(a5) # 4081a444 <_ZL11g_pki_count>
4080773e:	daf44063          	blt	s0,a5,40806cde <cmd_desktop+0x14a>
40807742:	00f04363          	blt	zero,a5,40807748 <cmd_desktop+0xbb4>
40807746:	87ce                	c.mv	a5,s3
40807748:	17fd                	c.addi	a5,-1
4080774a:	c63e                	c.swsp	a5,12(sp)
4080774c:	d92ff06f          	jal	zero,40806cde <cmd_desktop+0x14a>
40807750:	408105b7          	lui	a1,0x40810
40807754:	853a                	c.mv	a0,a4
40807756:	14858593          	addi	a1,a1,328 # 40810148 <_str_crlf+0x3cfa>
4080775a:	ca3a                	c.swsp	a4,20(sp)
4080775c:	90af90ef          	jal	ra,40800866 <k_strcpy>
40807760:	4752                	c.lwsp	a4,20(sp)
40807762:	b3ad                	c.j	408074cc <cmd_desktop+0x938>
40807764:	fffc8793          	addi	a5,s9,-1
40807768:	21905f63          	bge	zero,s9,40807986 <cmd_desktop+0xdf2>
4080776c:	4605                	c.li	a2,1
4080776e:	45c2                	c.lwsp	a1,16(sp)
40807770:	46b2                	c.lwsp	a3,12(sp)
40807772:	ccbe                	c.swsp	a5,88(sp)
40807774:	c432                	c.swsp	a2,8(sp)
40807776:	8726                	c.mv	a4,s1
40807778:	d4eff06f          	jal	zero,40806cc6 <cmd_desktop+0x132>
4080777c:	35751f63          	bne	a0,s7,40807ada <cmd_desktop+0xf46>
40807780:	4789                	c.li	a5,2
40807782:	07b7c363          	blt	a5,s11,408077e8 <cmd_desktop+0xc54>
40807786:	002d9793          	slli	a5,s11,0x2
4080778a:	97ca                	c.add	a5,s2
4080778c:	01a7a023          	sw	s10,0(a5)
40807790:	0d85                	c.addi	s11,1
40807792:	4d01                	c.li	s10,0
40807794:	b7a5                	c.j	408076fc <cmd_desktop+0xb68>
40807796:	04100793          	addi	a5,zero,65
4080779a:	04f50963          	beq	a0,a5,408077ec <cmd_desktop+0xc58>
4080779e:	04200793          	addi	a5,zero,66
408077a2:	c6f51e63          	bne	a0,a5,40806c1e <cmd_desktop+0x8a>
408077a6:	408157b7          	lui	a5,0x40815
408077aa:	c5078793          	addi	a5,a5,-944 # 40814c50 <_ZL9g_regions>
408077ae:	5007c683          	lbu	a3,1280(a5)
408077b2:	cc3e                	c.swsp	a5,24(sp)
408077b4:	02f00713          	addi	a4,zero,47
408077b8:	47a2                	c.lwsp	a5,8(sp)
408077ba:	00e69763          	bne	a3,a4,408077c8 <cmd_desktop+0xc34>
408077be:	47e2                	c.lwsp	a5,24(sp)
408077c0:	5017c783          	lbu	a5,1281(a5)
408077c4:	00f037b3          	sltu	a5,zero,a5
408077c8:	4081a937          	lui	s2,0x4081a
408077cc:	44892683          	lw	a3,1096(s2) # 4081a448 <_ZL10g_fm_count>
408077d0:	4731                	c.li	a4,12
408077d2:	97b6                	c.add	a5,a3
408077d4:	0af74f63          	blt	a4,a5,40807892 <cmd_desktop+0xcfe>
408077d8:	17fd                	c.addi	a5,-1
408077da:	06fcdf63          	bge	s9,a5,40807858 <cmd_desktop+0xcc4>
408077de:	001c8793          	addi	a5,s9,1
408077e2:	ccbe                	c.swsp	a5,88(sp)
408077e4:	c3cff06f          	jal	zero,40806c20 <cmd_desktop+0x8c>
408077e8:	4d01                	c.li	s10,0
408077ea:	bf09                	c.j	408076fc <cmd_desktop+0xb68>
408077ec:	fffc8793          	addi	a5,s9,-1
408077f0:	c3905763          	bge	zero,s9,40806c1e <cmd_desktop+0x8a>
408077f4:	ccbe                	c.swsp	a5,88(sp)
408077f6:	c2aff06f          	jal	zero,40806c20 <cmd_desktop+0x8c>
408077fa:	c52fd0ef          	jal	ra,40804c4c <_ZL10region_hitii>
408077fe:	18f00793          	addi	a5,zero,399
40807802:	04a7d563          	bge	a5,a0,4080784c <cmd_desktop+0xcb8>
40807806:	4722                	c.lwsp	a4,8(sp)
40807808:	e7050793          	addi	a5,a0,-400
4080780c:	ccbe                	c.swsp	a5,88(sp)
4080780e:	c0e99963          	bne	s3,a4,40806c20 <cmd_desktop+0x8c>
40807812:	c82ff06f          	jal	zero,40806c94 <cmd_desktop+0x100>
40807816:	408127b7          	lui	a5,0x40812
4080781a:	07700713          	addi	a4,zero,119
4080781e:	b0c78793          	addi	a5,a5,-1268 # 40811b0c <_ZL9MENU_APPS>
40807822:	dce514e3          	bne	a0,a4,408075ea <cmd_desktop+0xa56>
40807826:	47c2                	c.lwsp	a5,16(sp)
40807828:	18f05e63          	bge	zero,a5,408079c4 <cmd_desktop+0xe30>
4080782c:	47c2                	c.lwsp	a5,16(sp)
4080782e:	fff78593          	addi	a1,a5,-1
40807832:	b3c5                	c.j	40807612 <cmd_desktop+0xa7e>
40807834:	47b2                	c.lwsp	a5,12(sp)
40807836:	e2f05b63          	bge	zero,a5,40806e6c <cmd_desktop+0x2d8>
4080783a:	47b2                	c.lwsp	a5,12(sp)
4080783c:	4622                	c.lwsp	a2,8(sp)
4080783e:	45c2                	c.lwsp	a1,16(sp)
40807840:	fff78693          	addi	a3,a5,-1
40807844:	8726                	c.mv	a4,s1
40807846:	87e6                	c.mv	a5,s9
40807848:	c7eff06f          	jal	zero,40806cc6 <cmd_desktop+0x132>
4080784c:	47bd                	c.li	a5,15
4080784e:	baf504e3          	beq	a0,a5,408073f6 <cmd_desktop+0x862>
40807852:	47a2                	c.lwsp	a5,8(sp)
40807854:	baf981e3          	beq	s3,a5,408073f6 <cmd_desktop+0x862>
40807858:	4505                	c.li	a0,1
4080785a:	4622                	c.lwsp	a2,8(sp)
4080785c:	45c2                	c.lwsp	a1,16(sp)
4080785e:	46b2                	c.lwsp	a3,12(sp)
40807860:	87e6                	c.mv	a5,s9
40807862:	8726                	c.mv	a4,s1
40807864:	c42a                	c.swsp	a0,8(sp)
40807866:	c60ff06f          	jal	zero,40806cc6 <cmd_desktop+0x132>
4080786a:	40810537          	lui	a0,0x40810
4080786e:	0f050513          	addi	a0,a0,240 # 408100f0 <_str_crlf+0x3ca2>
40807872:	446e                	c.lwsp	s0,216(sp)
40807874:	44de                	c.lwsp	s1,212(sp)
40807876:	494e                	c.lwsp	s2,208(sp)
40807878:	49be                	c.lwsp	s3,204(sp)
4080787a:	4a2e                	c.lwsp	s4,200(sp)
4080787c:	4a9e                	c.lwsp	s5,196(sp)
4080787e:	4b0e                	c.lwsp	s6,192(sp)
40807880:	5bfa                	c.lwsp	s7,188(sp)
40807882:	5c6a                	c.lwsp	s8,184(sp)
40807884:	5cda                	c.lwsp	s9,180(sp)
40807886:	5d4a                	c.lwsp	s10,176(sp)
40807888:	5dba                	c.lwsp	s11,172(sp)
4080788a:	40fe                	c.lwsp	ra,220(sp)
4080788c:	612d                	c.addi16sp	sp,224
4080788e:	bf0f906f          	jal	zero,40800c7e <uart_puts>
40807892:	87ba                	c.mv	a5,a4
40807894:	17fd                	c.addi	a5,-1
40807896:	f4fcc4e3          	blt	s9,a5,408077de <cmd_desktop+0xc4a>
4080789a:	bf7d                	c.j	40807858 <cmd_desktop+0xcc4>
4080789c:	4622                	c.lwsp	a2,8(sp)
4080789e:	45c2                	c.lwsp	a1,16(sp)
408078a0:	f3850693          	addi	a3,a0,-200
408078a4:	87e6                	c.mv	a5,s9
408078a6:	8726                	c.mv	a4,s1
408078a8:	c1eff06f          	jal	zero,40806cc6 <cmd_desktop+0x132>
408078ac:	00241693          	slli	a3,s0,0x2
408078b0:	97b6                	c.add	a5,a3
408078b2:	9c87a783          	lw	a5,-1592(a5)
408078b6:	22079f63          	bne	a5,zero,40807af4 <cmd_desktop+0xf60>
408078ba:	03000793          	addi	a5,zero,48
408078be:	04f10e23          	sb	a5,92(sp)
408078c2:	47a2                	c.lwsp	a5,8(sp)
408078c4:	978a                	c.add	a5,sp
408078c6:	04078e23          	sb	zero,92(a5)
408078ca:	05c10993          	addi	s3,sp,92
408078ce:	408105b7          	lui	a1,0x40810
408078d2:	853a                	c.mv	a0,a4
408078d4:	16858593          	addi	a1,a1,360 # 40810168 <_str_crlf+0x3d1a>
408078d8:	ca3a                	c.swsp	a4,20(sp)
408078da:	f8df80ef          	jal	ra,40800866 <k_strcpy>
408078de:	408157b7          	lui	a5,0x40815
408078e2:	1f878793          	addi	a5,a5,504 # 408151f8 <_ZL10g_fm_names>
408078e6:	00541593          	slli	a1,s0,0x5
408078ea:	95be                	c.add	a1,a5
408078ec:	02400613          	addi	a2,zero,36
408078f0:	06d10513          	addi	a0,sp,109
408078f4:	f85f80ef          	jal	ra,40800878 <k_strncpy>
408078f8:	4752                	c.lwsp	a4,20(sp)
408078fa:	08010623          	sb	zero,140(sp)
408078fe:	853a                	c.mv	a0,a4
40807900:	ef1f80ef          	jal	ra,408007f0 <k_strlen>
40807904:	4752                	c.lwsp	a4,20(sp)
40807906:	408105b7          	lui	a1,0x40810
4080790a:	842a                	c.mv	s0,a0
4080790c:	17058593          	addi	a1,a1,368 # 40810170 <_str_crlf+0x3d22>
40807910:	953a                	c.add	a0,a4
40807912:	f55f80ef          	jal	ra,40800866 <k_strcpy>
40807916:	4752                	c.lwsp	a4,20(sp)
40807918:	00240513          	addi	a0,s0,2
4080791c:	85ce                	c.mv	a1,s3
4080791e:	953a                	c.add	a0,a4
40807920:	462d                	c.li	a2,11
40807922:	f57f80ef          	jal	ra,40800878 <k_strncpy>
40807926:	854e                	c.mv	a0,s3
40807928:	ec9f80ef          	jal	ra,408007f0 <k_strlen>
4080792c:	4752                	c.lwsp	a4,20(sp)
4080792e:	9522                	c.add	a0,s0
40807930:	0509                	c.addi	a0,2
40807932:	408105b7          	lui	a1,0x40810
40807936:	953a                	c.add	a0,a4
40807938:	17458593          	addi	a1,a1,372 # 40810174 <_str_crlf+0x3d26>
4080793c:	f2bf80ef          	jal	ra,40800866 <k_strcpy>
40807940:	4752                	c.lwsp	a4,20(sp)
40807942:	b669                	c.j	408074cc <cmd_desktop+0x938>
40807944:	47b2                	c.lwsp	a5,12(sp)
40807946:	4622                	c.lwsp	a2,8(sp)
40807948:	45c2                	c.lwsp	a1,16(sp)
4080794a:	00178693          	addi	a3,a5,1
4080794e:	8726                	c.mv	a4,s1
40807950:	87e6                	c.mv	a5,s9
40807952:	b74ff06f          	jal	zero,40806cc6 <cmd_desktop+0x132>
40807956:	40fe                	c.lwsp	ra,220(sp)
40807958:	40810537          	lui	a0,0x40810
4080795c:	03c50513          	addi	a0,a0,60 # 4081003c <_str_crlf+0x3bee>
40807960:	612d                	c.addi16sp	sp,224
40807962:	b1cf906f          	jal	zero,40800c7e <uart_puts>
40807966:	47c2                	c.lwsp	a5,16(sp)
40807968:	ecf042e3          	blt	zero,a5,4080782c <cmd_desktop+0xc98>
4080796c:	47c6                	c.lwsp	a5,80(sp)
4080796e:	48c2                	c.lwsp	a7,16(sp)
40807970:	8826                	c.mv	a6,s1
40807972:	c83e                	c.swsp	a5,16(sp)
40807974:	47d6                	c.lwsp	a5,84(sp)
40807976:	8366                	c.mv	t1,s9
40807978:	4532                	c.lwsp	a0,12(sp)
4080797a:	4ce6                	c.lwsp	s9,88(sp)
4080797c:	44b6                	c.lwsp	s1,76(sp)
4080797e:	4981                	c.li	s3,0
40807980:	c43e                	c.swsp	a5,8(sp)
40807982:	b58ff06f          	jal	zero,40806cda <cmd_desktop+0x146>
40807986:	4605                	c.li	a2,1
40807988:	ce6ff06f          	jal	zero,40806e6e <cmd_desktop+0x2da>
4080798c:	47b2                	c.lwsp	a5,12(sp)
4080798e:	ccf05f63          	bge	zero,a5,40806e6c <cmd_desktop+0x2d8>
40807992:	4615                	c.li	a2,5
40807994:	fff78693          	addi	a3,a5,-1
40807998:	45c2                	c.lwsp	a1,16(sp)
4080799a:	c432                	c.swsp	a2,8(sp)
4080799c:	87e6                	c.mv	a5,s9
4080799e:	8726                	c.mv	a4,s1
408079a0:	b26ff06f          	jal	zero,40806cc6 <cmd_desktop+0x132>
408079a4:	04300793          	addi	a5,zero,67
408079a8:	54f50663          	beq	a0,a5,40807ef4 <cmd_desktop+0x1360>
408079ac:	04400793          	addi	a5,zero,68
408079b0:	06f50063          	beq	a0,a5,40807a10 <cmd_desktop+0xe7c>
408079b4:	04200793          	addi	a5,zero,66
408079b8:	08f50963          	beq	a0,a5,40807a4a <cmd_desktop+0xeb6>
408079bc:	04100793          	addi	a5,zero,65
408079c0:	0af50e63          	beq	a0,a5,40807a7c <cmd_desktop+0xee8>
408079c4:	45c2                	c.lwsp	a1,16(sp)
408079c6:	46b2                	c.lwsp	a3,12(sp)
408079c8:	87e6                	c.mv	a5,s9
408079ca:	8726                	c.mv	a4,s1
408079cc:	4601                	c.li	a2,0
408079ce:	c402                	c.swsp	zero,8(sp)
408079d0:	af6ff06f          	jal	zero,40806cc6 <cmd_desktop+0x132>
408079d4:	40815737          	lui	a4,0x40815
408079d8:	c5070713          	addi	a4,a4,-944 # 40814c50 <_ZL9g_regions>
408079dc:	50074603          	lbu	a2,1280(a4)
408079e0:	02f00693          	addi	a3,zero,47
408079e4:	4785                	c.li	a5,1
408079e6:	00d61663          	bne	a2,a3,408079f2 <cmd_desktop+0xe5e>
408079ea:	50174783          	lbu	a5,1281(a4)
408079ee:	00f037b3          	sltu	a5,zero,a5
408079f2:	4081a937          	lui	s2,0x4081a
408079f6:	44892603          	lw	a2,1096(s2) # 4081a448 <_ZL10g_fm_count>
408079fa:	46b1                	c.li	a3,12
408079fc:	97b2                	c.add	a5,a2
408079fe:	00f6d363          	bge	a3,a5,40807a04 <cmd_desktop+0xe70>
40807a02:	87b6                	c.mv	a5,a3
40807a04:	17fd                	c.addi	a5,-1
40807a06:	08fcd363          	bge	s9,a5,40807a8c <cmd_desktop+0xef8>
40807a0a:	001c8793          	addi	a5,s9,1
40807a0e:	bbb9                	c.j	4080776c <cmd_desktop+0xbd8>
40807a10:	5732                	c.lwsp	a4,44(sp)
40807a12:	555554b7          	lui	s1,0x55555
40807a16:	55648493          	addi	s1,s1,1366 # 55555556 <_kern_stack_top+0x14cd9556>
40807a1a:	029714b3          	mulh	s1,a4,s1
40807a1e:	41f75793          	srai	a5,a4,0x1f
40807a22:	8c9d                	c.sub	s1,a5
40807a24:	00149793          	slli	a5,s1,0x1
40807a28:	97a6                	c.add	a5,s1
40807a2a:	40f704b3          	sub	s1,a4,a5
40807a2e:	f8f70be3          	beq	a4,a5,408079c4 <cmd_desktop+0xe30>
40807a32:	fff70793          	addi	a5,a4,-1
40807a36:	d63e                	c.swsp	a5,44(sp)
40807a38:	5532                	c.lwsp	a0,44(sp)
40807a3a:	4601                	c.li	a2,0
40807a3c:	4581                	c.li	a1,0
40807a3e:	8e3fd0ef          	jal	ra,40805320 <_ZL12desktop_baseiii>
40807a42:	4481                	c.li	s1,0
40807a44:	c402                	c.swsp	zero,8(sp)
40807a46:	aa8ff06f          	jal	zero,40806cee <cmd_desktop+0x15a>
40807a4a:	5732                	c.lwsp	a4,44(sp)
40807a4c:	4789                	c.li	a5,2
40807a4e:	f6e7cbe3          	blt	a5,a4,408079c4 <cmd_desktop+0xe30>
40807a52:	00370793          	addi	a5,a4,3
40807a56:	d63e                	c.swsp	a5,44(sp)
40807a58:	b7c5                	c.j	40807a38 <cmd_desktop+0xea4>
40807a5a:	4081a7b7          	lui	a5,0x4081a
40807a5e:	4447a783          	lw	a5,1092(a5) # 4081a444 <_ZL11g_pki_count>
40807a62:	4732                	c.lwsp	a4,12(sp)
40807a64:	17fd                	c.addi	a5,-1
40807a66:	c0f75363          	bge	a4,a5,40806e6c <cmd_desktop+0x2d8>
40807a6a:	4615                	c.li	a2,5
40807a6c:	00170693          	addi	a3,a4,1
40807a70:	45c2                	c.lwsp	a1,16(sp)
40807a72:	c432                	c.swsp	a2,8(sp)
40807a74:	87e6                	c.mv	a5,s9
40807a76:	8726                	c.mv	a4,s1
40807a78:	a4eff06f          	jal	zero,40806cc6 <cmd_desktop+0x132>
40807a7c:	5732                	c.lwsp	a4,44(sp)
40807a7e:	4789                	c.li	a5,2
40807a80:	f4e7d2e3          	bge	a5,a4,408079c4 <cmd_desktop+0xe30>
40807a84:	ffd70793          	addi	a5,a4,-3
40807a88:	d63e                	c.swsp	a5,44(sp)
40807a8a:	b77d                	c.j	40807a38 <cmd_desktop+0xea4>
40807a8c:	05500793          	addi	a5,zero,85
40807a90:	22f50c63          	beq	a0,a5,40807cc8 <cmd_desktop+0x1134>
40807a94:	0ea7cd63          	blt	a5,a0,40807b8e <cmd_desktop+0xffa>
40807a98:	04500793          	addi	a5,zero,69
40807a9c:	9ef50c63          	beq	a0,a5,40806c94 <cmd_desktop+0x100>
40807aa0:	47a1                	c.li	a5,8
40807aa2:	10f51063          	bne	a0,a5,40807ba2 <cmd_desktop+0x100e>
40807aa6:	408157b7          	lui	a5,0x40815
40807aaa:	c5078793          	addi	a5,a5,-944 # 40814c50 <_ZL9g_regions>
40807aae:	cc3e                	c.swsp	a5,24(sp)
40807ab0:	4081a937          	lui	s2,0x4081a
40807ab4:	9f2fd0ef          	jal	ra,40804ca6 <_ZL5fm_upv>
40807ab8:	47e2                	c.lwsp	a5,24(sp)
40807aba:	408055b7          	lui	a1,0x40805
40807abe:	e5858593          	addi	a1,a1,-424 # 40804e58 <_ZL10fm_scan_cbPKcii>
40807ac2:	50078513          	addi	a0,a5,1280
40807ac6:	44092423          	sw	zero,1096(s2) # 4081a448 <_ZL10g_fm_count>
40807aca:	cdffc0ef          	jal	ra,408047a8 <vfs_list>
40807ace:	4785                	c.li	a5,1
40807ad0:	cc82                	c.swsp	zero,88(sp)
40807ad2:	c43e                	c.swsp	a5,8(sp)
40807ad4:	4c81                	c.li	s9,0
40807ad6:	a08ff06f          	jal	zero,40806cde <cmd_desktop+0x14a>
40807ada:	04d00713          	addi	a4,zero,77
40807ade:	c2e512e3          	bne	a0,a4,40807702 <cmd_desktop+0xb6e>
40807ae2:	4709                	c.li	a4,2
40807ae4:	c1b74fe3          	blt	a4,s11,40807702 <cmd_desktop+0xb6e>
40807ae8:	002d9713          	slli	a4,s11,0x2
40807aec:	970a                	c.add	a4,sp
40807aee:	07a72423          	sw	s10,104(a4)
40807af2:	b901                	c.j	40807702 <cmd_desktop+0xb6e>
40807af4:	4581                	c.li	a1,0
40807af6:	05c10993          	addi	s3,sp,92
40807afa:	42f05263          	bge	zero,a5,40807f1e <cmd_desktop+0x138a>
40807afe:	ccccd337          	lui	t1,0xccccd
40807b02:	ccd30313          	addi	t1,t1,-819 # cccccccd <_kern_stack_top+0x8c450ccd>
40807b06:	4ea5                	c.li	t4,9
40807b08:	4e2d                	c.li	t3,11
40807b0a:	0267b6b3          	mulhu	a3,a5,t1
40807b0e:	852e                	c.mv	a0,a1
40807b10:	883e                	c.mv	a6,a5
40807b12:	0585                	c.addi	a1,1
40807b14:	00b988b3          	add	a7,s3,a1
40807b18:	828d                	c.srli	a3,0x3
40807b1a:	00269613          	slli	a2,a3,0x2
40807b1e:	9636                	c.add	a2,a3
40807b20:	0606                	c.slli	a2,0x1
40807b22:	8f91                	c.sub	a5,a2
40807b24:	03078793          	addi	a5,a5,48
40807b28:	fef88fa3          	sb	a5,-1(a7)
40807b2c:	87b6                	c.mv	a5,a3
40807b2e:	050ed763          	bge	t4,a6,40807b7c <cmd_desktop+0xfe8>
40807b32:	fdc59ce3          	bne	a1,t3,40807b0a <cmd_desktop+0xf76>
40807b36:	060103a3          	sb	zero,103(sp)
40807b3a:	4529                	c.li	a0,10
40807b3c:	864e                	c.mv	a2,s3
40807b3e:	00a986b3          	add	a3,s3,a0
40807b42:	4781                	c.li	a5,0
40807b44:	0006c803          	lbu	a6,0(a3)
40807b48:	00064583          	lbu	a1,0(a2)
40807b4c:	0785                	c.addi	a5,1
40807b4e:	01060023          	sb	a6,0(a2)
40807b52:	00b68023          	sb	a1,0(a3)
40807b56:	40f505b3          	sub	a1,a0,a5
40807b5a:	0605                	c.addi	a2,1
40807b5c:	16fd                	c.addi	a3,-1
40807b5e:	feb7c3e3          	blt	a5,a1,40807b44 <cmd_desktop+0xfb0>
40807b62:	b3b5                	c.j	408078ce <cmd_desktop+0xd3a>
40807b64:	439c                	c.lw	a5,0(a5)
40807b66:	4742                	c.lwsp	a4,16(sp)
40807b68:	17fd                	c.addi	a5,-1
40807b6a:	aaf741e3          	blt	a4,a5,4080760c <cmd_desktop+0xa78>
40807b6e:	45c2                	c.lwsp	a1,16(sp)
40807b70:	46b2                	c.lwsp	a3,12(sp)
40807b72:	87e6                	c.mv	a5,s9
40807b74:	4601                	c.li	a2,0
40807b76:	8726                	c.mv	a4,s1
40807b78:	94eff06f          	jal	zero,40806cc6 <cmd_desktop+0x132>
40807b7c:	958a                	c.add	a1,sp
40807b7e:	04058e23          	sb	zero,92(a1)
40807b82:	fd4d                	c.bnez	a0,40807b3c <cmd_desktop+0xfa8>
40807b84:	b3a9                	c.j	408078ce <cmd_desktop+0xd3a>
40807b86:	07500793          	addi	a5,zero,117
40807b8a:	f0f50ee3          	beq	a0,a5,40807aa6 <cmd_desktop+0xf12>
40807b8e:	07f00793          	addi	a5,zero,127
40807b92:	f0f50ae3          	beq	a0,a5,40807aa6 <cmd_desktop+0xf12>
40807b96:	06500793          	addi	a5,zero,101
40807b9a:	00f51463          	bne	a0,a5,40807ba2 <cmd_desktop+0x100e>
40807b9e:	8f6ff06f          	jal	zero,40806c94 <cmd_desktop+0x100>
40807ba2:	9bef90ef          	jal	ra,40800d60 <uart_getc>
40807ba6:	47ed                	c.li	a5,27
40807ba8:	00f50463          	beq	a0,a5,40807bb0 <cmd_desktop+0x101c>
40807bac:	8aaff06f          	jal	zero,40806c56 <cmd_desktop+0xc2>
40807bb0:	4785                	c.li	a5,1
40807bb2:	c43e                	c.swsp	a5,8(sp)
40807bb4:	a1aff06f          	jal	zero,40806dce <cmd_desktop+0x23a>
40807bb8:	4735                	c.li	a4,13
40807bba:	2ce51e63          	bne	a0,a4,40807e96 <cmd_desktop+0x1302>
40807bbe:	4442                	c.lwsp	s0,16(sp)
40807bc0:	08d4                	c.addi4spn	a3,sp,84
40807bc2:	0890                	c.addi4spn	a2,sp,80
40807bc4:	00241713          	slli	a4,s0,0x2
40807bc8:	97ba                	c.add	a5,a4
40807bca:	4bc8                	c.lw	a0,20(a5)
40807bcc:	08b8                	c.addi4spn	a4,sp,88
40807bce:	00ec                	c.addi4spn	a1,sp,76
40807bd0:	95cfd0ef          	jal	ra,40804d2c <_ZL16desktop_dispatchiPiS_S_S_>
40807bd4:	88a2                	c.mv	a7,s0
40807bd6:	8826                	c.mv	a6,s1
40807bd8:	8366                	c.mv	t1,s9
40807bda:	87aa                	c.mv	a5,a0
40807bdc:	4705                	c.li	a4,1
40807bde:	04e78763          	beq	a5,a4,40807c2c <cmd_desktop+0x1098>
40807be2:	4709                	c.li	a4,2
40807be4:	02e78f63          	beq	a5,a4,40807c22 <cmd_desktop+0x108e>
40807be8:	47c6                	c.lwsp	a5,80(sp)
40807bea:	44b6                	c.lwsp	s1,76(sp)
40807bec:	4ce6                	c.lwsp	s9,88(sp)
40807bee:	c83e                	c.swsp	a5,16(sp)
40807bf0:	47d6                	c.lwsp	a5,84(sp)
40807bf2:	4532                	c.lwsp	a0,12(sp)
40807bf4:	4981                	c.li	s3,0
40807bf6:	c43e                	c.swsp	a5,8(sp)
40807bf8:	8e2ff06f          	jal	zero,40806cda <cmd_desktop+0x146>
40807bfc:	5732                	c.lwsp	a4,44(sp)
40807bfe:	408127b7          	lui	a5,0x40812
40807c02:	aac78793          	addi	a5,a5,-1364 # 40811aac <_ZL10DESK_ICONS>
40807c06:	0712                	c.slli	a4,0x4
40807c08:	97ba                	c.add	a5,a4
40807c0a:	47c8                	c.lw	a0,12(a5)
40807c0c:	08b8                	c.addi4spn	a4,sp,88
40807c0e:	08d4                	c.addi4spn	a3,sp,84
40807c10:	0890                	c.addi4spn	a2,sp,80
40807c12:	00ec                	c.addi4spn	a1,sp,76
40807c14:	918fd0ef          	jal	ra,40804d2c <_ZL16desktop_dispatchiPiS_S_S_>
40807c18:	48c2                	c.lwsp	a7,16(sp)
40807c1a:	8366                	c.mv	t1,s9
40807c1c:	87aa                	c.mv	a5,a0
40807c1e:	4801                	c.li	a6,0
40807c20:	bf75                	c.j	40807bdc <cmd_desktop+0x1048>
40807c22:	40810537          	lui	a0,0x40810
40807c26:	22c50513          	addi	a0,a0,556 # 4081022c <_str_crlf+0x3dde>
40807c2a:	b1a1                	c.j	40807872 <cmd_desktop+0xcde>
40807c2c:	446e                	c.lwsp	s0,216(sp)
40807c2e:	40fe                	c.lwsp	ra,220(sp)
40807c30:	44de                	c.lwsp	s1,212(sp)
40807c32:	494e                	c.lwsp	s2,208(sp)
40807c34:	49be                	c.lwsp	s3,204(sp)
40807c36:	4a2e                	c.lwsp	s4,200(sp)
40807c38:	4a9e                	c.lwsp	s5,196(sp)
40807c3a:	4b0e                	c.lwsp	s6,192(sp)
40807c3c:	5bfa                	c.lwsp	s7,188(sp)
40807c3e:	5c6a                	c.lwsp	s8,184(sp)
40807c40:	5cda                	c.lwsp	s9,180(sp)
40807c42:	5d4a                	c.lwsp	s10,176(sp)
40807c44:	5dba                	c.lwsp	s11,172(sp)
40807c46:	612d                	c.addi16sp	sp,224
40807c48:	8082                	c.jr	ra
40807c4a:	4705                	c.li	a4,1
40807c4c:	46b2                	c.lwsp	a3,12(sp)
40807c4e:	c882                	c.swsp	zero,80(sp)
40807c50:	c6ba                	c.swsp	a4,76(sp)
40807c52:	87e6                	c.mv	a5,s9
40807c54:	4601                	c.li	a2,0
40807c56:	4581                	c.li	a1,0
40807c58:	c402                	c.swsp	zero,8(sp)
40807c5a:	86cff06f          	jal	zero,40806cc6 <cmd_desktop+0x132>
40807c5e:	5632                	c.lwsp	a2,44(sp)
40807c60:	555557b7          	lui	a5,0x55555
40807c64:	55678793          	addi	a5,a5,1366 # 55555556 <_kern_stack_top+0x14cd9556>
40807c68:	02f617b3          	mulh	a5,a2,a5
40807c6c:	41f65713          	srai	a4,a2,0x1f
40807c70:	ffe60693          	addi	a3,a2,-2
40807c74:	8f99                	c.sub	a5,a4
40807c76:	00179713          	slli	a4,a5,0x1
40807c7a:	97ba                	c.add	a5,a4
40807c7c:	d4f684e3          	beq	a3,a5,408079c4 <cmd_desktop+0xe30>
40807c80:	4791                	c.li	a5,4
40807c82:	d4c7c1e3          	blt	a5,a2,408079c4 <cmd_desktop+0xe30>
40807c86:	00160793          	addi	a5,a2,1
40807c8a:	d63e                	c.swsp	a5,44(sp)
40807c8c:	b375                	c.j	40807a38 <cmd_desktop+0xea4>
40807c8e:	56b2                	c.lwsp	a3,44(sp)
40807c90:	2aaab437          	lui	s0,0x2aaab
40807c94:	aab40413          	addi	s0,s0,-1365 # 2aaaaaab <_kernel_start-0x15d55555>
40807c98:	00168713          	addi	a4,a3,1
40807c9c:	02871433          	mulh	s0,a4,s0
40807ca0:	41f75793          	srai	a5,a4,0x1f
40807ca4:	8c1d                	c.sub	s0,a5
40807ca6:	00141793          	slli	a5,s0,0x1
40807caa:	97a2                	c.add	a5,s0
40807cac:	0786                	c.slli	a5,0x1
40807cae:	40f70433          	sub	s0,a4,a5
40807cb2:	1cd40963          	beq	s0,a3,40807e84 <cmd_desktop+0x12f0>
40807cb6:	4601                	c.li	a2,0
40807cb8:	4581                	c.li	a1,0
40807cba:	8522                	c.mv	a0,s0
40807cbc:	e64fd0ef          	jal	ra,40805320 <_ZL12desktop_baseiii>
40807cc0:	d622                	c.swsp	s0,44(sp)
40807cc2:	c402                	c.swsp	zero,8(sp)
40807cc4:	82aff06f          	jal	zero,40806cee <cmd_desktop+0x15a>
40807cc8:	cc3a                	c.swsp	a4,24(sp)
40807cca:	b3ed                	c.j	40807ab4 <cmd_desktop+0xf20>
40807ccc:	47a2                	c.lwsp	a5,8(sp)
40807cce:	eba9                	c.bnez	a5,40807d20 <cmd_desktop+0x118c>
40807cd0:	c8ad                	c.beqz	s1,40807d42 <cmd_desktop+0x11ae>
40807cd2:	4789                	c.li	a5,2
40807cd4:	1af48363          	beq	s1,a5,40807e7a <cmd_desktop+0x12e6>
40807cd8:	408127b7          	lui	a5,0x40812
40807cdc:	b3078413          	addi	s0,a5,-1232 # 40811b30 <_ZL11MENU_SYSTEM>
40807ce0:	f6dfc0ef          	jal	ra,40804c4c <_ZL10region_hitii>
40807ce4:	4010                	c.lw	a2,0(s0)
40807ce6:	01440793          	addi	a5,s0,20
40807cea:	4701                	c.li	a4,0
40807cec:	00c04763          	blt	zero,a2,40807cfa <cmd_desktop+0x1166>
40807cf0:	a059                	c.j	40807d76 <cmd_desktop+0x11e2>
40807cf2:	0705                	c.addi	a4,1
40807cf4:	0791                	c.addi	a5,4
40807cf6:	08c70063          	beq	a4,a2,40807d76 <cmd_desktop+0x11e2>
40807cfa:	4394                	c.lw	a3,0(a5)
40807cfc:	fea69be3          	bne	a3,a0,40807cf2 <cmd_desktop+0x115e>
40807d00:	10098563          	beq	s3,zero,40807e0a <cmd_desktop+0x1276>
40807d04:	08b8                	c.addi4spn	a4,sp,88
40807d06:	08d4                	c.addi4spn	a3,sp,84
40807d08:	0890                	c.addi4spn	a2,sp,80
40807d0a:	00ec                	c.addi4spn	a1,sp,76
40807d0c:	820fd0ef          	jal	ra,40804d2c <_ZL16desktop_dispatchiPiS_S_S_>
40807d10:	4736                	c.lwsp	a4,76(sp)
40807d12:	87aa                	c.mv	a5,a0
40807d14:	12971463          	bne	a4,s1,40807e3c <cmd_desktop+0x12a8>
40807d18:	48c2                	c.lwsp	a7,16(sp)
40807d1a:	8826                	c.mv	a6,s1
40807d1c:	8366                	c.mv	t1,s9
40807d1e:	bd7d                	c.j	40807bdc <cmd_desktop+0x1048>
40807d20:	f2dfc0ef          	jal	ra,40804c4c <_ZL10region_hitii>
40807d24:	47bd                	c.li	a5,15
40807d26:	ecf50863          	beq	a0,a5,408073f6 <cmd_desktop+0x862>
40807d2a:	00898463          	beq	s3,s0,40807d32 <cmd_desktop+0x119e>
40807d2e:	ef1fe06f          	jal	zero,40806c1e <cmd_desktop+0x8a>
40807d32:	45c2                	c.lwsp	a1,16(sp)
40807d34:	46b2                	c.lwsp	a3,12(sp)
40807d36:	ca82                	c.swsp	zero,84(sp)
40807d38:	87e6                	c.mv	a5,s9
40807d3a:	8726                	c.mv	a4,s1
40807d3c:	4601                	c.li	a2,0
40807d3e:	f89fe06f          	jal	zero,40806cc6 <cmd_desktop+0x132>
40807d42:	f0bfc0ef          	jal	ra,40804c4c <_ZL10region_hitii>
40807d46:	06098a63          	beq	s3,zero,40807dba <cmd_desktop+0x1226>
40807d4a:	471d                	c.li	a4,7
40807d4c:	04e50e63          	beq	a0,a4,40807da8 <cmd_desktop+0x1214>
40807d50:	4721                	c.li	a4,8
40807d52:	0ae50363          	beq	a0,a4,40807df8 <cmd_desktop+0x1264>
40807d56:	4725                	c.li	a4,9
40807d58:	0ce50263          	beq	a0,a4,40807e1c <cmd_desktop+0x1288>
40807d5c:	fff50793          	addi	a5,a0,-1
40807d60:	eafa76e3          	bgeu	s4,a5,40807c0c <cmd_desktop+0x1078>
40807d64:	45c2                	c.lwsp	a1,16(sp)
40807d66:	46b2                	c.lwsp	a3,12(sp)
40807d68:	87e6                	c.mv	a5,s9
40807d6a:	4481                	c.li	s1,0
40807d6c:	4601                	c.li	a2,0
40807d6e:	4701                	c.li	a4,0
40807d70:	c402                	c.swsp	zero,8(sp)
40807d72:	f55fe06f          	jal	zero,40806cc6 <cmd_desktop+0x132>
40807d76:	08098b63          	beq	s3,zero,40807e0c <cmd_desktop+0x1278>
40807d7a:	479d                	c.li	a5,7
40807d7c:	0af50863          	beq	a0,a5,40807e2c <cmd_desktop+0x1298>
40807d80:	47a1                	c.li	a5,8
40807d82:	0cf50863          	beq	a0,a5,40807e52 <cmd_desktop+0x12be>
40807d86:	47a5                	c.li	a5,9
40807d88:	0af50c63          	beq	a0,a5,40807e40 <cmd_desktop+0x12ac>
40807d8c:	c682                	c.swsp	zero,76(sp)
40807d8e:	47d6                	c.lwsp	a5,84(sp)
40807d90:	48c2                	c.lwsp	a7,16(sp)
40807d92:	8826                	c.mv	a6,s1
40807d94:	8366                	c.mv	t1,s9
40807d96:	4532                	c.lwsp	a0,12(sp)
40807d98:	4ce6                	c.lwsp	s9,88(sp)
40807d9a:	44b6                	c.lwsp	s1,76(sp)
40807d9c:	c882                	c.swsp	zero,80(sp)
40807d9e:	c802                	c.swsp	zero,16(sp)
40807da0:	4981                	c.li	s3,0
40807da2:	c43e                	c.swsp	a5,8(sp)
40807da4:	f37fe06f          	jal	zero,40806cda <cmd_desktop+0x146>
40807da8:	46b2                	c.lwsp	a3,12(sp)
40807daa:	c6a2                	c.swsp	s0,76(sp)
40807dac:	c882                	c.swsp	zero,80(sp)
40807dae:	8722                	c.mv	a4,s0
40807db0:	87e6                	c.mv	a5,s9
40807db2:	4601                	c.li	a2,0
40807db4:	4581                	c.li	a1,0
40807db6:	f11fe06f          	jal	zero,40806cc6 <cmd_desktop+0x132>
40807dba:	4701                	c.li	a4,0
40807dbc:	02850163          	beq	a0,s0,40807dde <cmd_desktop+0x124a>
40807dc0:	4689                	c.li	a3,2
40807dc2:	8722                	c.mv	a4,s0
40807dc4:	00d50d63          	beq	a0,a3,40807dde <cmd_desktop+0x124a>
40807dc8:	460d                	c.li	a2,3
40807dca:	8736                	c.mv	a4,a3
40807dcc:	00c50963          	beq	a0,a2,40807dde <cmd_desktop+0x124a>
40807dd0:	4691                	c.li	a3,4
40807dd2:	8732                	c.mv	a4,a2
40807dd4:	00d50563          	beq	a0,a3,40807dde <cmd_desktop+0x124a>
40807dd8:	8736                	c.mv	a4,a3
40807dda:	05451363          	bne	a0,s4,40807e20 <cmd_desktop+0x128c>
40807dde:	46d6                	c.lwsp	a3,84(sp)
40807de0:	5632                	c.lwsp	a2,44(sp)
40807de2:	44b6                	c.lwsp	s1,76(sp)
40807de4:	c436                	c.swsp	a3,8(sp)
40807de6:	47c6                	c.lwsp	a5,80(sp)
40807de8:	46e6                	c.lwsp	a3,88(sp)
40807dea:	06c70a63          	beq	a4,a2,40807e5e <cmd_desktop+0x12ca>
40807dee:	8cb6                	c.mv	s9,a3
40807df0:	c83e                	c.swsp	a5,16(sp)
40807df2:	d63a                	c.swsp	a4,44(sp)
40807df4:	eebfe06f          	jal	zero,40806cde <cmd_desktop+0x14a>
40807df8:	4709                	c.li	a4,2
40807dfa:	46b2                	c.lwsp	a3,12(sp)
40807dfc:	c882                	c.swsp	zero,80(sp)
40807dfe:	c6ba                	c.swsp	a4,76(sp)
40807e00:	87e6                	c.mv	a5,s9
40807e02:	4601                	c.li	a2,0
40807e04:	4581                	c.li	a1,0
40807e06:	ec1fe06f          	jal	zero,40806cc6 <cmd_desktop+0x132>
40807e0a:	c8ba                	c.swsp	a4,80(sp)
40807e0c:	87a6                	c.mv	a5,s1
40807e0e:	4746                	c.lwsp	a4,80(sp)
40807e10:	04f48f63          	beq	s1,a5,40807e6e <cmd_desktop+0x12da>
40807e14:	c83a                	c.swsp	a4,16(sp)
40807e16:	84be                	c.mv	s1,a5
40807e18:	ec7fe06f          	jal	zero,40806cde <cmd_desktop+0x14a>
40807e1c:	470d                	c.li	a4,3
40807e1e:	bff1                	c.j	40807dfa <cmd_desktop+0x1266>
40807e20:	4699                	c.li	a3,6
40807e22:	4715                	c.li	a4,5
40807e24:	fad50de3          	beq	a0,a3,40807dde <cmd_desktop+0x124a>
40807e28:	5732                	c.lwsp	a4,44(sp)
40807e2a:	bf55                	c.j	40807dde <cmd_desktop+0x124a>
40807e2c:	fff48793          	addi	a5,s1,-1
40807e30:	00f037b3          	sltu	a5,zero,a5
40807e34:	c6be                	c.swsp	a5,76(sp)
40807e36:	f4979ce3          	bne	a5,s1,40807d8e <cmd_desktop+0x11fa>
40807e3a:	bfd1                	c.j	40807e0e <cmd_desktop+0x127a>
40807e3c:	c882                	c.swsp	zero,80(sp)
40807e3e:	bde9                	c.j	40807d18 <cmd_desktop+0x1184>
40807e40:	ffd48793          	addi	a5,s1,-3
40807e44:	00f037b3          	sltu	a5,zero,a5
40807e48:	40f007b3          	sub	a5,zero,a5
40807e4c:	8b8d                	c.andi	a5,3
40807e4e:	c6be                	c.swsp	a5,76(sp)
40807e50:	bf3d                	c.j	40807d8e <cmd_desktop+0x11fa>
40807e52:	ffe48793          	addi	a5,s1,-2
40807e56:	00f037b3          	sltu	a5,zero,a5
40807e5a:	0786                	c.slli	a5,0x1
40807e5c:	bfe1                	c.j	40807e34 <cmd_desktop+0x12a0>
40807e5e:	48c2                	c.lwsp	a7,16(sp)
40807e60:	8366                	c.mv	t1,s9
40807e62:	4532                	c.lwsp	a0,12(sp)
40807e64:	c83e                	c.swsp	a5,16(sp)
40807e66:	8cb6                	c.mv	s9,a3
40807e68:	4801                	c.li	a6,0
40807e6a:	e71fe06f          	jal	zero,40806cda <cmd_desktop+0x146>
40807e6e:	47c2                	c.lwsp	a5,16(sp)
40807e70:	00f70f63          	beq	a4,a5,40807e8e <cmd_desktop+0x12fa>
40807e74:	c83a                	c.swsp	a4,16(sp)
40807e76:	e69fe06f          	jal	zero,40806cde <cmd_desktop+0x14a>
40807e7a:	408127b7          	lui	a5,0x40812
40807e7e:	b0c78413          	addi	s0,a5,-1268 # 40811b0c <_ZL9MENU_APPS>
40807e82:	bdb9                	c.j	40807ce0 <cmd_desktop+0x114c>
40807e84:	4532                	c.lwsp	a0,12(sp)
40807e86:	8366                	c.mv	t1,s9
40807e88:	c402                	c.swsp	zero,8(sp)
40807e8a:	e21fe06f          	jal	zero,40806caa <cmd_desktop+0x116>
40807e8e:	4532                	c.lwsp	a0,12(sp)
40807e90:	8366                	c.mv	t1,s9
40807e92:	e19fe06f          	jal	zero,40806caa <cmd_desktop+0x116>
40807e96:	fdf57713          	andi	a4,a0,-33
40807e9a:	04500693          	addi	a3,zero,69
40807e9e:	d2d700e3          	beq	a4,a3,40807bbe <cmd_desktop+0x102a>
40807ea2:	07100793          	addi	a5,zero,113
40807ea6:	fef50a63          	beq	a0,a5,4080769a <cmd_desktop+0xb06>
40807eaa:	be29                	c.j	408079c4 <cmd_desktop+0xe30>
40807eac:	47a2                	c.lwsp	a5,8(sp)
40807eae:	c399                	c.beqz	a5,40807eb4 <cmd_desktop+0x1320>
40807eb0:	d6ffe06f          	jal	zero,40806c1e <cmd_desktop+0x8a>
40807eb4:	ae0488e3          	beq	s1,zero,408079a4 <cmd_desktop+0xe10>
40807eb8:	4789                	c.li	a5,2
40807eba:	06f48463          	beq	s1,a5,40807f22 <cmd_desktop+0x138e>
40807ebe:	40812737          	lui	a4,0x40812
40807ec2:	b3070713          	addi	a4,a4,-1232 # 40811b30 <_ZL11MENU_SYSTEM>
40807ec6:	04100793          	addi	a5,zero,65
40807eca:	00f50e63          	beq	a0,a5,40807ee6 <cmd_desktop+0x1352>
40807ece:	04200793          	addi	a5,zero,66
40807ed2:	c8f51ee3          	bne	a0,a5,40807b6e <cmd_desktop+0xfda>
40807ed6:	431c                	c.lw	a5,0(a4)
40807ed8:	4742                	c.lwsp	a4,16(sp)
40807eda:	17fd                	c.addi	a5,-1
40807edc:	00170593          	addi	a1,a4,1
40807ee0:	f2f74963          	blt	a4,a5,40807612 <cmd_desktop+0xa7e>
40807ee4:	b169                	c.j	40807b6e <cmd_desktop+0xfda>
40807ee6:	47c2                	c.lwsp	a5,16(sp)
40807ee8:	c8f053e3          	bge	zero,a5,40807b6e <cmd_desktop+0xfda>
40807eec:	fff78593          	addi	a1,a5,-1
40807ef0:	f22ff06f          	jal	zero,40807612 <cmd_desktop+0xa7e>
40807ef4:	5632                	c.lwsp	a2,44(sp)
40807ef6:	555557b7          	lui	a5,0x55555
40807efa:	55678793          	addi	a5,a5,1366 # 55555556 <_kern_stack_top+0x14cd9556>
40807efe:	02f617b3          	mulh	a5,a2,a5
40807f02:	41f65713          	srai	a4,a2,0x1f
40807f06:	ffe60693          	addi	a3,a2,-2
40807f0a:	8f99                	c.sub	a5,a4
40807f0c:	00179713          	slli	a4,a5,0x1
40807f10:	97ba                	c.add	a5,a4
40807f12:	aaf689e3          	beq	a3,a5,408079c4 <cmd_desktop+0xe30>
40807f16:	4791                	c.li	a5,4
40807f18:	e4c7c6e3          	blt	a5,a2,40807d64 <cmd_desktop+0x11d0>
40807f1c:	b3ad                	c.j	40807c86 <cmd_desktop+0x10f2>
40807f1e:	4781                	c.li	a5,0
40807f20:	b255                	c.j	408078c4 <cmd_desktop+0xd30>
40807f22:	40812737          	lui	a4,0x40812
40807f26:	b0c70713          	addi	a4,a4,-1268 # 40811b0c <_ZL9MENU_APPS>
40807f2a:	bf71                	c.j	40807ec6 <cmd_desktop+0x1332>

40807f2c <cmd_edit>:
40807f2c:	00054783          	lbu	a5,0(a0)
40807f30:	14078a63          	beq	a5,zero,40808084 <cmd_edit+0x158>
40807f34:	4080d5b7          	lui	a1,0x4080d
40807f38:	712d                	c.addi16sp	sp,-288
40807f3a:	ab458593          	addi	a1,a1,-1356 # 4080cab4 <_str_crlf+0x666>
40807f3e:	10812c23          	sw	s0,280(sp)
40807f42:	10112e23          	sw	ra,284(sp)
40807f46:	842a                	c.mv	s0,a0
40807f48:	8c3f80ef          	jal	ra,4080080a <k_strcmp>
40807f4c:	ed01                	c.bnez	a0,40807f64 <cmd_edit+0x38>
40807f4e:	11812403          	lw	s0,280(sp)
40807f52:	11c12083          	lw	ra,284(sp)
40807f56:	40810537          	lui	a0,0x40810
40807f5a:	23850513          	addi	a0,a0,568 # 40810238 <_str_crlf+0x3dea>
40807f5e:	6115                	c.addi16sp	sp,288
40807f60:	d1ff806f          	jal	zero,40800c7e <uart_puts>
40807f64:	85a2                	c.mv	a1,s0
40807f66:	850a                	c.mv	a0,sp
40807f68:	07f00613          	addi	a2,zero,127
40807f6c:	11312623          	sw	s3,268(sp)
40807f70:	11212823          	sw	s2,272(sp)
40807f74:	905f80ef          	jal	ra,40800878 <k_strncpy>
40807f78:	850a                	c.mv	a0,sp
40807f7a:	898a                	c.mv	s3,sp
40807f7c:	06010fa3          	sb	zero,127(sp)
40807f80:	871f80ef          	jal	ra,408007f0 <k_strlen>
40807f84:	02a05163          	bge	zero,a0,40807fa6 <cmd_edit+0x7a>
40807f88:	950a                	c.add	a0,sp
40807f8a:	02000713          	addi	a4,zero,32
40807f8e:	46a5                	c.li	a3,9
40807f90:	fff54783          	lbu	a5,-1(a0)
40807f94:	00e78463          	beq	a5,a4,40807f9c <cmd_edit+0x70>
40807f98:	00d79763          	bne	a5,a3,40807fa6 <cmd_edit+0x7a>
40807f9c:	fe050fa3          	sb	zero,-1(a0)
40807fa0:	157d                	c.addi	a0,-1
40807fa2:	fea997e3          	bne	s3,a0,40807f90 <cmd_edit+0x64>
40807fa6:	40810537          	lui	a0,0x40810
40807faa:	85ce                	c.mv	a1,s3
40807fac:	2c450513          	addi	a0,a0,708 # 408102c4 <_str_crlf+0x3e76>
40807fb0:	dc9f80ef          	jal	ra,40800d78 <kprintf>
40807fb4:	40810537          	lui	a0,0x40810
40807fb8:	2d450513          	addi	a0,a0,724 # 408102d4 <_str_crlf+0x3e86>
40807fbc:	cc3f80ef          	jal	ra,40800c7e <uart_puts>
40807fc0:	40810537          	lui	a0,0x40810
40807fc4:	30050513          	addi	a0,a0,768 # 40810300 <_str_crlf+0x3eb2>
40807fc8:	cb7f80ef          	jal	ra,40800c7e <uart_puts>
40807fcc:	6505                	c.lui	a0,0x1
40807fce:	f31fb0ef          	jal	ra,40803efe <mm_alloc>
40807fd2:	892a                	c.mv	s2,a0
40807fd4:	10050b63          	beq	a0,zero,408080ea <cmd_edit+0x1be>
40807fd8:	10912a23          	sw	s1,276(sp)
40807fdc:	11412423          	sw	s4,264(sp)
40807fe0:	11512223          	sw	s5,260(sp)
40807fe4:	6a05                	c.lui	s4,0x1
40807fe6:	00050023          	sb	zero,0(a0) # 1000 <_kernel_start-0x407ff000>
40807fea:	f7fa0a13          	addi	s4,s4,-129 # f7f <_kernel_start-0x407ff081>
40807fee:	4481                	c.li	s1,0
40807ff0:	4aa9                	c.li	s5,10
40807ff2:	08000593          	addi	a1,zero,128
40807ff6:	00b10533          	add	a0,sp,a1
40807ffa:	d44fa0ef          	jal	ra,4080253e <console_readline>
40807ffe:	08014783          	lbu	a5,128(sp)
40808002:	0108                	c.addi4spn	a0,sp,128
40808004:	c79d                	c.beqz	a5,40808032 <cmd_edit+0x106>
40808006:	feaf80ef          	jal	ra,408007f0 <k_strlen>
4080800a:	842a                	c.mv	s0,a0
4080800c:	862a                	c.mv	a2,a0
4080800e:	010c                	c.addi4spn	a1,sp,128
40808010:	00990533          	add	a0,s2,s1
40808014:	8b1f80ef          	jal	ra,408008c4 <k_memcpy>
40808018:	9426                	c.add	s0,s1
4080801a:	008907b3          	add	a5,s2,s0
4080801e:	00140493          	addi	s1,s0,1
40808022:	01578023          	sb	s5,0(a5)
40808026:	009907b3          	add	a5,s2,s1
4080802a:	00078023          	sb	zero,0(a5)
4080802e:	fc9a52e3          	bge	s4,s1,40807ff2 <cmd_edit+0xc6>
40808032:	854e                	c.mv	a0,s3
40808034:	87ffc0ef          	jal	ra,408048b2 <vfs_exists>
40808038:	e509                	c.bnez	a0,40808042 <cmd_edit+0x116>
4080803a:	854e                	c.mv	a0,s3
4080803c:	b50fc0ef          	jal	ra,4080438c <vfs_mkfile>
40808040:	e151                	c.bnez	a0,408080c4 <cmd_edit+0x198>
40808042:	854e                	c.mv	a0,s3
40808044:	8626                	c.mv	a2,s1
40808046:	85ca                	c.mv	a1,s2
40808048:	d76fc0ef          	jal	ra,408045be <vfs_write>
4080804c:	842a                	c.mv	s0,a0
4080804e:	854a                	c.mv	a0,s2
40808050:	ef9fb0ef          	jal	ra,40803f48 <mm_free>
40808054:	ec15                	c.bnez	s0,40808090 <cmd_edit+0x164>
40808056:	40810537          	lui	a0,0x40810
4080805a:	85a6                	c.mv	a1,s1
4080805c:	36050513          	addi	a0,a0,864 # 40810360 <_str_crlf+0x3f12>
40808060:	d19f80ef          	jal	ra,40800d78 <kprintf>
40808064:	11412483          	lw	s1,276(sp)
40808068:	10812a03          	lw	s4,264(sp)
4080806c:	10412a83          	lw	s5,260(sp)
40808070:	11c12083          	lw	ra,284(sp)
40808074:	11812403          	lw	s0,280(sp)
40808078:	11012903          	lw	s2,272(sp)
4080807c:	10c12983          	lw	s3,268(sp)
40808080:	6115                	c.addi16sp	sp,288
40808082:	8082                	c.jr	ra
40808084:	40810537          	lui	a0,0x40810
40808088:	23850513          	addi	a0,a0,568 # 40810238 <_str_crlf+0x3dea>
4080808c:	bf3f806f          	jal	zero,40800c7e <uart_puts>
40808090:	8522                	c.mv	a0,s0
40808092:	ad4fc0ef          	jal	ra,40804366 <kerr_str>
40808096:	85aa                	c.mv	a1,a0
40808098:	40810537          	lui	a0,0x40810
4080809c:	34850513          	addi	a0,a0,840 # 40810348 <_str_crlf+0x3efa>
408080a0:	cd9f80ef          	jal	ra,40800d78 <kprintf>
408080a4:	11c12083          	lw	ra,284(sp)
408080a8:	11812403          	lw	s0,280(sp)
408080ac:	11412483          	lw	s1,276(sp)
408080b0:	10812a03          	lw	s4,264(sp)
408080b4:	10412a83          	lw	s5,260(sp)
408080b8:	11012903          	lw	s2,272(sp)
408080bc:	10c12983          	lw	s3,268(sp)
408080c0:	6115                	c.addi16sp	sp,288
408080c2:	8082                	c.jr	ra
408080c4:	aa2fc0ef          	jal	ra,40804366 <kerr_str>
408080c8:	85aa                	c.mv	a1,a0
408080ca:	40810537          	lui	a0,0x40810
408080ce:	32850513          	addi	a0,a0,808 # 40810328 <_str_crlf+0x3eda>
408080d2:	ca7f80ef          	jal	ra,40800d78 <kprintf>
408080d6:	854a                	c.mv	a0,s2
408080d8:	e71fb0ef          	jal	ra,40803f48 <mm_free>
408080dc:	11412483          	lw	s1,276(sp)
408080e0:	10812a03          	lw	s4,264(sp)
408080e4:	10412a83          	lw	s5,260(sp)
408080e8:	b761                	c.j	40808070 <cmd_edit+0x144>
408080ea:	40810537          	lui	a0,0x40810
408080ee:	31050513          	addi	a0,a0,784 # 40810310 <_str_crlf+0x3ec2>
408080f2:	b8df80ef          	jal	ra,40800c7e <uart_puts>
408080f6:	bfad                	c.j	40808070 <cmd_edit+0x144>

408080f8 <_ZL7cu_atoiPKcPS0_>:
408080f8:	87aa                	c.mv	a5,a0
408080fa:	02000693          	addi	a3,zero,32
408080fe:	4625                	c.li	a2,9
40808100:	0007c703          	lbu	a4,0(a5)
40808104:	00d70463          	beq	a4,a3,4080810c <_ZL7cu_atoiPKcPS0_+0x14>
40808108:	00c71463          	bne	a4,a2,40808110 <_ZL7cu_atoiPKcPS0_+0x18>
4080810c:	0785                	c.addi	a5,1
4080810e:	bfcd                	c.j	40808100 <_ZL7cu_atoiPKcPS0_+0x8>
40808110:	02d00693          	addi	a3,zero,45
40808114:	04d70f63          	beq	a4,a3,40808172 <_ZL7cu_atoiPKcPS0_+0x7a>
40808118:	02b00693          	addi	a3,zero,43
4080811c:	4505                	c.li	a0,1
4080811e:	02d70e63          	beq	a4,a3,4080815a <_ZL7cu_atoiPKcPS0_+0x62>
40808122:	fd070613          	addi	a2,a4,-48
40808126:	0ff67713          	andi	a4,a2,255
4080812a:	48a5                	c.li	a7,9
4080812c:	04e8e163          	bltu	a7,a4,4080816e <_ZL7cu_atoiPKcPS0_+0x76>
40808130:	4801                	c.li	a6,0
40808132:	00281693          	slli	a3,a6,0x2
40808136:	0017c703          	lbu	a4,1(a5)
4080813a:	96c2                	c.add	a3,a6
4080813c:	0686                	c.slli	a3,0x1
4080813e:	00d60833          	add	a6,a2,a3
40808142:	fd070613          	addi	a2,a4,-48
40808146:	0ff67713          	andi	a4,a2,255
4080814a:	0785                	c.addi	a5,1
4080814c:	fee8f3e3          	bgeu	a7,a4,40808132 <_ZL7cu_atoiPKcPS0_+0x3a>
40808150:	03050533          	mul	a0,a0,a6
40808154:	c191                	c.beqz	a1,40808158 <_ZL7cu_atoiPKcPS0_+0x60>
40808156:	c19c                	c.sw	a5,0(a1)
40808158:	8082                	c.jr	ra
4080815a:	0017c703          	lbu	a4,1(a5)
4080815e:	48a5                	c.li	a7,9
40808160:	97aa                	c.add	a5,a0
40808162:	fd070613          	addi	a2,a4,-48
40808166:	0ff67713          	andi	a4,a2,255
4080816a:	fce8f3e3          	bgeu	a7,a4,40808130 <_ZL7cu_atoiPKcPS0_+0x38>
4080816e:	4501                	c.li	a0,0
40808170:	b7d5                	c.j	40808154 <_ZL7cu_atoiPKcPS0_+0x5c>
40808172:	0017c703          	lbu	a4,1(a5)
40808176:	557d                	c.li	a0,-1
40808178:	0785                	c.addi	a5,1
4080817a:	b765                	c.j	40808122 <_ZL7cu_atoiPKcPS0_+0x2a>

4080817c <_ZL7cu_arg1PKcPci>:
4080817c:	1141                	c.addi	sp,-16
4080817e:	c422                	c.swsp	s0,8(sp)
40808180:	842e                	c.mv	s0,a1
40808182:	c226                	c.swsp	s1,4(sp)
40808184:	85aa                	c.mv	a1,a0
40808186:	84b2                	c.mv	s1,a2
40808188:	8522                	c.mv	a0,s0
4080818a:	167d                	c.addi	a2,-1
4080818c:	c606                	c.swsp	ra,12(sp)
4080818e:	94a2                	c.add	s1,s0
40808190:	ee8f80ef          	jal	ra,40800878 <k_strncpy>
40808194:	8522                	c.mv	a0,s0
40808196:	fe048fa3          	sb	zero,-1(s1)
4080819a:	e56f80ef          	jal	ra,408007f0 <k_strlen>
4080819e:	02a05663          	bge	zero,a0,408081ca <_ZL7cu_arg1PKcPci+0x4e>
408081a2:	fff50793          	addi	a5,a0,-1
408081a6:	97a2                	c.add	a5,s0
408081a8:	02000613          	addi	a2,zero,32
408081ac:	45a5                	c.li	a1,9
408081ae:	a011                	c.j	408081b2 <_ZL7cu_arg1PKcPci+0x36>
408081b0:	87b6                	c.mv	a5,a3
408081b2:	0007c703          	lbu	a4,0(a5)
408081b6:	fff78693          	addi	a3,a5,-1
408081ba:	00c70463          	beq	a4,a2,408081c2 <_ZL7cu_arg1PKcPci+0x46>
408081be:	00b71663          	bne	a4,a1,408081ca <_ZL7cu_arg1PKcPci+0x4e>
408081c2:	00078023          	sb	zero,0(a5)
408081c6:	fef415e3          	bne	s0,a5,408081b0 <_ZL7cu_arg1PKcPci+0x34>
408081ca:	40b2                	c.lwsp	ra,12(sp)
408081cc:	4422                	c.lwsp	s0,8(sp)
408081ce:	4492                	c.lwsp	s1,4(sp)
408081d0:	0141                	c.addi	sp,16
408081d2:	8082                	c.jr	ra

408081d4 <_ZL11calc_factorv>:
408081d4:	1101                	c.addi	sp,-32
408081d6:	ca26                	c.swsp	s1,20(sp)
408081d8:	4081a4b7          	lui	s1,0x4081a
408081dc:	cc22                	c.swsp	s0,24(sp)
408081de:	4544a503          	lw	a0,1108(s1) # 4081a454 <_ZL8g_calc_p>
408081e2:	ce06                	c.swsp	ra,28(sp)
408081e4:	4681                	c.li	a3,0
408081e6:	4405                	c.li	s0,1
408081e8:	02000713          	addi	a4,zero,32
408081ec:	4625                	c.li	a2,9
408081ee:	02800593          	addi	a1,zero,40
408081f2:	02d00813          	addi	a6,zero,45
408081f6:	a019                	c.j	408081fc <_ZL11calc_factorv+0x28>
408081f8:	0505                	c.addi	a0,1
408081fa:	4685                	c.li	a3,1
408081fc:	00054783          	lbu	a5,0(a0)
40808200:	fee78ce3          	beq	a5,a4,408081f8 <_ZL11calc_factorv+0x24>
40808204:	fec78ae3          	beq	a5,a2,408081f8 <_ZL11calc_factorv+0x24>
40808208:	00b78963          	beq	a5,a1,4080821a <_ZL11calc_factorv+0x46>
4080820c:	05079d63          	bne	a5,a6,40808266 <_ZL11calc_factorv+0x92>
40808210:	0505                	c.addi	a0,1
40808212:	40800433          	sub	s0,zero,s0
40808216:	4685                	c.li	a3,1
40808218:	b7d5                	c.j	408081fc <_ZL11calc_factorv+0x28>
4080821a:	0505                	c.addi	a0,1
4080821c:	44a4aa23          	sw	a0,1108(s1)
40808220:	2a19                	c.jal	40808336 <_ZL9calc_exprv>
40808222:	4544a783          	lw	a5,1108(s1)
40808226:	4681                	c.li	a3,0
40808228:	02000613          	addi	a2,zero,32
4080822c:	45a5                	c.li	a1,9
4080822e:	a019                	c.j	40808234 <_ZL11calc_factorv+0x60>
40808230:	0785                	c.addi	a5,1
40808232:	4685                	c.li	a3,1
40808234:	0007c703          	lbu	a4,0(a5)
40808238:	fec70ce3          	beq	a4,a2,40808230 <_ZL11calc_factorv+0x5c>
4080823c:	feb70ae3          	beq	a4,a1,40808230 <_ZL11calc_factorv+0x5c>
40808240:	c299                	c.beqz	a3,40808246 <_ZL11calc_factorv+0x72>
40808242:	44f4aa23          	sw	a5,1108(s1)
40808246:	02900693          	addi	a3,zero,41
4080824a:	04d70363          	beq	a4,a3,40808290 <_ZL11calc_factorv+0xbc>
4080824e:	02a40533          	mul	a0,s0,a0
40808252:	4081a7b7          	lui	a5,0x4081a
40808256:	4705                	c.li	a4,1
40808258:	44e7a823          	sw	a4,1104(a5) # 4081a450 <_ZL10g_calc_err>
4080825c:	40f2                	c.lwsp	ra,28(sp)
4080825e:	4462                	c.lwsp	s0,24(sp)
40808260:	44d2                	c.lwsp	s1,20(sp)
40808262:	6105                	c.addi16sp	sp,32
40808264:	8082                	c.jr	ra
40808266:	c299                	c.beqz	a3,4080826c <_ZL11calc_factorv+0x98>
40808268:	44a4aa23          	sw	a0,1108(s1)
4080826c:	fd078793          	addi	a5,a5,-48
40808270:	0ff7f793          	andi	a5,a5,255
40808274:	4725                	c.li	a4,9
40808276:	02f77363          	bgeu	a4,a5,4080829c <_ZL11calc_factorv+0xc8>
4080827a:	4081a7b7          	lui	a5,0x4081a
4080827e:	4705                	c.li	a4,1
40808280:	44e7a823          	sw	a4,1104(a5) # 4081a450 <_ZL10g_calc_err>
40808284:	4501                	c.li	a0,0
40808286:	40f2                	c.lwsp	ra,28(sp)
40808288:	4462                	c.lwsp	s0,24(sp)
4080828a:	44d2                	c.lwsp	s1,20(sp)
4080828c:	6105                	c.addi16sp	sp,32
4080828e:	8082                	c.jr	ra
40808290:	0785                	c.addi	a5,1
40808292:	02a40533          	mul	a0,s0,a0
40808296:	44f4aa23          	sw	a5,1108(s1)
4080829a:	b7c9                	c.j	4080825c <_ZL11calc_factorv+0x88>
4080829c:	006c                	c.addi4spn	a1,sp,12
4080829e:	3da9                	c.jal	408080f8 <_ZL7cu_atoiPKcPS0_>
408082a0:	47b2                	c.lwsp	a5,12(sp)
408082a2:	02a40533          	mul	a0,s0,a0
408082a6:	44f4aa23          	sw	a5,1108(s1)
408082aa:	bff1                	c.j	40808286 <_ZL11calc_factorv+0xb2>

408082ac <_ZL9calc_termv>:
408082ac:	1101                	c.addi	sp,-32
408082ae:	cc22                	c.swsp	s0,24(sp)
408082b0:	ca26                	c.swsp	s1,20(sp)
408082b2:	c84a                	c.swsp	s2,16(sp)
408082b4:	c64e                	c.swsp	s3,12(sp)
408082b6:	c452                	c.swsp	s4,8(sp)
408082b8:	c256                	c.swsp	s5,4(sp)
408082ba:	ce06                	c.swsp	ra,28(sp)
408082bc:	3f21                	c.jal	408081d4 <_ZL11calc_factorv>
408082be:	892a                	c.mv	s2,a0
408082c0:	4081aab7          	lui	s5,0x4081a
408082c4:	02000413          	addi	s0,zero,32
408082c8:	44a5                	c.li	s1,9
408082ca:	02a00993          	addi	s3,zero,42
408082ce:	02f00a13          	addi	s4,zero,47
408082d2:	454aa783          	lw	a5,1108(s5) # 4081a454 <_ZL8g_calc_p>
408082d6:	4681                	c.li	a3,0
408082d8:	a019                	c.j	408082de <_ZL9calc_termv+0x32>
408082da:	0785                	c.addi	a5,1
408082dc:	4685                	c.li	a3,1
408082de:	0007c703          	lbu	a4,0(a5)
408082e2:	fe870ce3          	beq	a4,s0,408082da <_ZL9calc_termv+0x2e>
408082e6:	fe970ae3          	beq	a4,s1,408082da <_ZL9calc_termv+0x2e>
408082ea:	c299                	c.beqz	a3,408082f0 <_ZL9calc_termv+0x44>
408082ec:	44faaa23          	sw	a5,1108(s5)
408082f0:	01370c63          	beq	a4,s3,40808308 <_ZL9calc_termv+0x5c>
408082f4:	03471763          	bne	a4,s4,40808322 <_ZL9calc_termv+0x76>
408082f8:	0785                	c.addi	a5,1
408082fa:	44faaa23          	sw	a5,1108(s5)
408082fe:	3dd9                	c.jal	408081d4 <_ZL11calc_factorv>
40808300:	c919                	c.beqz	a0,40808316 <_ZL9calc_termv+0x6a>
40808302:	02a94933          	div	s2,s2,a0
40808306:	b7f1                	c.j	408082d2 <_ZL9calc_termv+0x26>
40808308:	0785                	c.addi	a5,1
4080830a:	44faaa23          	sw	a5,1108(s5)
4080830e:	35d9                	c.jal	408081d4 <_ZL11calc_factorv>
40808310:	02a90933          	mul	s2,s2,a0
40808314:	bf7d                	c.j	408082d2 <_ZL9calc_termv+0x26>
40808316:	4081a7b7          	lui	a5,0x4081a
4080831a:	4705                	c.li	a4,1
4080831c:	44e7a823          	sw	a4,1104(a5) # 4081a450 <_ZL10g_calc_err>
40808320:	4901                	c.li	s2,0
40808322:	40f2                	c.lwsp	ra,28(sp)
40808324:	4462                	c.lwsp	s0,24(sp)
40808326:	44d2                	c.lwsp	s1,20(sp)
40808328:	49b2                	c.lwsp	s3,12(sp)
4080832a:	4a22                	c.lwsp	s4,8(sp)
4080832c:	4a92                	c.lwsp	s5,4(sp)
4080832e:	854a                	c.mv	a0,s2
40808330:	4942                	c.lwsp	s2,16(sp)
40808332:	6105                	c.addi16sp	sp,32
40808334:	8082                	c.jr	ra

40808336 <_ZL9calc_exprv>:
40808336:	1101                	c.addi	sp,-32
40808338:	cc22                	c.swsp	s0,24(sp)
4080833a:	ca26                	c.swsp	s1,20(sp)
4080833c:	c84a                	c.swsp	s2,16(sp)
4080833e:	c64e                	c.swsp	s3,12(sp)
40808340:	c452                	c.swsp	s4,8(sp)
40808342:	c256                	c.swsp	s5,4(sp)
40808344:	ce06                	c.swsp	ra,28(sp)
40808346:	379d                	c.jal	408082ac <_ZL9calc_termv>
40808348:	89aa                	c.mv	s3,a0
4080834a:	4081a937          	lui	s2,0x4081a
4080834e:	02000413          	addi	s0,zero,32
40808352:	44a5                	c.li	s1,9
40808354:	02b00a13          	addi	s4,zero,43
40808358:	02d00a93          	addi	s5,zero,45
4080835c:	45492783          	lw	a5,1108(s2) # 4081a454 <_ZL8g_calc_p>
40808360:	4681                	c.li	a3,0
40808362:	a019                	c.j	40808368 <_ZL9calc_exprv+0x32>
40808364:	0785                	c.addi	a5,1
40808366:	4685                	c.li	a3,1
40808368:	0007c703          	lbu	a4,0(a5)
4080836c:	fe870ce3          	beq	a4,s0,40808364 <_ZL9calc_exprv+0x2e>
40808370:	fe970ae3          	beq	a4,s1,40808364 <_ZL9calc_exprv+0x2e>
40808374:	c299                	c.beqz	a3,4080837a <_ZL9calc_exprv+0x44>
40808376:	44f92a23          	sw	a5,1108(s2)
4080837a:	01470b63          	beq	a4,s4,40808390 <_ZL9calc_exprv+0x5a>
4080837e:	01571f63          	bne	a4,s5,4080839c <_ZL9calc_exprv+0x66>
40808382:	0785                	c.addi	a5,1
40808384:	44f92a23          	sw	a5,1108(s2)
40808388:	3715                	c.jal	408082ac <_ZL9calc_termv>
4080838a:	40a989b3          	sub	s3,s3,a0
4080838e:	b7f9                	c.j	4080835c <_ZL9calc_exprv+0x26>
40808390:	0785                	c.addi	a5,1
40808392:	44f92a23          	sw	a5,1108(s2)
40808396:	3f19                	c.jal	408082ac <_ZL9calc_termv>
40808398:	99aa                	c.add	s3,a0
4080839a:	b7c9                	c.j	4080835c <_ZL9calc_exprv+0x26>
4080839c:	40f2                	c.lwsp	ra,28(sp)
4080839e:	4462                	c.lwsp	s0,24(sp)
408083a0:	44d2                	c.lwsp	s1,20(sp)
408083a2:	4942                	c.lwsp	s2,16(sp)
408083a4:	4a22                	c.lwsp	s4,8(sp)
408083a6:	4a92                	c.lwsp	s5,4(sp)
408083a8:	854e                	c.mv	a0,s3
408083aa:	49b2                	c.lwsp	s3,12(sp)
408083ac:	6105                	c.addi16sp	sp,32
408083ae:	8082                	c.jr	ra

408083b0 <_Z7cmd_catPKc>:
408083b0:	00054783          	lbu	a5,0(a0)
408083b4:	cfcd                	c.beqz	a5,4080846e <_Z7cmd_catPKc+0xbe>
408083b6:	4080d5b7          	lui	a1,0x4080d
408083ba:	7135                	c.addi16sp	sp,-160
408083bc:	ab458593          	addi	a1,a1,-1356 # 4080cab4 <_str_crlf+0x666>
408083c0:	cd22                	c.swsp	s0,152(sp)
408083c2:	cf06                	c.swsp	ra,156(sp)
408083c4:	cb26                	c.swsp	s1,148(sp)
408083c6:	c94a                	c.swsp	s2,144(sp)
408083c8:	c74e                	c.swsp	s3,140(sp)
408083ca:	c552                	c.swsp	s4,136(sp)
408083cc:	842a                	c.mv	s0,a0
408083ce:	c3cf80ef          	jal	ra,4080080a <k_strcmp>
408083d2:	c149                	c.beqz	a0,40808454 <_Z7cmd_catPKc+0xa4>
408083d4:	8522                	c.mv	a0,s0
408083d6:	858a                	c.mv	a1,sp
408083d8:	08000613          	addi	a2,zero,128
408083dc:	3345                	c.jal	4080817c <_ZL7cu_arg1PKcPci>
408083de:	40819437          	lui	s0,0x40819
408083e2:	850a                	c.mv	a0,sp
408083e4:	89840593          	addi	a1,s0,-1896 # 40818898 <_ZZ7cmd_catPKcE3buf>
408083e8:	6605                	c.lui	a2,0x1
408083ea:	b48fc0ef          	jal	ra,40804732 <vfs_read>
408083ee:	89aa                	c.mv	s3,a0
408083f0:	08054563          	blt	a0,zero,4080847a <_Z7cmd_catPKc+0xca>
408083f4:	89840a13          	addi	s4,s0,-1896
408083f8:	00aa0933          	add	s2,s4,a0
408083fc:	89840413          	addi	s0,s0,-1896
40808400:	44a9                	c.li	s1,10
40808402:	e519                	c.bnez	a0,40808410 <_Z7cmd_catPKc+0x60>
40808404:	a815                	c.j	40808438 <_Z7cmd_catPKc+0x88>
40808406:	0405                	c.addi	s0,1
40808408:	cd4f80ef          	jal	ra,408008dc <uart_putc>
4080840c:	03240063          	beq	s0,s2,4080842c <_Z7cmd_catPKc+0x7c>
40808410:	00044503          	lbu	a0,0(s0)
40808414:	fe9519e3          	bne	a0,s1,40808406 <_Z7cmd_catPKc+0x56>
40808418:	4535                	c.li	a0,13
4080841a:	cc2f80ef          	jal	ra,408008dc <uart_putc>
4080841e:	00044503          	lbu	a0,0(s0)
40808422:	0405                	c.addi	s0,1
40808424:	cb8f80ef          	jal	ra,408008dc <uart_putc>
40808428:	ff2414e3          	bne	s0,s2,40808410 <_Z7cmd_catPKc+0x60>
4080842c:	9a4e                	c.add	s4,s3
4080842e:	fffa4703          	lbu	a4,-1(s4)
40808432:	47a9                	c.li	a5,10
40808434:	00f70863          	beq	a4,a5,40808444 <_Z7cmd_catPKc+0x94>
40808438:	40810537          	lui	a0,0x40810
4080843c:	bc450513          	addi	a0,a0,-1084 # 4080fbc4 <_str_crlf+0x3776>
40808440:	83ff80ef          	jal	ra,40800c7e <uart_puts>
40808444:	40fa                	c.lwsp	ra,156(sp)
40808446:	446a                	c.lwsp	s0,152(sp)
40808448:	44da                	c.lwsp	s1,148(sp)
4080844a:	494a                	c.lwsp	s2,144(sp)
4080844c:	49ba                	c.lwsp	s3,140(sp)
4080844e:	4a2a                	c.lwsp	s4,136(sp)
40808450:	610d                	c.addi16sp	sp,160
40808452:	8082                	c.jr	ra
40808454:	446a                	c.lwsp	s0,152(sp)
40808456:	40fa                	c.lwsp	ra,156(sp)
40808458:	44da                	c.lwsp	s1,148(sp)
4080845a:	494a                	c.lwsp	s2,144(sp)
4080845c:	49ba                	c.lwsp	s3,140(sp)
4080845e:	4a2a                	c.lwsp	s4,136(sp)
40808460:	40810537          	lui	a0,0x40810
40808464:	47450513          	addi	a0,a0,1140 # 40810474 <_str_crlf+0x4026>
40808468:	610d                	c.addi16sp	sp,160
4080846a:	815f806f          	jal	zero,40800c7e <uart_puts>
4080846e:	40810537          	lui	a0,0x40810
40808472:	47450513          	addi	a0,a0,1140 # 40810474 <_str_crlf+0x4026>
40808476:	809f806f          	jal	zero,40800c7e <uart_puts>
4080847a:	eedfb0ef          	jal	ra,40804366 <kerr_str>
4080847e:	862a                	c.mv	a2,a0
40808480:	40810537          	lui	a0,0x40810
40808484:	858a                	c.mv	a1,sp
40808486:	4a450513          	addi	a0,a0,1188 # 408104a4 <_str_crlf+0x4056>
4080848a:	8eff80ef          	jal	ra,40800d78 <kprintf>
4080848e:	bf5d                	c.j	40808444 <_Z7cmd_catPKc+0x94>

40808490 <_Z6cmd_rmPKc>:
40808490:	00054783          	lbu	a5,0(a0)
40808494:	c3b1                	c.beqz	a5,408084d8 <_Z6cmd_rmPKc+0x48>
40808496:	4080d5b7          	lui	a1,0x4080d
4080849a:	7175                	c.addi16sp	sp,-144
4080849c:	ab458593          	addi	a1,a1,-1356 # 4080cab4 <_str_crlf+0x666>
408084a0:	c522                	c.swsp	s0,136(sp)
408084a2:	c706                	c.swsp	ra,140(sp)
408084a4:	842a                	c.mv	s0,a0
408084a6:	b64f80ef          	jal	ra,4080080a <k_strcmp>
408084aa:	cd11                	c.beqz	a0,408084c6 <_Z6cmd_rmPKc+0x36>
408084ac:	8522                	c.mv	a0,s0
408084ae:	858a                	c.mv	a1,sp
408084b0:	08000613          	addi	a2,zero,128
408084b4:	31e1                	c.jal	4080817c <_ZL7cu_arg1PKcPci>
408084b6:	850a                	c.mv	a0,sp
408084b8:	f79fb0ef          	jal	ra,40804430 <vfs_delete>
408084bc:	e505                	c.bnez	a0,408084e4 <_Z6cmd_rmPKc+0x54>
408084be:	40ba                	c.lwsp	ra,140(sp)
408084c0:	442a                	c.lwsp	s0,136(sp)
408084c2:	6149                	c.addi16sp	sp,144
408084c4:	8082                	c.jr	ra
408084c6:	442a                	c.lwsp	s0,136(sp)
408084c8:	40ba                	c.lwsp	ra,140(sp)
408084ca:	40810537          	lui	a0,0x40810
408084ce:	4b450513          	addi	a0,a0,1204 # 408104b4 <_str_crlf+0x4066>
408084d2:	6149                	c.addi16sp	sp,144
408084d4:	faaf806f          	jal	zero,40800c7e <uart_puts>
408084d8:	40810537          	lui	a0,0x40810
408084dc:	4b450513          	addi	a0,a0,1204 # 408104b4 <_str_crlf+0x4066>
408084e0:	f9ef806f          	jal	zero,40800c7e <uart_puts>
408084e4:	e83fb0ef          	jal	ra,40804366 <kerr_str>
408084e8:	862a                	c.mv	a2,a0
408084ea:	40810537          	lui	a0,0x40810
408084ee:	858a                	c.mv	a1,sp
408084f0:	4e850513          	addi	a0,a0,1256 # 408104e8 <_str_crlf+0x409a>
408084f4:	885f80ef          	jal	ra,40800d78 <kprintf>
408084f8:	40ba                	c.lwsp	ra,140(sp)
408084fa:	442a                	c.lwsp	s0,136(sp)
408084fc:	6149                	c.addi16sp	sp,144
408084fe:	8082                	c.jr	ra

40808500 <_Z6cmd_cpPKc>:
40808500:	712d                	c.addi16sp	sp,-288
40808502:	10112e23          	sw	ra,284(sp)
40808506:	00054783          	lbu	a5,0(a0)
4080850a:	c3a1                	c.beqz	a5,4080854a <_Z6cmd_cpPKc+0x4a>
4080850c:	4080d5b7          	lui	a1,0x4080d
40808510:	ab458593          	addi	a1,a1,-1356 # 4080cab4 <_str_crlf+0x666>
40808514:	10812c23          	sw	s0,280(sp)
40808518:	842a                	c.mv	s0,a0
4080851a:	af0f80ef          	jal	ra,4080080a <k_strcmp>
4080851e:	c551                	c.beqz	a0,408085aa <_Z6cmd_cpPKc+0xaa>
40808520:	10912a23          	sw	s1,276(sp)
40808524:	11212823          	sw	s2,272(sp)
40808528:	02000713          	addi	a4,zero,32
4080852c:	46a5                	c.li	a3,9
4080852e:	00044783          	lbu	a5,0(s0)
40808532:	00e78463          	beq	a5,a4,4080853a <_Z6cmd_cpPKc+0x3a>
40808536:	02d79463          	bne	a5,a3,4080855e <_Z6cmd_cpPKc+0x5e>
4080853a:	0405                	c.addi	s0,1
4080853c:	bfcd                	c.j	4080852e <_Z6cmd_cpPKc+0x2e>
4080853e:	11812403          	lw	s0,280(sp)
40808542:	11412483          	lw	s1,276(sp)
40808546:	11012903          	lw	s2,272(sp)
4080854a:	40810537          	lui	a0,0x40810
4080854e:	4f850513          	addi	a0,a0,1272 # 408104f8 <_str_crlf+0x40aa>
40808552:	f2cf80ef          	jal	ra,40800c7e <uart_puts>
40808556:	11c12083          	lw	ra,284(sp)
4080855a:	6115                	c.addi16sp	sp,288
4080855c:	8082                	c.jr	ra
4080855e:	14078163          	beq	a5,zero,408086a0 <_Z6cmd_cpPKc+0x1a0>
40808562:	4681                	c.li	a3,0
40808564:	890a                	c.mv	s2,sp
40808566:	02000613          	addi	a2,zero,32
4080856a:	45a5                	c.li	a1,9
4080856c:	07f00513          	addi	a0,zero,127
40808570:	a029                	c.j	4080857a <_Z6cmd_cpPKc+0x7a>
40808572:	00b78f63          	beq	a5,a1,40808590 <_Z6cmd_cpPKc+0x90>
40808576:	0ca68763          	beq	a3,a0,40808644 <_Z6cmd_cpPKc+0x144>
4080857a:	0685                	c.addi	a3,1
4080857c:	0405                	c.addi	s0,1
4080857e:	00d90733          	add	a4,s2,a3
40808582:	fef70fa3          	sb	a5,-1(a4)
40808586:	00044783          	lbu	a5,0(s0)
4080858a:	c399                	c.beqz	a5,40808590 <_Z6cmd_cpPKc+0x90>
4080858c:	fec793e3          	bne	a5,a2,40808572 <_Z6cmd_cpPKc+0x72>
40808590:	00070023          	sb	zero,0(a4)
40808594:	4625                	c.li	a2,9
40808596:	02000713          	addi	a4,zero,32
4080859a:	00044783          	lbu	a5,0(s0)
4080859e:	00e78463          	beq	a5,a4,408085a6 <_Z6cmd_cpPKc+0xa6>
408085a2:	00c79763          	bne	a5,a2,408085b0 <_Z6cmd_cpPKc+0xb0>
408085a6:	0405                	c.addi	s0,1
408085a8:	bfcd                	c.j	4080859a <_Z6cmd_cpPKc+0x9a>
408085aa:	11812403          	lw	s0,280(sp)
408085ae:	bf71                	c.j	4080854a <_Z6cmd_cpPKc+0x4a>
408085b0:	4701                	c.li	a4,0
408085b2:	0104                	c.addi4spn	s1,sp,128
408085b4:	02000513          	addi	a0,zero,32
408085b8:	4825                	c.li	a6,9
408085ba:	07f00893          	addi	a7,zero,127
408085be:	e791                	c.bnez	a5,408085ca <_Z6cmd_cpPKc+0xca>
408085c0:	a0f9                	c.j	4080868e <_Z6cmd_cpPKc+0x18e>
408085c2:	03078063          	beq	a5,a6,408085e2 <_Z6cmd_cpPKc+0xe2>
408085c6:	01170e63          	beq	a4,a7,408085e2 <_Z6cmd_cpPKc+0xe2>
408085ca:	0705                	c.addi	a4,1
408085cc:	00e485b3          	add	a1,s1,a4
408085d0:	00e40633          	add	a2,s0,a4
408085d4:	fef58fa3          	sb	a5,-1(a1)
408085d8:	00064783          	lbu	a5,0(a2) # 1000 <_kernel_start-0x407ff000>
408085dc:	c399                	c.beqz	a5,408085e2 <_Z6cmd_cpPKc+0xe2>
408085de:	fea792e3          	bne	a5,a0,408085c2 <_Z6cmd_cpPKc+0xc2>
408085e2:	970a                	c.add	a4,sp
408085e4:	08070023          	sb	zero,128(a4)
408085e8:	dab9                	c.beqz	a3,4080853e <_Z6cmd_cpPKc+0x3e>
408085ea:	11312623          	sw	s3,268(sp)
408085ee:	408189b7          	lui	s3,0x40818
408085f2:	89898593          	addi	a1,s3,-1896 # 40817898 <_ZZ6cmd_cpPKcE3buf>
408085f6:	6605                	c.lui	a2,0x1
408085f8:	854a                	c.mv	a0,s2
408085fa:	938fc0ef          	jal	ra,40804732 <vfs_read>
408085fe:	842a                	c.mv	s0,a0
40808600:	04054e63          	blt	a0,zero,4080865c <_Z6cmd_cpPKc+0x15c>
40808604:	8526                	c.mv	a0,s1
40808606:	aacfc0ef          	jal	ra,408048b2 <vfs_exists>
4080860a:	e135                	c.bnez	a0,4080866e <_Z6cmd_cpPKc+0x16e>
4080860c:	8526                	c.mv	a0,s1
4080860e:	d7ffb0ef          	jal	ra,4080438c <vfs_mkfile>
40808612:	ed05                	c.bnez	a0,4080864a <_Z6cmd_cpPKc+0x14a>
40808614:	89898593          	addi	a1,s3,-1896
40808618:	8622                	c.mv	a2,s0
4080861a:	8526                	c.mv	a0,s1
4080861c:	fa3fb0ef          	jal	ra,408045be <vfs_write>
40808620:	e50d                	c.bnez	a0,4080864a <_Z6cmd_cpPKc+0x14a>
40808622:	40810537          	lui	a0,0x40810
40808626:	8626                	c.mv	a2,s1
40808628:	85a2                	c.mv	a1,s0
4080862a:	55050513          	addi	a0,a0,1360 # 40810550 <_str_crlf+0x4102>
4080862e:	f4af80ef          	jal	ra,40800d78 <kprintf>
40808632:	11812403          	lw	s0,280(sp)
40808636:	11412483          	lw	s1,276(sp)
4080863a:	11012903          	lw	s2,272(sp)
4080863e:	10c12983          	lw	s3,268(sp)
40808642:	bf11                	c.j	40808556 <_Z6cmd_cpPKc+0x56>
40808644:	07f10713          	addi	a4,sp,127
40808648:	b7a1                	c.j	40808590 <_Z6cmd_cpPKc+0x90>
4080864a:	d1dfb0ef          	jal	ra,40804366 <kerr_str>
4080864e:	862a                	c.mv	a2,a0
40808650:	40810537          	lui	a0,0x40810
40808654:	85a6                	c.mv	a1,s1
40808656:	52450513          	addi	a0,a0,1316 # 40810524 <_str_crlf+0x40d6>
4080865a:	bfd1                	c.j	4080862e <_Z6cmd_cpPKc+0x12e>
4080865c:	d0bfb0ef          	jal	ra,40804366 <kerr_str>
40808660:	862a                	c.mv	a2,a0
40808662:	40810537          	lui	a0,0x40810
40808666:	85ca                	c.mv	a1,s2
40808668:	52450513          	addi	a0,a0,1316 # 40810524 <_str_crlf+0x40d6>
4080866c:	b7c9                	c.j	4080862e <_Z6cmd_cpPKc+0x12e>
4080866e:	40810537          	lui	a0,0x40810
40808672:	85a6                	c.mv	a1,s1
40808674:	53450513          	addi	a0,a0,1332 # 40810534 <_str_crlf+0x40e6>
40808678:	f00f80ef          	jal	ra,40800d78 <kprintf>
4080867c:	11812403          	lw	s0,280(sp)
40808680:	11412483          	lw	s1,276(sp)
40808684:	11012903          	lw	s2,272(sp)
40808688:	10c12983          	lw	s3,268(sp)
4080868c:	b5e9                	c.j	40808556 <_Z6cmd_cpPKc+0x56>
4080868e:	11812403          	lw	s0,280(sp)
40808692:	11412483          	lw	s1,276(sp)
40808696:	11012903          	lw	s2,272(sp)
4080869a:	08010023          	sb	zero,128(sp)
4080869e:	b575                	c.j	4080854a <_Z6cmd_cpPKc+0x4a>
408086a0:	890a                	c.mv	s2,sp
408086a2:	870a                	c.mv	a4,sp
408086a4:	4681                	c.li	a3,0
408086a6:	b5ed                	c.j	40808590 <_Z6cmd_cpPKc+0x90>

408086a8 <_Z9cmd_clearPKc>:
408086a8:	4080f537          	lui	a0,0x4080f
408086ac:	b5050513          	addi	a0,a0,-1200 # 4080eb50 <_str_crlf+0x2702>
408086b0:	dcef806f          	jal	zero,40800c7e <uart_puts>

408086b4 <_Z10cmd_whoamiPKc>:
408086b4:	4081a7b7          	lui	a5,0x4081a
408086b8:	41c7a783          	lw	a5,1052(a5) # 4081a41c <g_user_level>
408086bc:	ef99                	c.bnez	a5,408086da <_Z10cmd_whoamiPKc+0x26>
408086be:	4080e637          	lui	a2,0x4080e
408086c2:	408125b7          	lui	a1,0x40812
408086c6:	40810537          	lui	a0,0x40810
408086ca:	1a460613          	addi	a2,a2,420 # 4080e1a4 <_str_crlf+0x1d56>
408086ce:	28858593          	addi	a1,a1,648 # 40812288 <g_username>
408086d2:	56c50513          	addi	a0,a0,1388 # 4081056c <_str_crlf+0x411e>
408086d6:	ea2f806f          	jal	zero,40800d78 <kprintf>
408086da:	4080e637          	lui	a2,0x4080e
408086de:	408125b7          	lui	a1,0x40812
408086e2:	40810537          	lui	a0,0x40810
408086e6:	33060613          	addi	a2,a2,816 # 4080e330 <_str_crlf+0x1ee2>
408086ea:	28858593          	addi	a1,a1,648 # 40812288 <g_username>
408086ee:	56c50513          	addi	a0,a0,1388 # 4081056c <_str_crlf+0x411e>
408086f2:	e86f806f          	jal	zero,40800d78 <kprintf>

408086f6 <_Z8cmd_freePKc>:
408086f6:	1101                	c.addi	sp,-32
408086f8:	ce06                	c.swsp	ra,28(sp)
408086fa:	cc22                	c.swsp	s0,24(sp)
408086fc:	ca26                	c.swsp	s1,20(sp)
408086fe:	c84a                	c.swsp	s2,16(sp)
40808700:	8a9fb0ef          	jal	ra,40803fa8 <mm_total_bytes>
40808704:	842a                	c.mv	s0,a0
40808706:	887fb0ef          	jal	ra,40803f8c <mm_free_bytes>
4080870a:	408107b7          	lui	a5,0x40810
4080870e:	84aa                	c.mv	s1,a0
40808710:	57878513          	addi	a0,a5,1400 # 40810578 <_str_crlf+0x412a>
40808714:	d6af80ef          	jal	ra,40800c7e <uart_puts>
40808718:	40940933          	sub	s2,s0,s1
4080871c:	40810537          	lui	a0,0x40810
40808720:	86a6                	c.mv	a3,s1
40808722:	864a                	c.mv	a2,s2
40808724:	85a2                	c.mv	a1,s0
40808726:	5a450513          	addi	a0,a0,1444 # 408105a4 <_str_crlf+0x4156>
4080872a:	e4ef80ef          	jal	ra,40800d78 <kprintf>
4080872e:	006c                	c.addi4spn	a1,sp,12
40808730:	0028                	c.addi4spn	a0,sp,8
40808732:	c402                	c.swsp	zero,8(sp)
40808734:	c602                	c.swsp	zero,12(sp)
40808736:	8affb0ef          	jal	ra,40803fe4 <mm_swap_info>
4080873a:	45a2                	c.lwsp	a1,8(sp)
4080873c:	e599                	c.bnez	a1,4080874a <_Z8cmd_freePKc+0x54>
4080873e:	40f2                	c.lwsp	ra,28(sp)
40808740:	4462                	c.lwsp	s0,24(sp)
40808742:	44d2                	c.lwsp	s1,20(sp)
40808744:	4942                	c.lwsp	s2,16(sp)
40808746:	6105                	c.addi16sp	sp,32
40808748:	8082                	c.jr	ra
4080874a:	4632                	c.lwsp	a2,12(sp)
4080874c:	40810537          	lui	a0,0x40810
40808750:	5bc50513          	addi	a0,a0,1468 # 408105bc <_str_crlf+0x416e>
40808754:	40c586b3          	sub	a3,a1,a2
40808758:	e20f80ef          	jal	ra,40800d78 <kprintf>
4080875c:	40f2                	c.lwsp	ra,28(sp)
4080875e:	4462                	c.lwsp	s0,24(sp)
40808760:	44d2                	c.lwsp	s1,20(sp)
40808762:	4942                	c.lwsp	s2,16(sp)
40808764:	6105                	c.addi16sp	sp,32
40808766:	8082                	c.jr	ra

40808768 <_Z11cmd_hexdumpPKc>:
40808768:	00054783          	lbu	a5,0(a0)
4080876c:	14078163          	beq	a5,zero,408088ae <_Z11cmd_hexdumpPKc+0x146>
40808770:	4080d5b7          	lui	a1,0x4080d
40808774:	7131                	c.addi16sp	sp,-192
40808776:	ab458593          	addi	a1,a1,-1356 # 4080cab4 <_str_crlf+0x666>
4080877a:	dd22                	c.swsp	s0,184(sp)
4080877c:	df06                	c.swsp	ra,188(sp)
4080877e:	db26                	c.swsp	s1,180(sp)
40808780:	d94a                	c.swsp	s2,176(sp)
40808782:	d74e                	c.swsp	s3,172(sp)
40808784:	d552                	c.swsp	s4,168(sp)
40808786:	d356                	c.swsp	s5,164(sp)
40808788:	d15a                	c.swsp	s6,160(sp)
4080878a:	cf5e                	c.swsp	s7,156(sp)
4080878c:	cd62                	c.swsp	s8,152(sp)
4080878e:	cb66                	c.swsp	s9,148(sp)
40808790:	c96a                	c.swsp	s10,144(sp)
40808792:	c76e                	c.swsp	s11,140(sp)
40808794:	842a                	c.mv	s0,a0
40808796:	874f80ef          	jal	ra,4080080a <k_strcmp>
4080879a:	0e050663          	beq	a0,zero,40808886 <_Z11cmd_hexdumpPKc+0x11e>
4080879e:	8522                	c.mv	a0,s0
408087a0:	858a                	c.mv	a1,sp
408087a2:	08000613          	addi	a2,zero,128
408087a6:	3ad9                	c.jal	4080817c <_ZL7cu_arg1PKcPci>
408087a8:	40817c37          	lui	s8,0x40817
408087ac:	850a                	c.mv	a0,sp
408087ae:	898c0593          	addi	a1,s8,-1896 # 40816898 <_ZZ11cmd_hexdumpPKcE3buf>
408087b2:	6605                	c.lui	a2,0x1
408087b4:	f7ffb0ef          	jal	ra,40804732 <vfs_read>
408087b8:	892a                	c.mv	s2,a0
408087ba:	10054063          	blt	a0,zero,408088ba <_Z11cmd_hexdumpPKc+0x152>
408087be:	cd51                	c.beqz	a0,4080885a <_Z11cmd_hexdumpPKc+0xf2>
408087c0:	898c0c13          	addi	s8,s8,-1896
408087c4:	49c1                	c.li	s3,16
408087c6:	4b81                	c.li	s7,0
408087c8:	40810db7          	lui	s11,0x40810
408087cc:	40810d37          	lui	s10,0x40810
408087d0:	40810b37          	lui	s6,0x40810
408087d4:	4080da37          	lui	s4,0x4080d
408087d8:	05e00a93          	addi	s5,zero,94
408087dc:	85de                	c.mv	a1,s7
408087de:	628d8513          	addi	a0,s11,1576 # 40810628 <_str_crlf+0x41da>
408087e2:	84de                	c.mv	s1,s7
408087e4:	d94f80ef          	jal	ra,40800d78 <kprintf>
408087e8:	8ce2                	c.mv	s9,s8
408087ea:	845e                	c.mv	s0,s7
408087ec:	a809                	c.j	408087fe <_Z11cmd_hexdumpPKc+0x96>
408087ee:	000cc583          	lbu	a1,0(s9)
408087f2:	0405                	c.addi	s0,1
408087f4:	0c85                	c.addi	s9,1
408087f6:	d82f80ef          	jal	ra,40800d78 <kprintf>
408087fa:	01340e63          	beq	s0,s3,40808816 <_Z11cmd_hexdumpPKc+0xae>
408087fe:	d94a0513          	addi	a0,s4,-620 # 4080cd94 <_str_crlf+0x946>
40808802:	ff2446e3          	blt	s0,s2,408087ee <_Z11cmd_hexdumpPKc+0x86>
40808806:	ff0b0513          	addi	a0,s6,-16 # 4080fff0 <_str_crlf+0x3ba2>
4080880a:	0405                	c.addi	s0,1
4080880c:	c72f80ef          	jal	ra,40800c7e <uart_puts>
40808810:	0c85                	c.addi	s9,1
40808812:	ff3416e3          	bne	s0,s3,408087fe <_Z11cmd_hexdumpPKc+0x96>
40808816:	630d0513          	addi	a0,s10,1584 # 40810630 <_str_crlf+0x41e2>
4080881a:	c64f80ef          	jal	ra,40800c7e <uart_puts>
4080881e:	8462                	c.mv	s0,s8
40808820:	0324d263          	bge	s1,s2,40808844 <_Z11cmd_hexdumpPKc+0xdc>
40808824:	00044503          	lbu	a0,0(s0)
40808828:	fe050793          	addi	a5,a0,-32
4080882c:	0ff7f793          	andi	a5,a5,255
40808830:	00faf463          	bgeu	s5,a5,40808838 <_Z11cmd_hexdumpPKc+0xd0>
40808834:	02e00513          	addi	a0,zero,46
40808838:	0485                	c.addi	s1,1
4080883a:	8a2f80ef          	jal	ra,408008dc <uart_putc>
4080883e:	0405                	c.addi	s0,1
40808840:	ff3490e3          	bne	s1,s3,40808820 <_Z11cmd_hexdumpPKc+0xb8>
40808844:	408107b7          	lui	a5,0x40810
40808848:	63478513          	addi	a0,a5,1588 # 40810634 <_str_crlf+0x41e6>
4080884c:	0bc1                	c.addi	s7,16
4080884e:	c30f80ef          	jal	ra,40800c7e <uart_puts>
40808852:	09c1                	c.addi	s3,16
40808854:	0c41                	c.addi	s8,16
40808856:	f92bc3e3          	blt	s7,s2,408087dc <_Z11cmd_hexdumpPKc+0x74>
4080885a:	40810537          	lui	a0,0x40810
4080885e:	85ca                	c.mv	a1,s2
40808860:	63850513          	addi	a0,a0,1592 # 40810638 <_str_crlf+0x41ea>
40808864:	d14f80ef          	jal	ra,40800d78 <kprintf>
40808868:	50fa                	c.lwsp	ra,188(sp)
4080886a:	546a                	c.lwsp	s0,184(sp)
4080886c:	54da                	c.lwsp	s1,180(sp)
4080886e:	594a                	c.lwsp	s2,176(sp)
40808870:	59ba                	c.lwsp	s3,172(sp)
40808872:	5a2a                	c.lwsp	s4,168(sp)
40808874:	5a9a                	c.lwsp	s5,164(sp)
40808876:	5b0a                	c.lwsp	s6,160(sp)
40808878:	4bfa                	c.lwsp	s7,156(sp)
4080887a:	4c6a                	c.lwsp	s8,152(sp)
4080887c:	4cda                	c.lwsp	s9,148(sp)
4080887e:	4d4a                	c.lwsp	s10,144(sp)
40808880:	4dba                	c.lwsp	s11,140(sp)
40808882:	6129                	c.addi16sp	sp,192
40808884:	8082                	c.jr	ra
40808886:	546a                	c.lwsp	s0,184(sp)
40808888:	50fa                	c.lwsp	ra,188(sp)
4080888a:	54da                	c.lwsp	s1,180(sp)
4080888c:	594a                	c.lwsp	s2,176(sp)
4080888e:	59ba                	c.lwsp	s3,172(sp)
40808890:	5a2a                	c.lwsp	s4,168(sp)
40808892:	5a9a                	c.lwsp	s5,164(sp)
40808894:	5b0a                	c.lwsp	s6,160(sp)
40808896:	4bfa                	c.lwsp	s7,156(sp)
40808898:	4c6a                	c.lwsp	s8,152(sp)
4080889a:	4cda                	c.lwsp	s9,148(sp)
4080889c:	4d4a                	c.lwsp	s10,144(sp)
4080889e:	4dba                	c.lwsp	s11,140(sp)
408088a0:	40810537          	lui	a0,0x40810
408088a4:	5d450513          	addi	a0,a0,1492 # 408105d4 <_str_crlf+0x4186>
408088a8:	6129                	c.addi16sp	sp,192
408088aa:	bd4f806f          	jal	zero,40800c7e <uart_puts>
408088ae:	40810537          	lui	a0,0x40810
408088b2:	5d450513          	addi	a0,a0,1492 # 408105d4 <_str_crlf+0x4186>
408088b6:	bc8f806f          	jal	zero,40800c7e <uart_puts>
408088ba:	aadfb0ef          	jal	ra,40804366 <kerr_str>
408088be:	862a                	c.mv	a2,a0
408088c0:	40810537          	lui	a0,0x40810
408088c4:	858a                	c.mv	a1,sp
408088c6:	61450513          	addi	a0,a0,1556 # 40810614 <_str_crlf+0x41c6>
408088ca:	caef80ef          	jal	ra,40800d78 <kprintf>
408088ce:	bf69                	c.j	40808868 <_Z11cmd_hexdumpPKc+0x100>

408088d0 <_Z6cmd_wcPKc>:
408088d0:	00054783          	lbu	a5,0(a0)
408088d4:	cbc5                	c.beqz	a5,40808984 <_Z6cmd_wcPKc+0xb4>
408088d6:	4080d5b7          	lui	a1,0x4080d
408088da:	7175                	c.addi16sp	sp,-144
408088dc:	ab458593          	addi	a1,a1,-1356 # 4080cab4 <_str_crlf+0x666>
408088e0:	c522                	c.swsp	s0,136(sp)
408088e2:	c706                	c.swsp	ra,140(sp)
408088e4:	842a                	c.mv	s0,a0
408088e6:	f25f70ef          	jal	ra,4080080a <k_strcmp>
408088ea:	c151                	c.beqz	a0,4080896e <_Z6cmd_wcPKc+0x9e>
408088ec:	8522                	c.mv	a0,s0
408088ee:	858a                	c.mv	a1,sp
408088f0:	08000613          	addi	a2,zero,128
408088f4:	889ff0ef          	jal	ra,4080817c <_ZL7cu_arg1PKcPci>
408088f8:	40816437          	lui	s0,0x40816
408088fc:	850a                	c.mv	a0,sp
408088fe:	89840593          	addi	a1,s0,-1896 # 40815898 <_ZZ6cmd_wcPKcE3buf>
40808902:	6605                	c.lui	a2,0x1
40808904:	e2ffb0ef          	jal	ra,40804732 <vfs_read>
40808908:	86aa                	c.mv	a3,a0
4080890a:	08054363          	blt	a0,zero,40808990 <_Z6cmd_wcPKc+0xc0>
4080890e:	4601                	c.li	a2,0
40808910:	4581                	c.li	a1,0
40808912:	c139                	c.beqz	a0,40808958 <_Z6cmd_wcPKc+0x88>
40808914:	89840793          	addi	a5,s0,-1896
40808918:	00f50e33          	add	t3,a0,a5
4080891c:	4881                	c.li	a7,0
4080891e:	4601                	c.li	a2,0
40808920:	4581                	c.li	a1,0
40808922:	4329                	c.li	t1,10
40808924:	02000513          	addi	a0,zero,32
40808928:	4ea5                	c.li	t4,9
4080892a:	a821                	c.j	40808942 <_Z6cmd_wcPKc+0x72>
4080892c:	04a70a63          	beq	a4,a0,40808980 <_Z6cmd_wcPKc+0xb0>
40808930:	05d80863          	beq	a6,t4,40808980 <_Z6cmd_wcPKc+0xb0>
40808934:	00089463          	bne	a7,zero,4080893c <_Z6cmd_wcPKc+0x6c>
40808938:	0605                	c.addi	a2,1 # 1001 <_kernel_start-0x407fefff>
4080893a:	4885                	c.li	a7,1
4080893c:	0785                	c.addi	a5,1
4080893e:	01c78d63          	beq	a5,t3,40808958 <_Z6cmd_wcPKc+0x88>
40808942:	0007c703          	lbu	a4,0(a5)
40808946:	0fb77813          	andi	a6,a4,251
4080894a:	fe6711e3          	bne	a4,t1,4080892c <_Z6cmd_wcPKc+0x5c>
4080894e:	0785                	c.addi	a5,1
40808950:	0585                	c.addi	a1,1
40808952:	4881                	c.li	a7,0
40808954:	ffc797e3          	bne	a5,t3,40808942 <_Z6cmd_wcPKc+0x72>
40808958:	40810537          	lui	a0,0x40810
4080895c:	870a                	c.mv	a4,sp
4080895e:	68850513          	addi	a0,a0,1672 # 40810688 <_str_crlf+0x423a>
40808962:	c16f80ef          	jal	ra,40800d78 <kprintf>
40808966:	40ba                	c.lwsp	ra,140(sp)
40808968:	442a                	c.lwsp	s0,136(sp)
4080896a:	6149                	c.addi16sp	sp,144
4080896c:	8082                	c.jr	ra
4080896e:	442a                	c.lwsp	s0,136(sp)
40808970:	40ba                	c.lwsp	ra,140(sp)
40808972:	40810537          	lui	a0,0x40810
40808976:	64450513          	addi	a0,a0,1604 # 40810644 <_str_crlf+0x41f6>
4080897a:	6149                	c.addi16sp	sp,144
4080897c:	b02f806f          	jal	zero,40800c7e <uart_puts>
40808980:	4881                	c.li	a7,0
40808982:	bf6d                	c.j	4080893c <_Z6cmd_wcPKc+0x6c>
40808984:	40810537          	lui	a0,0x40810
40808988:	64450513          	addi	a0,a0,1604 # 40810644 <_str_crlf+0x41f6>
4080898c:	af2f806f          	jal	zero,40800c7e <uart_puts>
40808990:	9d7fb0ef          	jal	ra,40804366 <kerr_str>
40808994:	862a                	c.mv	a2,a0
40808996:	40810537          	lui	a0,0x40810
4080899a:	858a                	c.mv	a1,sp
4080899c:	67850513          	addi	a0,a0,1656 # 40810678 <_str_crlf+0x422a>
408089a0:	bd8f80ef          	jal	ra,40800d78 <kprintf>
408089a4:	b7c9                	c.j	40808966 <_Z6cmd_wcPKc+0x96>

408089a6 <_Z8cmd_findPKc>:
408089a6:	00054783          	lbu	a5,0(a0)
408089aa:	0e078f63          	beq	a5,zero,40808aa8 <_Z8cmd_findPKc+0x102>
408089ae:	4080d5b7          	lui	a1,0x4080d
408089b2:	7131                	c.addi16sp	sp,-192
408089b4:	ab458593          	addi	a1,a1,-1356 # 4080cab4 <_str_crlf+0x666>
408089b8:	dd22                	c.swsp	s0,184(sp)
408089ba:	df06                	c.swsp	ra,188(sp)
408089bc:	db26                	c.swsp	s1,180(sp)
408089be:	d94a                	c.swsp	s2,176(sp)
408089c0:	d74e                	c.swsp	s3,172(sp)
408089c2:	d552                	c.swsp	s4,168(sp)
408089c4:	d356                	c.swsp	s5,164(sp)
408089c6:	d15a                	c.swsp	s6,160(sp)
408089c8:	842a                	c.mv	s0,a0
408089ca:	e41f70ef          	jal	ra,4080080a <k_strcmp>
408089ce:	c555                	c.beqz	a0,40808a7a <_Z8cmd_findPKc+0xd4>
408089d0:	8522                	c.mv	a0,s0
408089d2:	858a                	c.mv	a1,sp
408089d4:	02000613          	addi	a2,zero,32
408089d8:	fa4ff0ef          	jal	ra,4080817c <_ZL7cu_arg1PKcPci>
408089dc:	eebfb0ef          	jal	ra,408048c6 <vfs_node_count>
408089e0:	4b05                	c.li	s6,1
408089e2:	842a                	c.mv	s0,a0
408089e4:	4481                	c.li	s1,0
408089e6:	0cab5763          	bge	s6,a0,40808ab4 <_Z8cmd_findPKc+0x10e>
408089ea:	8a5a                	c.mv	s4,s6
408089ec:	408109b7          	lui	s3,0x40810
408089f0:	4080c937          	lui	s2,0x4080c
408089f4:	855a                	c.mv	a0,s6
408089f6:	edbfb0ef          	jal	ra,408048d0 <vfs_node_get>
408089fa:	8aaa                	c.mv	s5,a0
408089fc:	c12d                	c.beqz	a0,40808a5e <_Z8cmd_findPKc+0xb8>
408089fe:	00014883          	lbu	a7,0(sp)
40808a02:	02088863          	beq	a7,zero,40808a32 <_Z8cmd_findPKc+0x8c>
40808a06:	00054783          	lbu	a5,0(a0)
40808a0a:	cbb1                	c.beqz	a5,40808a5e <_Z8cmd_findPKc+0xb8>
40808a0c:	882a                	c.mv	a6,a0
40808a0e:	00084783          	lbu	a5,0(a6)
40808a12:	8742                	c.mv	a4,a6
40808a14:	8646                	c.mv	a2,a7
40808a16:	868a                	c.mv	a3,sp
40808a18:	c3d9                	c.beqz	a5,40808a9e <_Z8cmd_findPKc+0xf8>
40808a1a:	0705                	c.addi	a4,1
40808a1c:	08c79163          	bne	a5,a2,40808a9e <_Z8cmd_findPKc+0xf8>
40808a20:	00074783          	lbu	a5,0(a4)
40808a24:	00168593          	addi	a1,a3,1
40808a28:	cba5                	c.beqz	a5,40808a98 <_Z8cmd_findPKc+0xf2>
40808a2a:	0016c603          	lbu	a2,1(a3)
40808a2e:	86ae                	c.mv	a3,a1
40808a30:	f66d                	c.bnez	a2,40808a1a <_Z8cmd_findPKc+0x74>
40808a32:	08000613          	addi	a2,zero,128
40808a36:	100c                	c.addi4spn	a1,sp,32
40808a38:	855a                	c.mv	a0,s6
40808a3a:	ebffb0ef          	jal	ra,408048f8 <vfs_path_of>
40808a3e:	020aa783          	lw	a5,32(s5)
40808a42:	6e890613          	addi	a2,s2,1768 # 4080c6e8 <_str_crlf+0x29a>
40808a46:	01479663          	bne	a5,s4,40808a52 <_Z8cmd_findPKc+0xac>
40808a4a:	4080f637          	lui	a2,0x4080f
40808a4e:	97460613          	addi	a2,a2,-1676 # 4080e974 <_str_crlf+0x2526>
40808a52:	100c                	c.addi4spn	a1,sp,32
40808a54:	70498513          	addi	a0,s3,1796 # 40810704 <_str_crlf+0x42b6>
40808a58:	b20f80ef          	jal	ra,40800d78 <kprintf>
40808a5c:	0485                	c.addi	s1,1
40808a5e:	0b05                	c.addi	s6,1
40808a60:	f9641ae3          	bne	s0,s6,408089f4 <_Z8cmd_findPKc+0x4e>
40808a64:	c8a1                	c.beqz	s1,40808ab4 <_Z8cmd_findPKc+0x10e>
40808a66:	50fa                	c.lwsp	ra,188(sp)
40808a68:	546a                	c.lwsp	s0,184(sp)
40808a6a:	54da                	c.lwsp	s1,180(sp)
40808a6c:	594a                	c.lwsp	s2,176(sp)
40808a6e:	59ba                	c.lwsp	s3,172(sp)
40808a70:	5a2a                	c.lwsp	s4,168(sp)
40808a72:	5a9a                	c.lwsp	s5,164(sp)
40808a74:	5b0a                	c.lwsp	s6,160(sp)
40808a76:	6129                	c.addi16sp	sp,192
40808a78:	8082                	c.jr	ra
40808a7a:	546a                	c.lwsp	s0,184(sp)
40808a7c:	50fa                	c.lwsp	ra,188(sp)
40808a7e:	54da                	c.lwsp	s1,180(sp)
40808a80:	594a                	c.lwsp	s2,176(sp)
40808a82:	59ba                	c.lwsp	s3,172(sp)
40808a84:	5a2a                	c.lwsp	s4,168(sp)
40808a86:	5a9a                	c.lwsp	s5,164(sp)
40808a88:	5b0a                	c.lwsp	s6,160(sp)
40808a8a:	40810537          	lui	a0,0x40810
40808a8e:	6b850513          	addi	a0,a0,1720 # 408106b8 <_str_crlf+0x426a>
40808a92:	6129                	c.addi16sp	sp,192
40808a94:	9eaf806f          	jal	zero,40800c7e <uart_puts>
40808a98:	0016c783          	lbu	a5,1(a3)
40808a9c:	dbd9                	c.beqz	a5,40808a32 <_Z8cmd_findPKc+0x8c>
40808a9e:	00184783          	lbu	a5,1(a6)
40808aa2:	0805                	c.addi	a6,1
40808aa4:	f7ad                	c.bnez	a5,40808a0e <_Z8cmd_findPKc+0x68>
40808aa6:	bf65                	c.j	40808a5e <_Z8cmd_findPKc+0xb8>
40808aa8:	40810537          	lui	a0,0x40810
40808aac:	6b850513          	addi	a0,a0,1720 # 408106b8 <_str_crlf+0x426a>
40808ab0:	9cef806f          	jal	zero,40800c7e <uart_puts>
40808ab4:	40810537          	lui	a0,0x40810
40808ab8:	858a                	c.mv	a1,sp
40808aba:	69c50513          	addi	a0,a0,1692 # 4081069c <_str_crlf+0x424e>
40808abe:	abaf80ef          	jal	ra,40800d78 <kprintf>
40808ac2:	b755                	c.j	40808a66 <_Z8cmd_findPKc+0xc0>

40808ac4 <_Z8cmd_calcPKc>:
40808ac4:	00054783          	lbu	a5,0(a0)
40808ac8:	c7c1                	c.beqz	a5,40808b50 <_Z8cmd_calcPKc+0x8c>
40808aca:	4080d5b7          	lui	a1,0x4080d
40808ace:	1141                	c.addi	sp,-16
40808ad0:	ab458593          	addi	a1,a1,-1356 # 4080cab4 <_str_crlf+0x666>
40808ad4:	c422                	c.swsp	s0,8(sp)
40808ad6:	c606                	c.swsp	ra,12(sp)
40808ad8:	c226                	c.swsp	s1,4(sp)
40808ada:	c04a                	c.swsp	s2,0(sp)
40808adc:	842a                	c.mv	s0,a0
40808ade:	d2df70ef          	jal	ra,4080080a <k_strcmp>
40808ae2:	cd21                	c.beqz	a0,40808b3a <_Z8cmd_calcPKc+0x76>
40808ae4:	4081a4b7          	lui	s1,0x4081a
40808ae8:	4081a937          	lui	s2,0x4081a
40808aec:	4484aa23          	sw	s0,1108(s1) # 4081a454 <_ZL8g_calc_p>
40808af0:	44092823          	sw	zero,1104(s2) # 4081a450 <_ZL10g_calc_err>
40808af4:	843ff0ef          	jal	ra,40808336 <_ZL9calc_exprv>
40808af8:	4544a783          	lw	a5,1108(s1)
40808afc:	4601                	c.li	a2,0
40808afe:	02000693          	addi	a3,zero,32
40808b02:	4825                	c.li	a6,9
40808b04:	a019                	c.j	40808b0a <_Z8cmd_calcPKc+0x46>
40808b06:	0785                	c.addi	a5,1
40808b08:	4605                	c.li	a2,1
40808b0a:	0007c703          	lbu	a4,0(a5)
40808b0e:	fed70ce3          	beq	a4,a3,40808b06 <_Z8cmd_calcPKc+0x42>
40808b12:	ff070ae3          	beq	a4,a6,40808b06 <_Z8cmd_calcPKc+0x42>
40808b16:	c219                	c.beqz	a2,40808b1c <_Z8cmd_calcPKc+0x58>
40808b18:	44f4aa23          	sw	a5,1108(s1)
40808b1c:	45092783          	lw	a5,1104(s2)
40808b20:	e391                	c.bnez	a5,40808b24 <_Z8cmd_calcPKc+0x60>
40808b22:	cf0d                	c.beqz	a4,40808b5c <_Z8cmd_calcPKc+0x98>
40808b24:	4422                	c.lwsp	s0,8(sp)
40808b26:	40b2                	c.lwsp	ra,12(sp)
40808b28:	4492                	c.lwsp	s1,4(sp)
40808b2a:	4902                	c.lwsp	s2,0(sp)
40808b2c:	40810537          	lui	a0,0x40810
40808b30:	75c50513          	addi	a0,a0,1884 # 4081075c <_str_crlf+0x430e>
40808b34:	0141                	c.addi	sp,16
40808b36:	948f806f          	jal	zero,40800c7e <uart_puts>
40808b3a:	4422                	c.lwsp	s0,8(sp)
40808b3c:	40b2                	c.lwsp	ra,12(sp)
40808b3e:	4492                	c.lwsp	s1,4(sp)
40808b40:	4902                	c.lwsp	s2,0(sp)
40808b42:	40810537          	lui	a0,0x40810
40808b46:	70c50513          	addi	a0,a0,1804 # 4081070c <_str_crlf+0x42be>
40808b4a:	0141                	c.addi	sp,16
40808b4c:	932f806f          	jal	zero,40800c7e <uart_puts>
40808b50:	40810537          	lui	a0,0x40810
40808b54:	70c50513          	addi	a0,a0,1804 # 4081070c <_str_crlf+0x42be>
40808b58:	926f806f          	jal	zero,40800c7e <uart_puts>
40808b5c:	4422                	c.lwsp	s0,8(sp)
40808b5e:	40b2                	c.lwsp	ra,12(sp)
40808b60:	4492                	c.lwsp	s1,4(sp)
40808b62:	4902                	c.lwsp	s2,0(sp)
40808b64:	4080f7b7          	lui	a5,0x4080f
40808b68:	85aa                	c.mv	a1,a0
40808b6a:	2e078513          	addi	a0,a5,736 # 4080f2e0 <_str_crlf+0x2e92>
40808b6e:	0141                	c.addi	sp,16
40808b70:	a08f806f          	jal	zero,40800d78 <kprintf>

40808b74 <_Z9cmd_sleepPKc>:
40808b74:	00054783          	lbu	a5,0(a0)
40808b78:	cbad                	c.beqz	a5,40808bea <_Z9cmd_sleepPKc+0x76>
40808b7a:	4080d5b7          	lui	a1,0x4080d
40808b7e:	1141                	c.addi	sp,-16
40808b80:	ab458593          	addi	a1,a1,-1356 # 4080cab4 <_str_crlf+0x666>
40808b84:	c422                	c.swsp	s0,8(sp)
40808b86:	c606                	c.swsp	ra,12(sp)
40808b88:	842a                	c.mv	s0,a0
40808b8a:	c81f70ef          	jal	ra,4080080a <k_strcmp>
40808b8e:	e911                	c.bnez	a0,40808ba2 <_Z9cmd_sleepPKc+0x2e>
40808b90:	4422                	c.lwsp	s0,8(sp)
40808b92:	40b2                	c.lwsp	ra,12(sp)
40808b94:	40810537          	lui	a0,0x40810
40808b98:	77850513          	addi	a0,a0,1912 # 40810778 <_str_crlf+0x432a>
40808b9c:	0141                	c.addi	sp,16
40808b9e:	8e0f806f          	jal	zero,40800c7e <uart_puts>
40808ba2:	8522                	c.mv	a0,s0
40808ba4:	4581                	c.li	a1,0
40808ba6:	d52ff0ef          	jal	ra,408080f8 <_ZL7cu_atoiPKcPS0_>
40808baa:	02a05c63          	bge	zero,a0,40808be2 <_Z9cmd_sleepPKc+0x6e>
40808bae:	67bd                	c.lui	a5,0xf
40808bb0:	c226                	c.swsp	s1,4(sp)
40808bb2:	c04a                	c.swsp	s2,0(sp)
40808bb4:	a6078793          	addi	a5,a5,-1440 # ea60 <_kernel_start-0x407f15a0>
40808bb8:	00a7d363          	bge	a5,a0,40808bbe <_Z9cmd_sleepPKc+0x4a>
40808bbc:	853e                	c.mv	a0,a5
40808bbe:	67a9                	c.lui	a5,0xa
40808bc0:	c4078793          	addi	a5,a5,-960 # 9c40 <_kernel_start-0x407f63c0>
40808bc4:	02f504b3          	mul	s1,a0,a5
40808bc8:	4401                	c.li	s0,0
40808bca:	ca2f70ef          	jal	ra,4080006c <get_mcycle>
40808bce:	892a                	c.mv	s2,a0
40808bd0:	c9cf70ef          	jal	ra,4080006c <get_mcycle>
40808bd4:	942a                	c.add	s0,a0
40808bd6:	41240433          	sub	s0,s0,s2
40808bda:	fe946ae3          	bltu	s0,s1,40808bce <_Z9cmd_sleepPKc+0x5a>
40808bde:	4492                	c.lwsp	s1,4(sp)
40808be0:	4902                	c.lwsp	s2,0(sp)
40808be2:	40b2                	c.lwsp	ra,12(sp)
40808be4:	4422                	c.lwsp	s0,8(sp)
40808be6:	0141                	c.addi	sp,16
40808be8:	8082                	c.jr	ra
40808bea:	40810537          	lui	a0,0x40810
40808bee:	77850513          	addi	a0,a0,1912 # 40810778 <_str_crlf+0x432a>
40808bf2:	88cf806f          	jal	zero,40800c7e <uart_puts>

40808bf6 <_Z8cmd_datePKc>:
40808bf6:	1141                	c.addi	sp,-16
40808bf8:	c606                	c.swsp	ra,12(sp)
40808bfa:	c72f70ef          	jal	ra,4080006c <get_mcycle>
40808bfe:	6b5fd7b7          	lui	a5,0x6b5fd
40808c02:	a6b78793          	addi	a5,a5,-1429 # 6b5fca6b <_kern_stack_top+0x2ad80a6b>
40808c06:	02f53733          	mulhu	a4,a0,a5
40808c0a:	88889637          	lui	a2,0x88889
40808c0e:	88960613          	addi	a2,a2,-1911 # 88888889 <_kern_stack_top+0x4800c889>
40808c12:	40b2                	c.lwsp	ra,12(sp)
40808c14:	40810537          	lui	a0,0x40810
40808c18:	7b050513          	addi	a0,a0,1968 # 408107b0 <_str_crlf+0x4362>
40808c1c:	4581                	c.li	a1,0
40808c1e:	0141                	c.addi	sp,16
40808c20:	8361                	c.srli	a4,0x18
40808c22:	02c73633          	mulhu	a2,a4,a2
40808c26:	8215                	c.srli	a2,0x5
40808c28:	00461693          	slli	a3,a2,0x4
40808c2c:	8e91                	c.sub	a3,a2
40808c2e:	068a                	c.slli	a3,0x2
40808c30:	40d706b3          	sub	a3,a4,a3
40808c34:	944f806f          	jal	zero,40800d78 <kprintf>

40808c38 <task_init>:
40808c38:	1141                	c.addi	sp,-16
40808c3a:	4081a7b7          	lui	a5,0x4081a
40808c3e:	c422                	c.swsp	s0,8(sp)
40808c40:	c226                	c.swsp	s1,4(sp)
40808c42:	89878413          	addi	s0,a5,-1896 # 40819898 <_ZL12g_idle_stack>
40808c46:	4081a4b7          	lui	s1,0x4081a
40808c4a:	408126b7          	lui	a3,0x40812
40808c4e:	567d                	c.li	a2,-1
40808c50:	c606                	c.swsp	ra,12(sp)
40808c52:	89878793          	addi	a5,a5,-1896
40808c56:	10040713          	addi	a4,s0,256
40808c5a:	4404ac23          	sw	zero,1112(s1) # 4081a458 <_ZL12g_task_count>
40808c5e:	4ec6a823          	sw	a2,1264(a3) # 408124f0 <_ZL9g_current>
40808c62:	0007a023          	sw	zero,0(a5)
40808c66:	0791                	c.addi	a5,4
40808c68:	fee79de3          	bne	a5,a4,40808c62 <task_init+0x2a>
40808c6c:	408105b7          	lui	a1,0x40810
40808c70:	10000793          	addi	a5,zero,256
40808c74:	465d                	c.li	a2,23
40808c76:	7dc58593          	addi	a1,a1,2012 # 408107dc <_str_crlf+0x438e>
40808c7a:	10840513          	addi	a0,s0,264
40808c7e:	12f42223          	sw	a5,292(s0)
40808c82:	12842023          	sw	s0,288(s0)
40808c86:	10042223          	sw	zero,260(s0)
40808c8a:	beff70ef          	jal	ra,40800878 <k_strncpy>
40808c8e:	12442783          	lw	a5,292(s0)
40808c92:	12042703          	lw	a4,288(s0)
40808c96:	10040fa3          	sb	zero,287(s0)
40808c9a:	973e                	c.add	a4,a5
40808c9c:	fcc70613          	addi	a2,a4,-52
40808ca0:	87b2                	c.mv	a5,a2
40808ca2:	0007a023          	sw	zero,0(a5)
40808ca6:	0791                	c.addi	a5,4
40808ca8:	fef71de3          	bne	a4,a5,40808ca2 <task_init+0x6a>
40808cac:	408096b7          	lui	a3,0x40809
40808cb0:	4584a783          	lw	a5,1112(s1)
40808cb4:	e2a68693          	addi	a3,a3,-470 # 40808e2a <_ZL9idle_taskv>
40808cb8:	fed72e23          	sw	a3,-4(a4)
40808cbc:	40b2                	c.lwsp	ra,12(sp)
40808cbe:	10c42023          	sw	a2,256(s0)
40808cc2:	4422                	c.lwsp	s0,8(sp)
40808cc4:	0785                	c.addi	a5,1
40808cc6:	44f4ac23          	sw	a5,1112(s1)
40808cca:	4492                	c.lwsp	s1,4(sp)
40808ccc:	0141                	c.addi	sp,16
40808cce:	8082                	c.jr	ra

40808cd0 <task_create>:
40808cd0:	7179                	c.addi16sp	sp,-48
40808cd2:	c85a                	c.swsp	s6,16(sp)
40808cd4:	4081ab37          	lui	s6,0x4081a
40808cd8:	458b2703          	lw	a4,1112(s6) # 4081a458 <_ZL12g_task_count>
40808cdc:	d606                	c.swsp	ra,44(sp)
40808cde:	47bd                	c.li	a5,15
40808ce0:	0ce7c563          	blt	a5,a4,40808daa <task_create+0xda>
40808ce4:	d226                	c.swsp	s1,36(sp)
40808ce6:	d04a                	c.swsp	s2,32(sp)
40808ce8:	ca56                	c.swsp	s5,20(sp)
40808cea:	07f00793          	addi	a5,zero,127
40808cee:	8aaa                	c.mv	s5,a0
40808cf0:	892e                	c.mv	s2,a1
40808cf2:	84b2                	c.mv	s1,a2
40808cf4:	0ac7f463          	bgeu	a5,a2,40808d9c <task_create+0xcc>
40808cf8:	8526                	c.mv	a0,s1
40808cfa:	a04fb0ef          	jal	ra,40803efe <mm_alloc>
40808cfe:	86aa                	c.mv	a3,a0
40808d00:	c155                	c.beqz	a0,40808da4 <task_create+0xd4>
40808d02:	d422                	c.swsp	s0,40(sp)
40808d04:	ce4e                	c.swsp	s3,28(sp)
40808d06:	cc52                	c.swsp	s4,24(sp)
40808d08:	c65e                	c.swsp	s7,12(sp)
40808d0a:	87aa                	c.mv	a5,a0
40808d0c:	00a48733          	add	a4,s1,a0
40808d10:	00078023          	sb	zero,0(a5)
40808d14:	0785                	c.addi	a5,1
40808d16:	fee79de3          	bne	a5,a4,40808d10 <task_create+0x40>
40808d1a:	458b2b83          	lw	s7,1112(s6)
40808d1e:	4081a9b7          	lui	s3,0x4081a
40808d22:	89898993          	addi	s3,s3,-1896 # 40819898 <_ZL12g_idle_stack>
40808d26:	002b9a13          	slli	s4,s7,0x2
40808d2a:	017a0433          	add	s0,s4,s7
40808d2e:	040e                	c.slli	s0,0x3
40808d30:	00898533          	add	a0,s3,s0
40808d34:	85d6                	c.mv	a1,s5
40808d36:	944e                	c.add	s0,s3
40808d38:	10850513          	addi	a0,a0,264
40808d3c:	465d                	c.li	a2,23
40808d3e:	12d42023          	sw	a3,288(s0)
40808d42:	12942223          	sw	s1,292(s0)
40808d46:	10042223          	sw	zero,260(s0)
40808d4a:	b2ff70ef          	jal	ra,40800878 <k_strncpy>
40808d4e:	12442783          	lw	a5,292(s0)
40808d52:	12042703          	lw	a4,288(s0)
40808d56:	10040fa3          	sb	zero,287(s0)
40808d5a:	973e                	c.add	a4,a5
40808d5c:	fcc70693          	addi	a3,a4,-52
40808d60:	87b6                	c.mv	a5,a3
40808d62:	0007a023          	sw	zero,0(a5)
40808d66:	0791                	c.addi	a5,4
40808d68:	fee79de3          	bne	a5,a4,40808d62 <task_create+0x92>
40808d6c:	9a5e                	c.add	s4,s7
40808d6e:	458b2503          	lw	a0,1112(s6)
40808d72:	0a0e                	c.slli	s4,0x3
40808d74:	99d2                	c.add	s3,s4
40808d76:	ff27ae23          	sw	s2,-4(a5)
40808d7a:	10d9a023          	sw	a3,256(s3)
40808d7e:	5422                	c.lwsp	s0,40(sp)
40808d80:	5492                	c.lwsp	s1,36(sp)
40808d82:	5902                	c.lwsp	s2,32(sp)
40808d84:	49f2                	c.lwsp	s3,28(sp)
40808d86:	4a62                	c.lwsp	s4,24(sp)
40808d88:	4ad2                	c.lwsp	s5,20(sp)
40808d8a:	4bb2                	c.lwsp	s7,12(sp)
40808d8c:	00150793          	addi	a5,a0,1
40808d90:	44fb2c23          	sw	a5,1112(s6)
40808d94:	50b2                	c.lwsp	ra,44(sp)
40808d96:	4b42                	c.lwsp	s6,16(sp)
40808d98:	6145                	c.addi16sp	sp,48
40808d9a:	8082                	c.jr	ra
40808d9c:	6485                	c.lui	s1,0x1
40808d9e:	80048493          	addi	s1,s1,-2048 # 800 <_kernel_start-0x407ff800>
40808da2:	bf99                	c.j	40808cf8 <task_create+0x28>
40808da4:	5492                	c.lwsp	s1,36(sp)
40808da6:	5902                	c.lwsp	s2,32(sp)
40808da8:	4ad2                	c.lwsp	s5,20(sp)
40808daa:	557d                	c.li	a0,-1
40808dac:	b7e5                	c.j	40808d94 <task_create+0xc4>

40808dae <task_yield>:
40808dae:	40812337          	lui	t1,0x40812
40808db2:	4f032503          	lw	a0,1264(t1) # 408124f0 <_ZL9g_current>
40808db6:	04054b63          	blt	a0,zero,40808e0c <task_yield+0x5e>
40808dba:	4081a7b7          	lui	a5,0x4081a
40808dbe:	4587a603          	lw	a2,1112(a5) # 4081a458 <_ZL12g_task_count>
40808dc2:	4685                	c.li	a3,1
40808dc4:	04c6d463          	bge	a3,a2,40808e0c <task_yield+0x5e>
40808dc8:	00251893          	slli	a7,a0,0x2
40808dcc:	00a887b3          	add	a5,a7,a0
40808dd0:	4081a837          	lui	a6,0x4081a
40808dd4:	078e                	c.slli	a5,0x3
40808dd6:	89880813          	addi	a6,a6,-1896 # 40819898 <_ZL12g_idle_stack>
40808dda:	97c2                	c.add	a5,a6
40808ddc:	1007a223          	sw	zero,260(a5)
40808de0:	00a68733          	add	a4,a3,a0
40808de4:	02c76733          	rem	a4,a4,a2
40808de8:	0685                	c.addi	a3,1
40808dea:	00271793          	slli	a5,a4,0x2
40808dee:	97ba                	c.add	a5,a4
40808df0:	078e                	c.slli	a5,0x3
40808df2:	97c2                	c.add	a5,a6
40808df4:	1047a583          	lw	a1,260(a5)
40808df8:	c999                	c.beqz	a1,40808e0e <task_yield+0x60>
40808dfa:	fed653e3          	bge	a2,a3,40808de0 <task_yield+0x32>
40808dfe:	98aa                	c.add	a7,a0
40808e00:	088e                	c.slli	a7,0x3
40808e02:	9846                	c.add	a6,a7
40808e04:	4785                	c.li	a5,1
40808e06:	10f82223          	sw	a5,260(a6)
40808e0a:	8082                	c.jr	ra
40808e0c:	8082                	c.jr	ra
40808e0e:	9546                	c.add	a0,a7
40808e10:	1007a583          	lw	a1,256(a5)
40808e14:	050e                	c.slli	a0,0x3
40808e16:	10080813          	addi	a6,a6,256
40808e1a:	4685                	c.li	a3,1
40808e1c:	9542                	c.add	a0,a6
40808e1e:	4ee32823          	sw	a4,1264(t1)
40808e22:	10d7a223          	sw	a3,260(a5)
40808e26:	adaf706f          	jal	zero,40800100 <ctx_switch>

40808e2a <_ZL9idle_taskv>:
40808e2a:	7139                	c.addi16sp	sp,-64
40808e2c:	d256                	c.swsp	s5,36(sp)
40808e2e:	d05a                	c.swsp	s6,32(sp)
40808e30:	ce5e                	c.swsp	s7,28(sp)
40808e32:	ca66                	c.swsp	s9,20(sp)
40808e34:	4081ab37          	lui	s6,0x4081a
40808e38:	4081abb7          	lui	s7,0x4081a
40808e3c:	4081aab7          	lui	s5,0x4081a
40808e40:	6c89                	c.lui	s9,0x2
40808e42:	d64e                	c.swsp	s3,44(sp)
40808e44:	d452                	c.swsp	s4,40(sp)
40808e46:	cc62                	c.swsp	s8,24(sp)
40808e48:	de06                	c.swsp	ra,60(sp)
40808e4a:	dc22                	c.swsp	s0,56(sp)
40808e4c:	da26                	c.swsp	s1,52(sp)
40808e4e:	d84a                	c.swsp	s2,48(sp)
40808e50:	898b0b13          	addi	s6,s6,-1896 # 40819898 <_ZL12g_idle_stack>
40808e54:	998b8b93          	addi	s7,s7,-1640 # 40819998 <_ZL7g_tasks>
40808e58:	99ca8a93          	addi	s5,s5,-1636 # 4081999c <_ZL7g_tasks+0x4>
40808e5c:	70fc8c93          	addi	s9,s9,1807 # 270f <_kernel_start-0x407fd8f1>
40808e60:	4081a9b7          	lui	s3,0x4081a
40808e64:	4c11                	c.li	s8,4
40808e66:	4a0d                	c.li	s4,3
40808e68:	4589a783          	lw	a5,1112(s3) # 4081a458 <_ZL12g_task_count>
40808e6c:	04f05463          	bge	zero,a5,40808eb4 <_ZL9idle_taskv+0x8a>
40808e70:	004ba783          	lw	a5,4(s7)
40808e74:	8456                	c.mv	s0,s5
40808e76:	4481                	c.li	s1,0
40808e78:	05878a63          	beq	a5,s8,40808ecc <_ZL9idle_taskv+0xa2>
40808e7c:	4589a783          	lw	a5,1112(s3)
40808e80:	0485                	c.addi	s1,1
40808e82:	02840413          	addi	s0,s0,40
40808e86:	02f4d763          	bge	s1,a5,40808eb4 <_ZL9idle_taskv+0x8a>
40808e8a:	401c                	c.lw	a5,0(s0)
40808e8c:	8922                	c.mv	s2,s0
40808e8e:	ff8797e3          	bne	a5,s8,40808e7c <_ZL9idle_taskv+0x52>
40808e92:	4c48                	c.lw	a0,28(s0)
40808e94:	c509                	c.beqz	a0,40808e9e <_ZL9idle_taskv+0x74>
40808e96:	01650463          	beq	a0,s6,40808e9e <_ZL9idle_taskv+0x74>
40808e9a:	8aefb0ef          	jal	ra,40803f48 <mm_free>
40808e9e:	4589a783          	lw	a5,1112(s3)
40808ea2:	00092e23          	sw	zero,28(s2)
40808ea6:	01492023          	sw	s4,0(s2)
40808eaa:	0485                	c.addi	s1,1
40808eac:	02840413          	addi	s0,s0,40
40808eb0:	fcf4cde3          	blt	s1,a5,40808e8a <_ZL9idle_taskv+0x60>
40808eb4:	c602                	c.swsp	zero,12(sp)
40808eb6:	47b2                	c.lwsp	a5,12(sp)
40808eb8:	00fcc863          	blt	s9,a5,40808ec8 <_ZL9idle_taskv+0x9e>
40808ebc:	47b2                	c.lwsp	a5,12(sp)
40808ebe:	0785                	c.addi	a5,1
40808ec0:	c63e                	c.swsp	a5,12(sp)
40808ec2:	47b2                	c.lwsp	a5,12(sp)
40808ec4:	fefcdce3          	bge	s9,a5,40808ebc <_ZL9idle_taskv+0x92>
40808ec8:	35dd                	c.jal	40808dae <task_yield>
40808eca:	bf79                	c.j	40808e68 <_ZL9idle_taskv+0x3e>
40808ecc:	8956                	c.mv	s2,s5
40808ece:	bfc1                	c.j	40808e9e <_ZL9idle_taskv+0x74>

40808ed0 <task_exit>:
40808ed0:	408128b7          	lui	a7,0x40812
40808ed4:	4f08a583          	lw	a1,1264(a7) # 408124f0 <_ZL9g_current>
40808ed8:	0605c563          	blt	a1,zero,40808f42 <task_exit+0x72>
40808edc:	4081a7b7          	lui	a5,0x4081a
40808ee0:	4587a603          	lw	a2,1112(a5) # 4081a458 <_ZL12g_task_count>
40808ee4:	04c5df63          	bge	a1,a2,40808f42 <task_exit+0x72>
40808ee8:	00259313          	slli	t1,a1,0x2
40808eec:	00b307b3          	add	a5,t1,a1
40808ef0:	4081a837          	lui	a6,0x4081a
40808ef4:	078e                	c.slli	a5,0x3
40808ef6:	89880813          	addi	a6,a6,-1896 # 40819898 <_ZL12g_idle_stack>
40808efa:	97c2                	c.add	a5,a6
40808efc:	4711                	c.li	a4,4
40808efe:	10e7a223          	sw	a4,260(a5)
40808f02:	4685                	c.li	a3,1
40808f04:	a019                	c.j	40808f0a <task_exit+0x3a>
40808f06:	04d64363          	blt	a2,a3,40808f4c <task_exit+0x7c>
40808f0a:	00b68733          	add	a4,a3,a1
40808f0e:	02c76733          	rem	a4,a4,a2
40808f12:	0685                	c.addi	a3,1
40808f14:	00271793          	slli	a5,a4,0x2
40808f18:	97ba                	c.add	a5,a4
40808f1a:	078e                	c.slli	a5,0x3
40808f1c:	97c2                	c.add	a5,a6
40808f1e:	1047a503          	lw	a0,260(a5)
40808f22:	f175                	c.bnez	a0,40808f06 <task_exit+0x36>
40808f24:	00b30533          	add	a0,t1,a1
40808f28:	1007a583          	lw	a1,256(a5)
40808f2c:	050e                	c.slli	a0,0x3
40808f2e:	10080813          	addi	a6,a6,256
40808f32:	4685                	c.li	a3,1
40808f34:	9542                	c.add	a0,a6
40808f36:	4ee8a823          	sw	a4,1264(a7)
40808f3a:	10d7a223          	sw	a3,260(a5)
40808f3e:	9c2f706f          	jal	zero,40800100 <ctx_switch>
40808f42:	10500073          	wfi
40808f46:	10500073          	wfi
40808f4a:	bfe5                	c.j	40808f42 <task_exit+0x72>
40808f4c:	10500073          	wfi
40808f50:	10500073          	wfi
40808f54:	bfe5                	c.j	40808f4c <task_exit+0x7c>

40808f56 <msgq_init>:
40808f56:	40052423          	sw	zero,1032(a0)
40808f5a:	40052223          	sw	zero,1028(a0)
40808f5e:	40052023          	sw	zero,1024(a0)
40808f62:	40052623          	sw	zero,1036(a0)
40808f66:	4501                	c.li	a0,0
40808f68:	8082                	c.jr	ra

40808f6a <msgq_send>:
40808f6a:	03f00793          	addi	a5,zero,63
40808f6e:	882a                	c.mv	a6,a0
40808f70:	8532                	c.mv	a0,a2
40808f72:	00c7d363          	bge	a5,a2,40808f78 <msgq_send+0xe>
40808f76:	853e                	c.mv	a0,a5
40808f78:	40882303          	lw	t1,1032(a6)
40808f7c:	47bd                	c.li	a5,15
40808f7e:	0467cc63          	blt	a5,t1,40808fd6 <msgq_send+0x6c>
40808f82:	40082883          	lw	a7,1024(a6)
40808f86:	04c05463          	bge	zero,a2,40808fce <msgq_send+0x64>
40808f8a:	00689613          	slli	a2,a7,0x6
40808f8e:	4781                	c.li	a5,0
40808f90:	00f58733          	add	a4,a1,a5
40808f94:	00074683          	lbu	a3,0(a4)
40808f98:	00f60733          	add	a4,a2,a5
40808f9c:	9742                	c.add	a4,a6
40808f9e:	00d70023          	sb	a3,0(a4)
40808fa2:	0785                	c.addi	a5,1
40808fa4:	fea7c6e3          	blt	a5,a0,40808f90 <msgq_send+0x26>
40808fa8:	86aa                	c.mv	a3,a0
40808faa:	00188793          	addi	a5,a7,1
40808fae:	41f7d713          	srai	a4,a5,0x1f
40808fb2:	8371                	c.srli	a4,0x1c
40808fb4:	9642                	c.add	a2,a6
40808fb6:	97ba                	c.add	a5,a4
40808fb8:	9636                	c.add	a2,a3
40808fba:	8bbd                	c.andi	a5,15
40808fbc:	00060023          	sb	zero,0(a2)
40808fc0:	0305                	c.addi	t1,1
40808fc2:	8f99                	c.sub	a5,a4
40808fc4:	40682423          	sw	t1,1032(a6)
40808fc8:	40f82023          	sw	a5,1024(a6)
40808fcc:	8082                	c.jr	ra
40808fce:	4681                	c.li	a3,0
40808fd0:	00689613          	slli	a2,a7,0x6
40808fd4:	bfd9                	c.j	40808faa <msgq_send+0x40>
40808fd6:	557d                	c.li	a0,-1
40808fd8:	8082                	c.jr	ra

40808fda <msgq_recv>:
40808fda:	40852783          	lw	a5,1032(a0)
40808fde:	86aa                	c.mv	a3,a0
40808fe0:	06f05363          	bge	zero,a5,40809046 <msgq_recv+0x6c>
40808fe4:	4785                	c.li	a5,1
40808fe6:	872e                	c.mv	a4,a1
40808fe8:	fff60813          	addi	a6,a2,-1
40808fec:	4501                	c.li	a0,0
40808fee:	00c7ca63          	blt	a5,a2,40809002 <msgq_recv+0x28>
40808ff2:	a881                	c.j	40809042 <msgq_recv+0x68>
40808ff4:	00f70023          	sb	a5,0(a4)
40808ff8:	0505                	c.addi	a0,1
40808ffa:	00160713          	addi	a4,a2,1
40808ffe:	03050f63          	beq	a0,a6,4080903c <msgq_recv+0x62>
40809002:	4046a783          	lw	a5,1028(a3)
40809006:	863a                	c.mv	a2,a4
40809008:	079a                	c.slli	a5,0x6
4080900a:	97b6                	c.add	a5,a3
4080900c:	97aa                	c.add	a5,a0
4080900e:	0007c783          	lbu	a5,0(a5)
40809012:	f3ed                	c.bnez	a5,40808ff4 <msgq_recv+0x1a>
40809014:	00060023          	sb	zero,0(a2)
40809018:	4046a783          	lw	a5,1028(a3)
4080901c:	4086a603          	lw	a2,1032(a3)
40809020:	0785                	c.addi	a5,1
40809022:	41f7d713          	srai	a4,a5,0x1f
40809026:	8371                	c.srli	a4,0x1c
40809028:	97ba                	c.add	a5,a4
4080902a:	8bbd                	c.andi	a5,15
4080902c:	8f99                	c.sub	a5,a4
4080902e:	fff60713          	addi	a4,a2,-1
40809032:	40f6a223          	sw	a5,1028(a3)
40809036:	40e6a423          	sw	a4,1032(a3)
4080903a:	8082                	c.jr	ra
4080903c:	00a58633          	add	a2,a1,a0
40809040:	bfd1                	c.j	40809014 <msgq_recv+0x3a>
40809042:	862e                	c.mv	a2,a1
40809044:	bfc1                	c.j	40809014 <msgq_recv+0x3a>
40809046:	557d                	c.li	a0,-1
40809048:	8082                	c.jr	ra

4080904a <msgq_avail>:
4080904a:	40852503          	lw	a0,1032(a0)
4080904e:	8082                	c.jr	ra

40809050 <task_count>:
40809050:	4081a7b7          	lui	a5,0x4081a
40809054:	4587a503          	lw	a0,1112(a5) # 4081a458 <_ZL12g_task_count>
40809058:	8082                	c.jr	ra

4080905a <task_get>:
4080905a:	87aa                	c.mv	a5,a0
4080905c:	02054363          	blt	a0,zero,40809082 <task_get+0x28>
40809060:	4081a737          	lui	a4,0x4081a
40809064:	45872703          	lw	a4,1112(a4) # 4081a458 <_ZL12g_task_count>
40809068:	4501                	c.li	a0,0
4080906a:	00e7dd63          	bge	a5,a4,40809084 <task_get+0x2a>
4080906e:	00279713          	slli	a4,a5,0x2
40809072:	97ba                	c.add	a5,a4
40809074:	4081a537          	lui	a0,0x4081a
40809078:	078e                	c.slli	a5,0x3
4080907a:	99850513          	addi	a0,a0,-1640 # 40819998 <_ZL7g_tasks>
4080907e:	953e                	c.add	a0,a5
40809080:	8082                	c.jr	ra
40809082:	4501                	c.li	a0,0
40809084:	8082                	c.jr	ra

40809086 <task_current_id>:
40809086:	408127b7          	lui	a5,0x40812
4080908a:	4f07a503          	lw	a0,1264(a5) # 408124f0 <_ZL9g_current>
4080908e:	8082                	c.jr	ra

40809090 <task_start>:
40809090:	4081a7b7          	lui	a5,0x4081a
40809094:	4587a603          	lw	a2,1112(a5) # 4081a458 <_ZL12g_task_count>
40809098:	4785                	c.li	a5,1
4080909a:	02c7d063          	bge	a5,a2,408090ba <task_start+0x2a>
4080909e:	4081a5b7          	lui	a1,0x4081a
408090a2:	89858593          	addi	a1,a1,-1896 # 40819898 <_ZL12g_idle_stack>
408090a6:	12c58713          	addi	a4,a1,300
408090aa:	4314                	c.lw	a3,0(a4)
408090ac:	02870713          	addi	a4,a4,40
408090b0:	c691                	c.beqz	a3,408090bc <task_start+0x2c>
408090b2:	0785                	c.addi	a5,1
408090b4:	fef61be3          	bne	a2,a5,408090aa <task_start+0x1a>
408090b8:	8082                	c.jr	ra
408090ba:	8082                	c.jr	ra
408090bc:	00279713          	slli	a4,a5,0x2
408090c0:	973e                	c.add	a4,a5
408090c2:	070e                	c.slli	a4,0x3
408090c4:	972e                	c.add	a4,a1
408090c6:	10072583          	lw	a1,256(a4)
408090ca:	1101                	c.addi	sp,-32
408090cc:	ce06                	c.swsp	ra,28(sp)
408090ce:	4605                	c.li	a2,1
408090d0:	408126b7          	lui	a3,0x40812
408090d4:	0068                	c.addi4spn	a0,sp,12
408090d6:	c602                	c.swsp	zero,12(sp)
408090d8:	10c72223          	sw	a2,260(a4)
408090dc:	4ef6a823          	sw	a5,1264(a3) # 408124f0 <_ZL9g_current>
408090e0:	820f70ef          	jal	ra,40800100 <ctx_switch>
408090e4:	40f2                	c.lwsp	ra,28(sp)
408090e6:	6105                	c.addi16sp	sp,32
408090e8:	8082                	c.jr	ra

408090ea <_Z8cmd_partPKc>:
408090ea:	7171                	c.addi16sp	sp,-176
408090ec:	d326                	c.swsp	s1,164(sp)
408090ee:	4081a4b7          	lui	s1,0x4081a
408090f2:	45c4a783          	lw	a5,1116(s1) # 4081a45c <_ZL10g_part_cnt>
408090f6:	d14a                	c.swsp	s2,160(sp)
408090f8:	d706                	c.swsp	ra,172(sp)
408090fa:	892a                	c.mv	s2,a0
408090fc:	cbf9                	c.beqz	a5,408091d2 <_Z8cmd_partPKc+0xe8>
408090fe:	00094783          	lbu	a5,0(s2)
40809102:	cb89                	c.beqz	a5,40809114 <_Z8cmd_partPKc+0x2a>
40809104:	4080d5b7          	lui	a1,0x4080d
40809108:	ab458593          	addi	a1,a1,-1356 # 4080cab4 <_str_crlf+0x666>
4080910c:	854a                	c.mv	a0,s2
4080910e:	efcf70ef          	jal	ra,4080080a <k_strcmp>
40809112:	e919                	c.bnez	a0,40809128 <_Z8cmd_partPKc+0x3e>
40809114:	50ba                	c.lwsp	ra,172(sp)
40809116:	549a                	c.lwsp	s1,164(sp)
40809118:	590a                	c.lwsp	s2,160(sp)
4080911a:	40811537          	lui	a0,0x40811
4080911e:	81050513          	addi	a0,a0,-2032 # 40810810 <_str_crlf+0x43c2>
40809122:	614d                	c.addi16sp	sp,176
40809124:	b5bf706f          	jal	zero,40800c7e <uart_puts>
40809128:	854a                	c.mv	a0,s2
4080912a:	004c                	c.addi4spn	a1,sp,4
4080912c:	4641                	c.li	a2,16
4080912e:	d522                	c.swsp	s0,168(sp)
40809130:	d1ef90ef          	jal	ra,4080264e <tok_next>
40809134:	4080e5b7          	lui	a1,0x4080e
40809138:	842a                	c.mv	s0,a0
4080913a:	04058593          	addi	a1,a1,64 # 4080e040 <_str_crlf+0x1bf2>
4080913e:	0048                	c.addi4spn	a0,sp,4
40809140:	ecaf70ef          	jal	ra,4080080a <k_strcmp>
40809144:	892a                	c.mv	s2,a0
40809146:	16051163          	bne	a0,zero,408092a8 <_Z8cmd_partPKc+0x1be>
4080914a:	45c4a783          	lw	a5,1116(s1)
4080914e:	14078663          	beq	a5,zero,4080929a <_Z8cmd_partPKc+0x1b0>
40809152:	40811537          	lui	a0,0x40811
40809156:	99c50513          	addi	a0,a0,-1636 # 4081099c <_str_crlf+0x454e>
4080915a:	b25f70ef          	jal	ra,40800c7e <uart_puts>
4080915e:	40811537          	lui	a0,0x40811
40809162:	9ac50513          	addi	a0,a0,-1620 # 408109ac <_str_crlf+0x455e>
40809166:	b19f70ef          	jal	ra,40800c7e <uart_puts>
4080916a:	45c4a583          	lw	a1,1116(s1)
4080916e:	04b05663          	bge	zero,a1,408091ba <_Z8cmd_partPKc+0xd0>
40809172:	4081a437          	lui	s0,0x4081a
40809176:	cf4e                	c.swsp	s3,156(sp)
40809178:	cd52                	c.swsp	s4,152(sp)
4080917a:	cb56                	c.swsp	s5,148(sp)
4080917c:	c1840413          	addi	s0,s0,-1000 # 40819c18 <_ZL7g_parts>
40809180:	40811a37          	lui	s4,0x40811
40809184:	408109b7          	lui	s3,0x40810
40809188:	40810ab7          	lui	s5,0x40810
4080918c:	501c                	c.lw	a5,32(s0)
4080918e:	4c10                	c.lw	a2,24(s0)
40809190:	4c54                	c.lw	a3,28(s0)
40809192:	85a2                	c.mv	a1,s0
40809194:	9d8a0513          	addi	a0,s4,-1576 # 408109d8 <_str_crlf+0x458a>
40809198:	7f098713          	addi	a4,s3,2032 # 408107f0 <_str_crlf+0x43a2>
4080919c:	c399                	c.beqz	a5,408091a2 <_Z8cmd_partPKc+0xb8>
4080919e:	7e4a8713          	addi	a4,s5,2020 # 408107e4 <_str_crlf+0x4396>
408091a2:	bd7f70ef          	jal	ra,40800d78 <kprintf>
408091a6:	45c4a583          	lw	a1,1116(s1)
408091aa:	0905                	c.addi	s2,1
408091ac:	02440413          	addi	s0,s0,36
408091b0:	fcb94ee3          	blt	s2,a1,4080918c <_Z8cmd_partPKc+0xa2>
408091b4:	49fa                	c.lwsp	s3,156(sp)
408091b6:	4a6a                	c.lwsp	s4,152(sp)
408091b8:	4ada                	c.lwsp	s5,148(sp)
408091ba:	40811537          	lui	a0,0x40811
408091be:	9f450513          	addi	a0,a0,-1548 # 408109f4 <_str_crlf+0x45a6>
408091c2:	bb7f70ef          	jal	ra,40800d78 <kprintf>
408091c6:	542a                	c.lwsp	s0,168(sp)
408091c8:	50ba                	c.lwsp	ra,172(sp)
408091ca:	549a                	c.lwsp	s1,164(sp)
408091cc:	590a                	c.lwsp	s2,160(sp)
408091ce:	614d                	c.addi16sp	sp,176
408091d0:	8082                	c.jr	ra
408091d2:	d522                	c.swsp	s0,168(sp)
408091d4:	408105b7          	lui	a1,0x40810
408091d8:	4081a437          	lui	s0,0x4081a
408091dc:	c1840513          	addi	a0,s0,-1000 # 40819c18 <_ZL7g_parts>
408091e0:	7f858593          	addi	a1,a1,2040 # 408107f8 <_str_crlf+0x43aa>
408091e4:	465d                	c.li	a2,23
408091e6:	cf4e                	c.swsp	s3,156(sp)
408091e8:	cd52                	c.swsp	s4,152(sp)
408091ea:	e8ef70ef          	jal	ra,40800878 <k_strncpy>
408091ee:	45c4a783          	lw	a5,1116(s1)
408091f2:	c1840413          	addi	s0,s0,-1000
408091f6:	408115b7          	lui	a1,0x40811
408091fa:	4985                	c.li	s3,1
408091fc:	0785                	c.addi	a5,1
408091fe:	6a41                	c.lui	s4,0x10
40809200:	02440513          	addi	a0,s0,36
40809204:	80058593          	addi	a1,a1,-2048 # 40810800 <_str_crlf+0x43b2>
40809208:	465d                	c.li	a2,23
4080920a:	01442e23          	sw	s4,28(s0)
4080920e:	03342023          	sw	s3,32(s0)
40809212:	00042c23          	sw	zero,24(s0)
40809216:	44f4ae23          	sw	a5,1116(s1)
4080921a:	e5ef70ef          	jal	ra,40800878 <k_strncpy>
4080921e:	45c4a783          	lw	a5,1116(s1)
40809222:	408115b7          	lui	a1,0x40811
40809226:	00100737          	lui	a4,0x100
4080922a:	97ce                	c.add	a5,s3
4080922c:	04840513          	addi	a0,s0,72
40809230:	80858593          	addi	a1,a1,-2040 # 40810808 <_str_crlf+0x43ba>
40809234:	465d                	c.li	a2,23
40809236:	03442e23          	sw	s4,60(s0)
4080923a:	05342223          	sw	s3,68(s0)
4080923e:	c038                	c.sw	a4,64(s0)
40809240:	44f4ae23          	sw	a5,1116(s1)
40809244:	e34f70ef          	jal	ra,40800878 <k_strncpy>
40809248:	45c4a783          	lw	a5,1116(s1)
4080924c:	4080e5b7          	lui	a1,0x4080e
40809250:	001106b7          	lui	a3,0x110
40809254:	97ce                	c.add	a5,s3
40809256:	00080737          	lui	a4,0x80
4080925a:	06c40513          	addi	a0,s0,108
4080925e:	33058593          	addi	a1,a1,816 # 4080e330 <_str_crlf+0x1ee2>
40809262:	465d                	c.li	a2,23
40809264:	d034                	c.sw	a3,96(s0)
40809266:	d078                	c.sw	a4,100(s0)
40809268:	06042423          	sw	zero,104(s0)
4080926c:	44f4ae23          	sw	a5,1116(s1)
40809270:	e08f70ef          	jal	ra,40800878 <k_strncpy>
40809274:	45c4a783          	lw	a5,1116(s1)
40809278:	001906b7          	lui	a3,0x190
4080927c:	00200737          	lui	a4,0x200
40809280:	97ce                	c.add	a5,s3
40809282:	08042623          	sw	zero,140(s0)
40809286:	08d42223          	sw	a3,132(s0)
4080928a:	08e42423          	sw	a4,136(s0)
4080928e:	49fa                	c.lwsp	s3,156(sp)
40809290:	542a                	c.lwsp	s0,168(sp)
40809292:	4a6a                	c.lwsp	s4,152(sp)
40809294:	44f4ae23          	sw	a5,1116(s1)
40809298:	b59d                	c.j	408090fe <_Z8cmd_partPKc+0x14>
4080929a:	40811537          	lui	a0,0x40811
4080929e:	98050513          	addi	a0,a0,-1664 # 40810980 <_str_crlf+0x4532>
408092a2:	9ddf70ef          	jal	ra,40800c7e <uart_puts>
408092a6:	b705                	c.j	408091c6 <_Z8cmd_partPKc+0xdc>
408092a8:	4080e5b7          	lui	a1,0x4080e
408092ac:	3a858593          	addi	a1,a1,936 # 4080e3a8 <_str_crlf+0x1f5a>
408092b0:	0048                	c.addi4spn	a0,sp,4
408092b2:	cb56                	c.swsp	s5,148(sp)
408092b4:	d56f70ef          	jal	ra,4080080a <k_strcmp>
408092b8:	8aaa                	c.mv	s5,a0
408092ba:	e125                	c.bnez	a0,4080931a <_Z8cmd_partPKc+0x230>
408092bc:	01410913          	addi	s2,sp,20
408092c0:	8522                	c.mv	a0,s0
408092c2:	85ca                	c.mv	a1,s2
408092c4:	4661                	c.li	a2,24
408092c6:	b88f90ef          	jal	ra,4080264e <tok_next>
408092ca:	01414783          	lbu	a5,20(sp)
408092ce:	842a                	c.mv	s0,a0
408092d0:	14078663          	beq	a5,zero,4080941c <_Z8cmd_partPKc+0x332>
408092d4:	45c4a783          	lw	a5,1116(s1)
408092d8:	cf4e                	c.swsp	s3,156(sp)
408092da:	cd52                	c.swsp	s4,152(sp)
408092dc:	14f05b63          	bge	zero,a5,40809432 <_Z8cmd_partPKc+0x348>
408092e0:	4081a9b7          	lui	s3,0x4081a
408092e4:	c1898993          	addi	s3,s3,-1000 # 40819c18 <_ZL7g_parts>
408092e8:	4a01                	c.li	s4,0
408092ea:	a039                	c.j	408092f8 <_Z8cmd_partPKc+0x20e>
408092ec:	45c4a783          	lw	a5,1116(s1)
408092f0:	02498993          	addi	s3,s3,36
408092f4:	12fa5c63          	bge	s4,a5,4080942c <_Z8cmd_partPKc+0x342>
408092f8:	85ca                	c.mv	a1,s2
408092fa:	854e                	c.mv	a0,s3
408092fc:	d0ef70ef          	jal	ra,4080080a <k_strcmp>
40809300:	0a05                	c.addi	s4,1 # 10001 <_kernel_start-0x407effff>
40809302:	f56d                	c.bnez	a0,408092ec <_Z8cmd_partPKc+0x202>
40809304:	40811537          	lui	a0,0x40811
40809308:	85ca                	c.mv	a1,s2
4080930a:	c2850513          	addi	a0,a0,-984 # 40810c28 <_str_crlf+0x47da>
4080930e:	a6bf70ef          	jal	ra,40800d78 <kprintf>
40809312:	49fa                	c.lwsp	s3,156(sp)
40809314:	4a6a                	c.lwsp	s4,152(sp)
40809316:	4ada                	c.lwsp	s5,148(sp)
40809318:	b57d                	c.j	408091c6 <_Z8cmd_partPKc+0xdc>
4080931a:	4080e5b7          	lui	a1,0x4080e
4080931e:	3cc58593          	addi	a1,a1,972 # 4080e3cc <_str_crlf+0x1f7e>
40809322:	0048                	c.addi4spn	a0,sp,4
40809324:	ce6f70ef          	jal	ra,4080080a <k_strcmp>
40809328:	8aaa                	c.mv	s5,a0
4080932a:	e165                	c.bnez	a0,4080940a <_Z8cmd_partPKc+0x320>
4080932c:	01410913          	addi	s2,sp,20
40809330:	8522                	c.mv	a0,s0
40809332:	85ca                	c.mv	a1,s2
40809334:	4661                	c.li	a2,24
40809336:	b18f90ef          	jal	ra,4080264e <tok_next>
4080933a:	01414783          	lbu	a5,20(sp)
4080933e:	38078563          	beq	a5,zero,408096c8 <_Z8cmd_partPKc+0x5de>
40809342:	45c4a783          	lw	a5,1116(s1)
40809346:	38f05b63          	bge	zero,a5,408096dc <_Z8cmd_partPKc+0x5f2>
4080934a:	4081a437          	lui	s0,0x4081a
4080934e:	cf4e                	c.swsp	s3,156(sp)
40809350:	cd52                	c.swsp	s4,152(sp)
40809352:	c1840993          	addi	s3,s0,-1000 # 40819c18 <_ZL7g_parts>
40809356:	c1840a13          	addi	s4,s0,-1000
4080935a:	c1840413          	addi	s0,s0,-1000
4080935e:	a801                	c.j	4080936e <_Z8cmd_partPKc+0x284>
40809360:	45c4a783          	lw	a5,1116(s1)
40809364:	0a85                	c.addi	s5,1
40809366:	02440413          	addi	s0,s0,36
4080936a:	36fad763          	bge	s5,a5,408096d8 <_Z8cmd_partPKc+0x5ee>
4080936e:	85ca                	c.mv	a1,s2
40809370:	8522                	c.mv	a0,s0
40809372:	c98f70ef          	jal	ra,4080080a <k_strcmp>
40809376:	f56d                	c.bnez	a0,40809360 <_Z8cmd_partPKc+0x276>
40809378:	003a9413          	slli	s0,s5,0x3
4080937c:	c95a                	c.swsp	s6,144(sp)
4080937e:	01540b33          	add	s6,s0,s5
40809382:	0b0a                	c.slli	s6,0x2
40809384:	9b4e                	c.add	s6,s3
40809386:	020b2783          	lw	a5,32(s6)
4080938a:	3e079963          	bne	a5,zero,4080977c <_Z8cmd_partPKc+0x692>
4080938e:	45c4a783          	lw	a5,1116(s1)
40809392:	fff78f13          	addi	t5,a5,-1
40809396:	05eadc63          	bge	s5,t5,408093ee <_Z8cmd_partPKc+0x304>
4080939a:	00379e93          	slli	t4,a5,0x3
4080939e:	9ebe                	c.add	t4,a5
408093a0:	01540533          	add	a0,s0,s5
408093a4:	00251793          	slli	a5,a0,0x2
408093a8:	fdca0a13          	addi	s4,s4,-36
408093ac:	0e8a                	c.slli	t4,0x2
408093ae:	97ce                	c.add	a5,s3
408093b0:	9ed2                	c.add	t4,s4
408093b2:	0247ae03          	lw	t3,36(a5)
408093b6:	0287a303          	lw	t1,40(a5)
408093ba:	02c7a883          	lw	a7,44(a5)
408093be:	0307a803          	lw	a6,48(a5)
408093c2:	5bc8                	c.lw	a0,52(a5)
408093c4:	5f8c                	c.lw	a1,56(a5)
408093c6:	5fd0                	c.lw	a2,60(a5)
408093c8:	43b4                	c.lw	a3,64(a5)
408093ca:	43f8                	c.lw	a4,68(a5)
408093cc:	01c7a023          	sw	t3,0(a5)
408093d0:	0067a223          	sw	t1,4(a5)
408093d4:	0117a423          	sw	a7,8(a5)
408093d8:	0107a623          	sw	a6,12(a5)
408093dc:	cb88                	c.sw	a0,16(a5)
408093de:	cbcc                	c.sw	a1,20(a5)
408093e0:	cf90                	c.sw	a2,24(a5)
408093e2:	cfd4                	c.sw	a3,28(a5)
408093e4:	d398                	c.sw	a4,32(a5)
408093e6:	02478793          	addi	a5,a5,36
408093ea:	fdd794e3          	bne	a5,t4,408093b2 <_Z8cmd_partPKc+0x2c8>
408093ee:	40811537          	lui	a0,0x40811
408093f2:	85ca                	c.mv	a1,s2
408093f4:	be050513          	addi	a0,a0,-1056 # 40810be0 <_str_crlf+0x4792>
408093f8:	45e4ae23          	sw	t5,1116(s1)
408093fc:	97df70ef          	jal	ra,40800d78 <kprintf>
40809400:	49fa                	c.lwsp	s3,156(sp)
40809402:	4a6a                	c.lwsp	s4,152(sp)
40809404:	4ada                	c.lwsp	s5,148(sp)
40809406:	4b4a                	c.lwsp	s6,144(sp)
40809408:	bb7d                	c.j	408091c6 <_Z8cmd_partPKc+0xdc>
4080940a:	40811537          	lui	a0,0x40811
4080940e:	004c                	c.addi4spn	a1,sp,4
40809410:	bf850513          	addi	a0,a0,-1032 # 40810bf8 <_str_crlf+0x47aa>
40809414:	965f70ef          	jal	ra,40800d78 <kprintf>
40809418:	4ada                	c.lwsp	s5,148(sp)
4080941a:	b375                	c.j	408091c6 <_Z8cmd_partPKc+0xdc>
4080941c:	40811537          	lui	a0,0x40811
40809420:	a0c50513          	addi	a0,a0,-1524 # 40810a0c <_str_crlf+0x45be>
40809424:	85bf70ef          	jal	ra,40800c7e <uart_puts>
40809428:	4ada                	c.lwsp	s5,148(sp)
4080942a:	bb71                	c.j	408091c6 <_Z8cmd_partPKc+0xdc>
4080942c:	473d                	c.li	a4,15
4080942e:	3cf74163          	blt	a4,a5,408097f0 <_Z8cmd_partPKc+0x706>
40809432:	c95a                	c.swsp	s6,144(sp)
40809434:	c75e                	c.swsp	s7,140(sp)
40809436:	c562                	c.swsp	s8,136(sp)
40809438:	c366                	c.swsp	s9,132(sp)
4080943a:	c16a                	c.swsp	s10,128(sp)
4080943c:	02010623          	sb	zero,44(sp)
40809440:	04010223          	sb	zero,68(sp)
40809444:	4b81                	c.li	s7,0
40809446:	4a01                	c.li	s4,0
40809448:	4c09                	c.li	s8,2
4080944a:	02000993          	addi	s3,zero,32
4080944e:	4b25                	c.li	s6,9
40809450:	02d00c93          	addi	s9,zero,45
40809454:	40811d37          	lui	s10,0x40811
40809458:	00044783          	lbu	a5,0(s0)
4080945c:	01378463          	beq	a5,s3,40809464 <_Z8cmd_partPKc+0x37a>
40809460:	01679463          	bne	a5,s6,40809468 <_Z8cmd_partPKc+0x37e>
40809464:	0405                	c.addi	s0,1
40809466:	bfcd                	c.j	40809458 <_Z8cmd_partPKc+0x36e>
40809468:	03979d63          	bne	a5,s9,408094a2 <_Z8cmd_partPKc+0x3b8>
4080946c:	8522                	c.mv	a0,s0
4080946e:	4611                	c.li	a2,4
40809470:	858a                	c.mv	a1,sp
40809472:	9dcf90ef          	jal	ra,4080264e <tok_next>
40809476:	842a                	c.mv	s0,a0
40809478:	a50d0593          	addi	a1,s10,-1456 # 40810a50 <_str_crlf+0x4602>
4080947c:	850a                	c.mv	a0,sp
4080947e:	b8cf70ef          	jal	ra,4080080a <k_strcmp>
40809482:	01456533          	or	a0,a0,s4
40809486:	e971                	c.bnez	a0,4080955a <_Z8cmd_partPKc+0x470>
40809488:	8522                	c.mv	a0,s0
4080948a:	4661                	c.li	a2,24
4080948c:	106c                	c.addi4spn	a1,sp,44
4080948e:	9c0f90ef          	jal	ra,4080264e <tok_next>
40809492:	02c14a03          	lbu	s4,44(sp)
40809496:	842a                	c.mv	s0,a0
40809498:	01403a33          	sltu	s4,zero,s4
4080949c:	4785                	c.li	a5,1
4080949e:	0afc1c63          	bne	s8,a5,40809556 <_Z8cmd_partPKc+0x46c>
408094a2:	240a1663          	bne	s4,zero,408096ee <_Z8cmd_partPKc+0x604>
408094a6:	0c0b9f63          	bne	s7,zero,40809584 <_Z8cmd_partPKc+0x49a>
408094aa:	05c10a93          	addi	s5,sp,92
408094ae:	8556                	c.mv	a0,s5
408094b0:	02400613          	addi	a2,zero,36
408094b4:	4581                	c.li	a1,0
408094b6:	bf6f70ef          	jal	ra,408008ac <k_memset>
408094ba:	45c4aa03          	lw	s4,1116(s1)
408094be:	4081a437          	lui	s0,0x4081a
408094c2:	c1840993          	addi	s3,s0,-1000 # 40819c18 <_ZL7g_parts>
408094c6:	fffa0713          	addi	a4,s4,-1
408094ca:	00371793          	slli	a5,a4,0x3
408094ce:	97ba                	c.add	a5,a4
408094d0:	078a                	c.slli	a5,0x2
408094d2:	97ce                	c.add	a5,s3
408094d4:	4f98                	c.lw	a4,24(a5)
408094d6:	4fdc                	c.lw	a5,28(a5)
408094d8:	66c1                	c.lui	a3,0x10
408094da:	dcb6                	c.swsp	a3,120(sp)
408094dc:	97ba                	c.add	a5,a4
408094de:	dabe                	c.swsp	a5,116(sp)
408094e0:	003a1413          	slli	s0,s4,0x3
408094e4:	465d                	c.li	a2,23
408094e6:	85ca                	c.mv	a1,s2
408094e8:	8556                	c.mv	a0,s5
408094ea:	b8ef70ef          	jal	ra,40800878 <k_strncpy>
408094ee:	45c4a703          	lw	a4,1116(s1)
408094f2:	060109a3          	sb	zero,115(sp)
408094f6:	5656                	c.lwsp	a2,116(sp)
408094f8:	56e6                	c.lwsp	a3,120(sp)
408094fa:	4f76                	c.lwsp	t5,92(sp)
408094fc:	5e86                	c.lwsp	t4,96(sp)
408094fe:	5e16                	c.lwsp	t3,100(sp)
40809500:	5326                	c.lwsp	t1,104(sp)
40809502:	58b6                	c.lwsp	a7,108(sp)
40809504:	5846                	c.lwsp	a6,112(sp)
40809506:	014407b3          	add	a5,s0,s4
4080950a:	078a                	c.slli	a5,0x2
4080950c:	40811537          	lui	a0,0x40811
40809510:	97ce                	c.add	a5,s3
40809512:	0705                	c.addi	a4,1 # 200001 <_kernel_start-0x405fffff>
40809514:	85ca                	c.mv	a1,s2
40809516:	aa050513          	addi	a0,a0,-1376 # 40810aa0 <_str_crlf+0x4652>
4080951a:	0207a023          	sw	zero,32(a5)
4080951e:	de82                	c.swsp	zero,124(sp)
40809520:	01e7a023          	sw	t5,0(a5)
40809524:	01d7a223          	sw	t4,4(a5)
40809528:	01c7a423          	sw	t3,8(a5)
4080952c:	0067a623          	sw	t1,12(a5)
40809530:	0117a823          	sw	a7,16(a5)
40809534:	0107aa23          	sw	a6,20(a5)
40809538:	44e4ae23          	sw	a4,1116(s1)
4080953c:	cf90                	c.sw	a2,24(a5)
4080953e:	cfd4                	c.sw	a3,28(a5)
40809540:	839f70ef          	jal	ra,40800d78 <kprintf>
40809544:	49fa                	c.lwsp	s3,156(sp)
40809546:	4a6a                	c.lwsp	s4,152(sp)
40809548:	4ada                	c.lwsp	s5,148(sp)
4080954a:	4b4a                	c.lwsp	s6,144(sp)
4080954c:	4bba                	c.lwsp	s7,140(sp)
4080954e:	4c2a                	c.lwsp	s8,136(sp)
40809550:	4c9a                	c.lwsp	s9,132(sp)
40809552:	4d0a                	c.lwsp	s10,128(sp)
40809554:	b98d                	c.j	408091c6 <_Z8cmd_partPKc+0xdc>
40809556:	8c3e                	c.mv	s8,a5
40809558:	b701                	c.j	40809458 <_Z8cmd_partPKc+0x36e>
4080955a:	408115b7          	lui	a1,0x40811
4080955e:	a5458593          	addi	a1,a1,-1452 # 40810a54 <_str_crlf+0x4606>
40809562:	850a                	c.mv	a0,sp
40809564:	aa6f70ef          	jal	ra,4080080a <k_strcmp>
40809568:	f915                	c.bnez	a0,4080949c <_Z8cmd_partPKc+0x3b2>
4080956a:	f20b99e3          	bne	s7,zero,4080949c <_Z8cmd_partPKc+0x3b2>
4080956e:	8522                	c.mv	a0,s0
40809570:	4661                	c.li	a2,24
40809572:	00cc                	c.addi4spn	a1,sp,68
40809574:	8daf90ef          	jal	ra,4080264e <tok_next>
40809578:	04414b83          	lbu	s7,68(sp)
4080957c:	842a                	c.mv	s0,a0
4080957e:	01703bb3          	sltu	s7,zero,s7
40809582:	bf29                	c.j	4080949c <_Z8cmd_partPKc+0x3b2>
40809584:	45c4a783          	lw	a5,1116(s1)
40809588:	04410c93          	addi	s9,sp,68
4080958c:	32f05463          	bge	zero,a5,408098b4 <_Z8cmd_partPKc+0x7ca>
40809590:	4081a437          	lui	s0,0x4081a
40809594:	c1840b93          	addi	s7,s0,-1000 # 40819c18 <_ZL7g_parts>
40809598:	c1840993          	addi	s3,s0,-1000
4080959c:	c1840b13          	addi	s6,s0,-1000
408095a0:	04410c93          	addi	s9,sp,68
408095a4:	a039                	c.j	408095b2 <_Z8cmd_partPKc+0x4c8>
408095a6:	45c4a783          	lw	a5,1116(s1)
408095aa:	024b0b13          	addi	s6,s6,36
408095ae:	30fad363          	bge	s5,a5,408098b4 <_Z8cmd_partPKc+0x7ca>
408095b2:	85e6                	c.mv	a1,s9
408095b4:	855a                	c.mv	a0,s6
408095b6:	a54f70ef          	jal	ra,4080080a <k_strcmp>
408095ba:	8d2a                	c.mv	s10,a0
408095bc:	0a85                	c.addi	s5,1
408095be:	f565                	c.bnez	a0,408095a6 <_Z8cmd_partPKc+0x4bc>
408095c0:	05c10a93          	addi	s5,sp,92
408095c4:	8556                	c.mv	a0,s5
408095c6:	02400613          	addi	a2,zero,36
408095ca:	4581                	c.li	a1,0
408095cc:	ae0f70ef          	jal	ra,408008ac <k_memset>
408095d0:	45c4a703          	lw	a4,1116(s1)
408095d4:	260a0c63          	beq	s4,zero,4080984c <_Z8cmd_partPKc+0x762>
408095d8:	8a5e                	c.mv	s4,s7
408095da:	4b01                	c.li	s6,0
408095dc:	02c10c13          	addi	s8,sp,44
408095e0:	00e04863          	blt	zero,a4,408095f0 <_Z8cmd_partPKc+0x506>
408095e4:	a475                	c.j	40809890 <_Z8cmd_partPKc+0x7a6>
408095e6:	0b05                	c.addi	s6,1
408095e8:	024a0a13          	addi	s4,s4,36
408095ec:	24fb5e63          	bge	s6,a5,40809848 <_Z8cmd_partPKc+0x75e>
408095f0:	85e2                	c.mv	a1,s8
408095f2:	8552                	c.mv	a0,s4
408095f4:	a16f70ef          	jal	ra,4080080a <k_strcmp>
408095f8:	45c4a783          	lw	a5,1116(s1)
408095fc:	f56d                	c.bnez	a0,408095e6 <_Z8cmd_partPKc+0x4fc>
408095fe:	00f04a63          	blt	zero,a5,40809612 <_Z8cmd_partPKc+0x528>
40809602:	a479                	c.j	40809890 <_Z8cmd_partPKc+0x7a6>
40809604:	45c4a783          	lw	a5,1116(s1)
40809608:	0d05                	c.addi	s10,1
4080960a:	024b8b93          	addi	s7,s7,36
4080960e:	28fd5163          	bge	s10,a5,40809890 <_Z8cmd_partPKc+0x7a6>
40809612:	85e6                	c.mv	a1,s9
40809614:	855e                	c.mv	a0,s7
40809616:	9f4f70ef          	jal	ra,4080080a <k_strcmp>
4080961a:	f56d                	c.bnez	a0,40809604 <_Z8cmd_partPKc+0x51a>
4080961c:	57fd                	c.li	a5,-1
4080961e:	26fb0963          	beq	s6,a5,40809890 <_Z8cmd_partPKc+0x7a6>
40809622:	8a5a                	c.mv	s4,s6
40809624:	016d5363          	bge	s10,s6,4080962a <_Z8cmd_partPKc+0x540>
40809628:	8a6a                	c.mv	s4,s10
4080962a:	003a1793          	slli	a5,s4,0x3
4080962e:	97d2                	c.add	a5,s4
40809630:	078a                	c.slli	a5,0x2
40809632:	97ce                	c.add	a5,s3
40809634:	4f98                	c.lw	a4,24(a5)
40809636:	4fdc                	c.lw	a5,28(a5)
40809638:	c1840993          	addi	s3,s0,-1000
4080963c:	973e                	c.add	a4,a5
4080963e:	01ab5363          	bge	s6,s10,40809644 <_Z8cmd_partPKc+0x55a>
40809642:	8b6a                	c.mv	s6,s10
40809644:	003b1793          	slli	a5,s6,0x3
40809648:	97da                	c.add	a5,s6
4080964a:	078a                	c.slli	a5,0x2
4080964c:	97ce                	c.add	a5,s3
4080964e:	4f94                	c.lw	a3,24(a5)
40809650:	67c1                	c.lui	a5,0x10
40809652:	00d77463          	bgeu	a4,a3,4080965a <_Z8cmd_partPKc+0x570>
40809656:	40e687b3          	sub	a5,a3,a4
4080965a:	daba                	c.swsp	a4,116(sp)
4080965c:	45c4a703          	lw	a4,1116(s1)
40809660:	dcbe                	c.swsp	a5,120(sp)
40809662:	0a05                	c.addi	s4,1
40809664:	003a1413          	slli	s0,s4,0x3
40809668:	e6ea5ee3          	bge	s4,a4,408094e4 <_Z8cmd_partPKc+0x3fa>
4080966c:	00371793          	slli	a5,a4,0x3
40809670:	003a1413          	slli	s0,s4,0x3
40809674:	97ba                	c.add	a5,a4
40809676:	01440e33          	add	t3,s0,s4
4080967a:	078a                	c.slli	a5,0x2
4080967c:	0e0a                	c.slli	t3,0x2
4080967e:	97ce                	c.add	a5,s3
40809680:	9e4e                	c.add	t3,s3
40809682:	fdc7a703          	lw	a4,-36(a5) # ffdc <_kernel_start-0x407f0024>
40809686:	fe07a303          	lw	t1,-32(a5)
4080968a:	fe47a883          	lw	a7,-28(a5)
4080968e:	fe87a803          	lw	a6,-24(a5)
40809692:	fec7a503          	lw	a0,-20(a5)
40809696:	ff07a583          	lw	a1,-16(a5)
4080969a:	ff47a603          	lw	a2,-12(a5)
4080969e:	ff87a683          	lw	a3,-8(a5)
408096a2:	c398                	c.sw	a4,0(a5)
408096a4:	ffc7a703          	lw	a4,-4(a5)
408096a8:	0067a223          	sw	t1,4(a5)
408096ac:	0117a423          	sw	a7,8(a5)
408096b0:	0107a623          	sw	a6,12(a5)
408096b4:	cb88                	c.sw	a0,16(a5)
408096b6:	cbcc                	c.sw	a1,20(a5)
408096b8:	cf90                	c.sw	a2,24(a5)
408096ba:	cfd4                	c.sw	a3,28(a5)
408096bc:	d398                	c.sw	a4,32(a5)
408096be:	fdc78793          	addi	a5,a5,-36
408096c2:	fdc790e3          	bne	a5,t3,40809682 <_Z8cmd_partPKc+0x598>
408096c6:	bd39                	c.j	408094e4 <_Z8cmd_partPKc+0x3fa>
408096c8:	40811537          	lui	a0,0x40811
408096cc:	af050513          	addi	a0,a0,-1296 # 40810af0 <_str_crlf+0x46a2>
408096d0:	daef70ef          	jal	ra,40800c7e <uart_puts>
408096d4:	4ada                	c.lwsp	s5,148(sp)
408096d6:	bcc5                	c.j	408091c6 <_Z8cmd_partPKc+0xdc>
408096d8:	49fa                	c.lwsp	s3,156(sp)
408096da:	4a6a                	c.lwsp	s4,152(sp)
408096dc:	40811537          	lui	a0,0x40811
408096e0:	85ca                	c.mv	a1,s2
408096e2:	acc50513          	addi	a0,a0,-1332 # 40810acc <_str_crlf+0x467e>
408096e6:	e92f70ef          	jal	ra,40800d78 <kprintf>
408096ea:	4ada                	c.lwsp	s5,148(sp)
408096ec:	bce9                	c.j	408091c6 <_Z8cmd_partPKc+0xdc>
408096ee:	45c4a783          	lw	a5,1116(s1)
408096f2:	02c10c13          	addi	s8,sp,44
408096f6:	1cf05763          	bge	zero,a5,408098c4 <_Z8cmd_partPKc+0x7da>
408096fa:	4081a437          	lui	s0,0x4081a
408096fe:	c1840c93          	addi	s9,s0,-1000 # 40819c18 <_ZL7g_parts>
40809702:	c1840993          	addi	s3,s0,-1000
40809706:	4b01                	c.li	s6,0
40809708:	c1840413          	addi	s0,s0,-1000
4080970c:	02c10c13          	addi	s8,sp,44
40809710:	a039                	c.j	4080971e <_Z8cmd_partPKc+0x634>
40809712:	45c4a783          	lw	a5,1116(s1)
40809716:	02440413          	addi	s0,s0,36
4080971a:	1afb5563          	bge	s6,a5,408098c4 <_Z8cmd_partPKc+0x7da>
4080971e:	85e2                	c.mv	a1,s8
40809720:	8522                	c.mv	a0,s0
40809722:	8e8f70ef          	jal	ra,4080080a <k_strcmp>
40809726:	0b05                	c.addi	s6,1
40809728:	f56d                	c.bnez	a0,40809712 <_Z8cmd_partPKc+0x628>
4080972a:	e40b9de3          	bne	s7,zero,40809584 <_Z8cmd_partPKc+0x49a>
4080972e:	05c10a93          	addi	s5,sp,92
40809732:	8556                	c.mv	a0,s5
40809734:	02400613          	addi	a2,zero,36
40809738:	4581                	c.li	a1,0
4080973a:	972f70ef          	jal	ra,408008ac <k_memset>
4080973e:	45c4a783          	lw	a5,1116(s1)
40809742:	4a01                	c.li	s4,0
40809744:	00f04763          	blt	zero,a5,40809752 <_Z8cmd_partPKc+0x668>
40809748:	a251                	c.j	408098cc <_Z8cmd_partPKc+0x7e2>
4080974a:	024c8c93          	addi	s9,s9,36
4080974e:	0eea5a63          	bge	s4,a4,40809842 <_Z8cmd_partPKc+0x758>
40809752:	85e2                	c.mv	a1,s8
40809754:	8566                	c.mv	a0,s9
40809756:	8b4f70ef          	jal	ra,4080080a <k_strcmp>
4080975a:	87d2                	c.mv	a5,s4
4080975c:	45c4a703          	lw	a4,1116(s1)
40809760:	0a05                	c.addi	s4,1
40809762:	f565                	c.bnez	a0,4080974a <_Z8cmd_partPKc+0x660>
40809764:	00379693          	slli	a3,a5,0x3
40809768:	97b6                	c.add	a5,a3
4080976a:	078a                	c.slli	a5,0x2
4080976c:	97ce                	c.add	a5,s3
4080976e:	4f94                	c.lw	a3,24(a5)
40809770:	4fdc                	c.lw	a5,28(a5)
40809772:	6641                	c.lui	a2,0x10
40809774:	dcb2                	c.swsp	a2,120(sp)
40809776:	97b6                	c.add	a5,a3
40809778:	dabe                	c.swsp	a5,116(sp)
4080977a:	b5ed                	c.j	40809664 <_Z8cmd_partPKc+0x57a>
4080977c:	877f90ef          	jal	ra,40802ff2 <user_check_root>
40809780:	10050f63          	beq	a0,zero,4080989e <_Z8cmd_partPKc+0x7b4>
40809784:	020b2783          	lw	a5,32(s6)
40809788:	c00783e3          	beq	a5,zero,4080938e <_Z8cmd_partPKc+0x2a4>
4080978c:	40811537          	lui	a0,0x40811
40809790:	b5450513          	addi	a0,a0,-1196 # 40810b54 <_str_crlf+0x4706>
40809794:	c75e                	c.swsp	s7,140(sp)
40809796:	ce8f70ef          	jal	ra,40800c7e <uart_puts>
4080979a:	40811537          	lui	a0,0x40811
4080979e:	ba450513          	addi	a0,a0,-1116 # 40810ba4 <_str_crlf+0x4756>
408097a2:	cdcf70ef          	jal	ra,40800c7e <uart_puts>
408097a6:	a019                	c.j	408097ac <_Z8cmd_partPKc+0x6c2>
408097a8:	e06ff0ef          	jal	ra,40808dae <task_yield>
408097ac:	da8f70ef          	jal	ra,40800d54 <uart_avail>
408097b0:	dd65                	c.beqz	a0,408097a8 <_Z8cmd_partPKc+0x6be>
408097b2:	daef70ef          	jal	ra,40800d60 <uart_getc>
408097b6:	0ff57b13          	andi	s6,a0,255
408097ba:	855a                	c.mv	a0,s6
408097bc:	920f70ef          	jal	ra,408008dc <uart_putc>
408097c0:	40810bb7          	lui	s7,0x40810
408097c4:	bc4b8513          	addi	a0,s7,-1084 # 4080fbc4 <_str_crlf+0x3776>
408097c8:	cb6f70ef          	jal	ra,40800c7e <uart_puts>
408097cc:	0dfb7b13          	andi	s6,s6,223
408097d0:	05900793          	addi	a5,zero,89
408097d4:	02fb0863          	beq	s6,a5,40809804 <_Z8cmd_partPKc+0x71a>
408097d8:	40811537          	lui	a0,0x40811
408097dc:	bbc50513          	addi	a0,a0,-1092 # 40810bbc <_str_crlf+0x476e>
408097e0:	c9ef70ef          	jal	ra,40800c7e <uart_puts>
408097e4:	49fa                	c.lwsp	s3,156(sp)
408097e6:	4a6a                	c.lwsp	s4,152(sp)
408097e8:	4ada                	c.lwsp	s5,148(sp)
408097ea:	4b4a                	c.lwsp	s6,144(sp)
408097ec:	4bba                	c.lwsp	s7,140(sp)
408097ee:	bae1                	c.j	408091c6 <_Z8cmd_partPKc+0xdc>
408097f0:	40811537          	lui	a0,0x40811
408097f4:	a3050513          	addi	a0,a0,-1488 # 40810a30 <_str_crlf+0x45e2>
408097f8:	c86f70ef          	jal	ra,40800c7e <uart_puts>
408097fc:	49fa                	c.lwsp	s3,156(sp)
408097fe:	4a6a                	c.lwsp	s4,152(sp)
40809800:	4ada                	c.lwsp	s5,148(sp)
40809802:	b2d1                	c.j	408091c6 <_Z8cmd_partPKc+0xdc>
40809804:	40811537          	lui	a0,0x40811
40809808:	bcc50513          	addi	a0,a0,-1076 # 40810bcc <_str_crlf+0x477e>
4080980c:	c72f70ef          	jal	ra,40800c7e <uart_puts>
40809810:	a019                	c.j	40809816 <_Z8cmd_partPKc+0x72c>
40809812:	d9cff0ef          	jal	ra,40808dae <task_yield>
40809816:	d3ef70ef          	jal	ra,40800d54 <uart_avail>
4080981a:	dd65                	c.beqz	a0,40809812 <_Z8cmd_partPKc+0x728>
4080981c:	d44f70ef          	jal	ra,40800d60 <uart_getc>
40809820:	0ff57b13          	andi	s6,a0,255
40809824:	855a                	c.mv	a0,s6
40809826:	8b6f70ef          	jal	ra,408008dc <uart_putc>
4080982a:	bc4b8513          	addi	a0,s7,-1084
4080982e:	c50f70ef          	jal	ra,40800c7e <uart_puts>
40809832:	0dfb7b13          	andi	s6,s6,223
40809836:	05900793          	addi	a5,zero,89
4080983a:	f8fb1fe3          	bne	s6,a5,408097d8 <_Z8cmd_partPKc+0x6ee>
4080983e:	4bba                	c.lwsp	s7,140(sp)
40809840:	b6b9                	c.j	4080938e <_Z8cmd_partPKc+0x2a4>
40809842:	4a01                	c.li	s4,0
40809844:	57fd                	c.li	a5,-1
40809846:	bf39                	c.j	40809764 <_Z8cmd_partPKc+0x67a>
40809848:	5b7d                	c.li	s6,-1
4080984a:	bb55                	c.j	408095fe <_Z8cmd_partPKc+0x514>
4080984c:	00e04863          	blt	zero,a4,4080985c <_Z8cmd_partPKc+0x772>
40809850:	a82d                	c.j	4080988a <_Z8cmd_partPKc+0x7a0>
40809852:	0a05                	c.addi	s4,1
40809854:	024b8b93          	addi	s7,s7,36
40809858:	02ea5963          	bge	s4,a4,4080988a <_Z8cmd_partPKc+0x7a0>
4080985c:	85e6                	c.mv	a1,s9
4080985e:	855e                	c.mv	a0,s7
40809860:	fabf60ef          	jal	ra,4080080a <k_strcmp>
40809864:	45c4a703          	lw	a4,1116(s1)
40809868:	f56d                	c.bnez	a0,40809852 <_Z8cmd_partPKc+0x768>
4080986a:	060a0b63          	beq	s4,zero,408098e0 <_Z8cmd_partPKc+0x7f6>
4080986e:	fffa0693          	addi	a3,s4,-1
40809872:	00369793          	slli	a5,a3,0x3
40809876:	97b6                	c.add	a5,a3
40809878:	078a                	c.slli	a5,0x2
4080987a:	97ce                	c.add	a5,s3
4080987c:	4f94                	c.lw	a3,24(a5)
4080987e:	4fdc                	c.lw	a5,28(a5)
40809880:	97b6                	c.add	a5,a3
40809882:	66c1                	c.lui	a3,0x10
40809884:	dabe                	c.swsp	a5,116(sp)
40809886:	dcb6                	c.swsp	a3,120(sp)
40809888:	bbf1                	c.j	40809664 <_Z8cmd_partPKc+0x57a>
4080988a:	5a7d                	c.li	s4,-1
4080988c:	4781                	c.li	a5,0
4080988e:	bfd5                	c.j	40809882 <_Z8cmd_partPKc+0x798>
40809890:	40811537          	lui	a0,0x40811
40809894:	a8450513          	addi	a0,a0,-1404 # 40810a84 <_str_crlf+0x4636>
40809898:	be6f70ef          	jal	ra,40800c7e <uart_puts>
4080989c:	b165                	c.j	40809544 <_Z8cmd_partPKc+0x45a>
4080989e:	40811537          	lui	a0,0x40811
408098a2:	b1450513          	addi	a0,a0,-1260 # 40810b14 <_str_crlf+0x46c6>
408098a6:	bd8f70ef          	jal	ra,40800c7e <uart_puts>
408098aa:	49fa                	c.lwsp	s3,156(sp)
408098ac:	4a6a                	c.lwsp	s4,152(sp)
408098ae:	4ada                	c.lwsp	s5,148(sp)
408098b0:	4b4a                	c.lwsp	s6,144(sp)
408098b2:	ba11                	c.j	408091c6 <_Z8cmd_partPKc+0xdc>
408098b4:	40811537          	lui	a0,0x40811
408098b8:	85e6                	c.mv	a1,s9
408098ba:	a5850513          	addi	a0,a0,-1448 # 40810a58 <_str_crlf+0x460a>
408098be:	cbaf70ef          	jal	ra,40800d78 <kprintf>
408098c2:	b149                	c.j	40809544 <_Z8cmd_partPKc+0x45a>
408098c4:	40811537          	lui	a0,0x40811
408098c8:	85e2                	c.mv	a1,s8
408098ca:	bfc5                	c.j	408098ba <_Z8cmd_partPKc+0x7d0>
408098cc:	ff49a783          	lw	a5,-12(s3)
408098d0:	ff89a703          	lw	a4,-8(s3)
408098d4:	66c1                	c.lui	a3,0x10
408098d6:	dcb6                	c.swsp	a3,120(sp)
408098d8:	97ba                	c.add	a5,a4
408098da:	dabe                	c.swsp	a5,116(sp)
408098dc:	4401                	c.li	s0,0
408098de:	b119                	c.j	408094e4 <_Z8cmd_partPKc+0x3fa>
408098e0:	4781                	c.li	a5,0
408098e2:	b745                	c.j	40809882 <_Z8cmd_partPKc+0x798>

408098e4 <_ZL14net_ioctl_impliPv>:
408098e4:	557d                	c.li	a0,-1
408098e6:	8082                	c.jr	ra

408098e8 <_ZL9slip_sendPKhi>:
408098e8:	1101                	c.addi	sp,-32
408098ea:	cc22                	c.swsp	s0,24(sp)
408098ec:	ca26                	c.swsp	s1,20(sp)
408098ee:	842a                	c.mv	s0,a0
408098f0:	84ae                	c.mv	s1,a1
408098f2:	0c000513          	addi	a0,zero,192
408098f6:	ce06                	c.swsp	ra,28(sp)
408098f8:	fe5f60ef          	jal	ra,408008dc <uart_putc>
408098fc:	04905263          	bge	zero,s1,40809940 <_ZL9slip_sendPKhi+0x58>
40809900:	c84a                	c.swsp	s2,16(sp)
40809902:	c64e                	c.swsp	s3,12(sp)
40809904:	94a2                	c.add	s1,s0
40809906:	0c000993          	addi	s3,zero,192
4080990a:	0db00913          	addi	s2,zero,219
4080990e:	a031                	c.j	4080991a <_ZL9slip_sendPKhi+0x32>
40809910:	fcdf60ef          	jal	ra,408008dc <uart_putc>
40809914:	0405                	c.addi	s0,1
40809916:	02940363          	beq	s0,s1,4080993c <_ZL9slip_sendPKhi+0x54>
4080991a:	00044783          	lbu	a5,0(s0)
4080991e:	853e                	c.mv	a0,a5
40809920:	03378863          	beq	a5,s3,40809950 <_ZL9slip_sendPKhi+0x68>
40809924:	ff2796e3          	bne	a5,s2,40809910 <_ZL9slip_sendPKhi+0x28>
40809928:	854a                	c.mv	a0,s2
4080992a:	fb3f60ef          	jal	ra,408008dc <uart_putc>
4080992e:	0dd00513          	addi	a0,zero,221
40809932:	0405                	c.addi	s0,1
40809934:	fa9f60ef          	jal	ra,408008dc <uart_putc>
40809938:	fe9411e3          	bne	s0,s1,4080991a <_ZL9slip_sendPKhi+0x32>
4080993c:	4942                	c.lwsp	s2,16(sp)
4080993e:	49b2                	c.lwsp	s3,12(sp)
40809940:	4462                	c.lwsp	s0,24(sp)
40809942:	40f2                	c.lwsp	ra,28(sp)
40809944:	44d2                	c.lwsp	s1,20(sp)
40809946:	0c000513          	addi	a0,zero,192
4080994a:	6105                	c.addi16sp	sp,32
4080994c:	f91f606f          	jal	zero,408008dc <uart_putc>
40809950:	0db00513          	addi	a0,zero,219
40809954:	f89f60ef          	jal	ra,408008dc <uart_putc>
40809958:	0dc00513          	addi	a0,zero,220
4080995c:	f81f60ef          	jal	ra,408008dc <uart_putc>
40809960:	bf55                	c.j	40809914 <_ZL9slip_sendPKhi+0x2c>

40809962 <_ZL14net_write_implPKvi>:
40809962:	4081a7b7          	lui	a5,0x4081a
40809966:	4607a703          	lw	a4,1120(a5) # 4081a460 <_ZL12g_net_active>
4080996a:	cf11                	c.beqz	a4,40809986 <_ZL14net_write_implPKvi+0x24>
4080996c:	cd09                	c.beqz	a0,40809986 <_ZL14net_write_implPKvi+0x24>
4080996e:	1141                	c.addi	sp,-16
40809970:	c422                	c.swsp	s0,8(sp)
40809972:	c606                	c.swsp	ra,12(sp)
40809974:	842e                	c.mv	s0,a1
40809976:	00b05a63          	bge	zero,a1,4080998a <_ZL14net_write_implPKvi+0x28>
4080997a:	37bd                	c.jal	408098e8 <_ZL9slip_sendPKhi>
4080997c:	8522                	c.mv	a0,s0
4080997e:	40b2                	c.lwsp	ra,12(sp)
40809980:	4422                	c.lwsp	s0,8(sp)
40809982:	0141                	c.addi	sp,16
40809984:	8082                	c.jr	ra
40809986:	557d                	c.li	a0,-1
40809988:	8082                	c.jr	ra
4080998a:	557d                	c.li	a0,-1
4080998c:	bfcd                	c.j	4080997e <_ZL14net_write_implPKvi+0x1c>

4080998e <_ZL13net_init_implv>:
4080998e:	40811537          	lui	a0,0x40811
40809992:	1141                	c.addi	sp,-16
40809994:	c5050513          	addi	a0,a0,-944 # 40810c50 <_str_crlf+0x4802>
40809998:	4081a7b7          	lui	a5,0x4081a
4080999c:	c606                	c.swsp	ra,12(sp)
4080999e:	4607a023          	sw	zero,1120(a5) # 4081a460 <_ZL12g_net_active>
408099a2:	adcf70ef          	jal	ra,40800c7e <uart_puts>
408099a6:	40b2                	c.lwsp	ra,12(sp)
408099a8:	4501                	c.li	a0,0
408099aa:	0141                	c.addi	sp,16
408099ac:	8082                	c.jr	ra

408099ae <_ZL13net_read_implPvi>:
408099ae:	4081a7b7          	lui	a5,0x4081a
408099b2:	4607a783          	lw	a5,1120(a5) # 4081a460 <_ZL12g_net_active>
408099b6:	7179                	c.addi16sp	sp,-48
408099b8:	d606                	c.swsp	ra,44(sp)
408099ba:	d422                	c.swsp	s0,40(sp)
408099bc:	30078163          	beq	a5,zero,40809cbe <_ZL13net_read_implPvi+0x310>
408099c0:	d226                	c.swsp	s1,36(sp)
408099c2:	84aa                	c.mv	s1,a0
408099c4:	2e050f63          	beq	a0,zero,40809cc2 <_ZL13net_read_implPvi+0x314>
408099c8:	d04a                	c.swsp	s2,32(sp)
408099ca:	892e                	c.mv	s2,a1
408099cc:	2eb05563          	bge	zero,a1,40809cb6 <_ZL13net_read_implPvi+0x308>
408099d0:	ce4e                	c.swsp	s3,28(sp)
408099d2:	cc52                	c.swsp	s4,24(sp)
408099d4:	ca56                	c.swsp	s5,20(sp)
408099d6:	c85a                	c.swsp	s6,16(sp)
408099d8:	c65e                	c.swsp	s7,12(sp)
408099da:	c462                	c.swsp	s8,8(sp)
408099dc:	4b81                	c.li	s7,0
408099de:	4c01                	c.li	s8,0
408099e0:	4401                	c.li	s0,0
408099e2:	0db00993          	addi	s3,zero,219
408099e6:	0c000a13          	addi	s4,zero,192
408099ea:	0dc00a93          	addi	s5,zero,220
408099ee:	0dd00b13          	addi	s6,zero,221
408099f2:	b62f70ef          	jal	ra,40800d54 <uart_avail>
408099f6:	cd2d                	c.beqz	a0,40809a70 <_ZL13net_read_implPvi+0xc2>
408099f8:	b68f70ef          	jal	ra,40800d60 <uart_getc>
408099fc:	0ff57793          	andi	a5,a0,255
40809a00:	060b8163          	beq	s7,zero,40809a62 <_ZL13net_read_implPvi+0xb4>
40809a04:	020c1f63          	bne	s8,zero,40809a42 <_ZL13net_read_implPvi+0x94>
40809a08:	03378563          	beq	a5,s3,40809a32 <_ZL13net_read_implPvi+0x84>
40809a0c:	07478563          	beq	a5,s4,40809a76 <_ZL13net_read_implPvi+0xc8>
40809a10:	01245763          	bge	s0,s2,40809a1e <_ZL13net_read_implPvi+0x70>
40809a14:	00848733          	add	a4,s1,s0
40809a18:	00f70023          	sb	a5,0(a4)
40809a1c:	0405                	c.addi	s0,1
40809a1e:	b36f70ef          	jal	ra,40800d54 <uart_avail>
40809a22:	8c2a                	c.mv	s8,a0
40809a24:	c531                	c.beqz	a0,40809a70 <_ZL13net_read_implPvi+0xc2>
40809a26:	b3af70ef          	jal	ra,40800d60 <uart_getc>
40809a2a:	0ff57793          	andi	a5,a0,255
40809a2e:	fd379fe3          	bne	a5,s3,40809a0c <_ZL13net_read_implPvi+0x5e>
40809a32:	b22f70ef          	jal	ra,40800d54 <uart_avail>
40809a36:	0c050d63          	beq	a0,zero,40809b10 <_ZL13net_read_implPvi+0x162>
40809a3a:	b26f70ef          	jal	ra,40800d60 <uart_getc>
40809a3e:	0ff57793          	andi	a5,a0,255
40809a42:	09578a63          	beq	a5,s5,40809ad6 <_ZL13net_read_implPvi+0x128>
40809a46:	09678b63          	beq	a5,s6,40809adc <_ZL13net_read_implPvi+0x12e>
40809a4a:	00f48023          	sb	a5,0(s1)
40809a4e:	b06f70ef          	jal	ra,40800d54 <uart_avail>
40809a52:	8c2a                	c.mv	s8,a0
40809a54:	c559                	c.beqz	a0,40809ae2 <_ZL13net_read_implPvi+0x134>
40809a56:	b0af70ef          	jal	ra,40800d60 <uart_getc>
40809a5a:	845e                	c.mv	s0,s7
40809a5c:	0ff57793          	andi	a5,a0,255
40809a60:	4c01                	c.li	s8,0
40809a62:	f4078793          	addi	a5,a5,-192
40809a66:	0017bb93          	sltiu	s7,a5,1
40809a6a:	aeaf70ef          	jal	ra,40800d54 <uart_avail>
40809a6e:	f549                	c.bnez	a0,408099f8 <_ZL13net_read_implPvi+0x4a>
40809a70:	b3eff0ef          	jal	ra,40808dae <task_yield>
40809a74:	bfbd                	c.j	408099f2 <_ZL13net_read_implPvi+0x44>
40809a76:	08805263          	bge	zero,s0,40809afa <_ZL13net_read_implPvi+0x14c>
40809a7a:	47cd                	c.li	a5,19
40809a7c:	0487d063          	bge	a5,s0,40809abc <_ZL13net_read_implPvi+0x10e>
40809a80:	0004c903          	lbu	s2,0(s1)
40809a84:	00f97913          	andi	s2,s2,15
40809a88:	00291993          	slli	s3,s2,0x2
40809a8c:	0337d863          	bge	a5,s3,40809abc <_ZL13net_read_implPvi+0x10e>
40809a90:	03344663          	blt	s0,s3,40809abc <_ZL13net_read_implPvi+0x10e>
40809a94:	0114c683          	lbu	a3,17(s1)
40809a98:	0104c603          	lbu	a2,16(s1)
40809a9c:	0124c703          	lbu	a4,18(s1)
40809aa0:	0134c783          	lbu	a5,19(s1)
40809aa4:	06a2                	c.slli	a3,0x8
40809aa6:	8ed1                	c.or	a3,a2
40809aa8:	0742                	c.slli	a4,0x10
40809aaa:	8f55                	c.or	a4,a3
40809aac:	07e2                	c.slli	a5,0x18
40809aae:	0105b6b7          	lui	a3,0x105b
40809ab2:	8fd9                	c.or	a5,a4
40809ab4:	8c068713          	addi	a4,a3,-1856 # 105a8c0 <_kernel_start-0x3f7a5740>
40809ab8:	06e78063          	beq	a5,a4,40809b18 <_ZL13net_read_implPvi+0x16a>
40809abc:	5492                	c.lwsp	s1,36(sp)
40809abe:	5902                	c.lwsp	s2,32(sp)
40809ac0:	49f2                	c.lwsp	s3,28(sp)
40809ac2:	4a62                	c.lwsp	s4,24(sp)
40809ac4:	4ad2                	c.lwsp	s5,20(sp)
40809ac6:	4b42                	c.lwsp	s6,16(sp)
40809ac8:	4bb2                	c.lwsp	s7,12(sp)
40809aca:	4c22                	c.lwsp	s8,8(sp)
40809acc:	50b2                	c.lwsp	ra,44(sp)
40809ace:	8522                	c.mv	a0,s0
40809ad0:	5422                	c.lwsp	s0,40(sp)
40809ad2:	6145                	c.addi16sp	sp,48
40809ad4:	8082                	c.jr	ra
40809ad6:	0c000793          	addi	a5,zero,192
40809ada:	bf1d                	c.j	40809a10 <_ZL13net_read_implPvi+0x62>
40809adc:	0db00793          	addi	a5,zero,219
40809ae0:	bf05                	c.j	40809a10 <_ZL13net_read_implPvi+0x62>
40809ae2:	accff0ef          	jal	ra,40808dae <task_yield>
40809ae6:	a6ef70ef          	jal	ra,40800d54 <uart_avail>
40809aea:	1a050563          	beq	a0,zero,40809c94 <_ZL13net_read_implPvi+0x2e6>
40809aee:	a72f70ef          	jal	ra,40800d60 <uart_getc>
40809af2:	845e                	c.mv	s0,s7
40809af4:	0ff57793          	andi	a5,a0,255
40809af8:	b7ad                	c.j	40809a62 <_ZL13net_read_implPvi+0xb4>
40809afa:	a5af70ef          	jal	ra,40800d54 <uart_avail>
40809afe:	8c2a                	c.mv	s8,a0
40809b00:	18050f63          	beq	a0,zero,40809c9e <_ZL13net_read_implPvi+0x2f0>
40809b04:	a5cf70ef          	jal	ra,40800d60 <uart_getc>
40809b08:	0ff57793          	andi	a5,a0,255
40809b0c:	4c01                	c.li	s8,0
40809b0e:	bf91                	c.j	40809a62 <_ZL13net_read_implPvi+0xb4>
40809b10:	8c5e                	c.mv	s8,s7
40809b12:	a9cff0ef          	jal	ra,40808dae <task_yield>
40809b16:	bdf1                	c.j	408099f2 <_ZL13net_read_implPvi+0x44>
40809b18:	8726                	c.mv	a4,s1
40809b1a:	00998633          	add	a2,s3,s1
40809b1e:	4781                	c.li	a5,0
40809b20:	00075683          	lhu	a3,0(a4)
40809b24:	0709                	c.addi	a4,2
40809b26:	97b6                	c.add	a5,a3
40809b28:	fee61ce3          	bne	a2,a4,40809b20 <_ZL13net_read_implPvi+0x172>
40809b2c:	0107d713          	srli	a4,a5,0x10
40809b30:	cb11                	c.beqz	a4,40809b44 <_ZL13net_read_implPvi+0x196>
40809b32:	07c2                	c.slli	a5,0x10
40809b34:	83c1                	c.srli	a5,0x10
40809b36:	97ba                	c.add	a5,a4
40809b38:	0107d713          	srli	a4,a5,0x10
40809b3c:	c701                	c.beqz	a4,40809b44 <_ZL13net_read_implPvi+0x196>
40809b3e:	07c2                	c.slli	a5,0x10
40809b40:	83c1                	c.srli	a5,0x10
40809b42:	0785                	c.addi	a5,1
40809b44:	6741                	c.lui	a4,0x10
40809b46:	177d                	c.addi	a4,-1 # ffff <_kernel_start-0x407f0001>
40809b48:	f6e79ae3          	bne	a5,a4,40809abc <_ZL13net_read_implPvi+0x10e>
40809b4c:	0094ca83          	lbu	s5,9(s1)
40809b50:	4785                	c.li	a5,1
40809b52:	f6fa95e3          	bne	s5,a5,40809abc <_ZL13net_read_implPvi+0x10e>
40809b56:	41340b33          	sub	s6,s0,s3
40809b5a:	479d                	c.li	a5,7
40809b5c:	f767d0e3          	bge	a5,s6,40809abc <_ZL13net_read_implPvi+0x10e>
40809b60:	00064703          	lbu	a4,0(a2) # 10000 <_kernel_start-0x407f0000>
40809b64:	47a1                	c.li	a5,8
40809b66:	f4f71be3          	bne	a4,a5,40809abc <_ZL13net_read_implPvi+0x10e>
40809b6a:	60000513          	addi	a0,zero,1536
40809b6e:	b90fa0ef          	jal	ra,40803efe <mm_alloc>
40809b72:	8a2a                	c.mv	s4,a0
40809b74:	d521                	c.beqz	a0,40809abc <_ZL13net_read_implPvi+0x10e>
40809b76:	8622                	c.mv	a2,s0
40809b78:	85a6                	c.mv	a1,s1
40809b7a:	99aa                	c.add	s3,a0
40809b7c:	d49f60ef          	jal	ra,408008c4 <k_memcpy>
40809b80:	00d4c683          	lbu	a3,13(s1)
40809b84:	00c4c603          	lbu	a2,12(s1)
40809b88:	00e4c703          	lbu	a4,14(s1)
40809b8c:	00f4c783          	lbu	a5,15(s1)
40809b90:	06a2                	c.slli	a3,0x8
40809b92:	8ed1                	c.or	a3,a2
40809b94:	0742                	c.slli	a4,0x10
40809b96:	8f55                	c.or	a4,a3
40809b98:	07e2                	c.slli	a5,0x18
40809b9a:	8fd9                	c.or	a5,a4
40809b9c:	008a4683          	lbu	a3,8(s4)
40809ba0:	0087d893          	srli	a7,a5,0x8
40809ba4:	0107d813          	srli	a6,a5,0x10
40809ba8:	fc000513          	addi	a0,zero,-64
40809bac:	83e1                	c.srli	a5,0x18
40809bae:	fa800593          	addi	a1,zero,-88
40809bb2:	4615                	c.li	a2,5
40809bb4:	00ea0823          	sb	a4,16(s4)
40809bb8:	015a07a3          	sb	s5,15(s4)
40809bbc:	011a08a3          	sb	a7,17(s4)
40809bc0:	010a0923          	sb	a6,18(s4)
40809bc4:	00fa09a3          	sb	a5,19(s4)
40809bc8:	00aa0623          	sb	a0,12(s4)
40809bcc:	00ba06a3          	sb	a1,13(s4)
40809bd0:	00ca0723          	sb	a2,14(s4)
40809bd4:	c681                	c.beqz	a3,40809bdc <_ZL13net_read_implPvi+0x22e>
40809bd6:	16fd                	c.addi	a3,-1
40809bd8:	00da0423          	sb	a3,8(s4)
40809bdc:	0906                	c.slli	s2,0x1
40809bde:	000a0523          	sb	zero,10(s4)
40809be2:	000a05a3          	sb	zero,11(s4)
40809be6:	86d2                	c.mv	a3,s4
40809be8:	4781                	c.li	a5,0
40809bea:	4701                	c.li	a4,0
40809bec:	0006d603          	lhu	a2,0(a3)
40809bf0:	0705                	c.addi	a4,1
40809bf2:	0689                	c.addi	a3,2
40809bf4:	97b2                	c.add	a5,a2
40809bf6:	ff274be3          	blt	a4,s2,40809bec <_ZL13net_read_implPvi+0x23e>
40809bfa:	0107d713          	srli	a4,a5,0x10
40809bfe:	cb11                	c.beqz	a4,40809c12 <_ZL13net_read_implPvi+0x264>
40809c00:	07c2                	c.slli	a5,0x10
40809c02:	83c1                	c.srli	a5,0x10
40809c04:	97ba                	c.add	a5,a4
40809c06:	0107d713          	srli	a4,a5,0x10
40809c0a:	c701                	c.beqz	a4,40809c12 <_ZL13net_read_implPvi+0x264>
40809c0c:	07c2                	c.slli	a5,0x10
40809c0e:	83c1                	c.srli	a5,0x10
40809c10:	0785                	c.addi	a5,1
40809c12:	fff7c793          	xori	a5,a5,-1
40809c16:	01079713          	slli	a4,a5,0x10
40809c1a:	8341                	c.srli	a4,0x10
40809c1c:	00fa0523          	sb	a5,10(s4)
40809c20:	00875793          	srli	a5,a4,0x8
40809c24:	00fa05a3          	sb	a5,11(s4)
40809c28:	ffeb7693          	andi	a3,s6,-2
40809c2c:	00098023          	sb	zero,0(s3)
40809c30:	00098123          	sb	zero,2(s3)
40809c34:	000981a3          	sb	zero,3(s3)
40809c38:	96ce                	c.add	a3,s3
40809c3a:	874e                	c.mv	a4,s3
40809c3c:	4781                	c.li	a5,0
40809c3e:	00075603          	lhu	a2,0(a4)
40809c42:	0709                	c.addi	a4,2
40809c44:	97b2                	c.add	a5,a2
40809c46:	fee69ce3          	bne	a3,a4,40809c3e <_ZL13net_read_implPvi+0x290>
40809c4a:	001b7713          	andi	a4,s6,1
40809c4e:	c709                	c.beqz	a4,40809c58 <_ZL13net_read_implPvi+0x2aa>
40809c50:	9b4e                	c.add	s6,s3
40809c52:	fffb4703          	lbu	a4,-1(s6)
40809c56:	97ba                	c.add	a5,a4
40809c58:	0107d713          	srli	a4,a5,0x10
40809c5c:	cb11                	c.beqz	a4,40809c70 <_ZL13net_read_implPvi+0x2c2>
40809c5e:	07c2                	c.slli	a5,0x10
40809c60:	83c1                	c.srli	a5,0x10
40809c62:	97ba                	c.add	a5,a4
40809c64:	0107d713          	srli	a4,a5,0x10
40809c68:	c701                	c.beqz	a4,40809c70 <_ZL13net_read_implPvi+0x2c2>
40809c6a:	07c2                	c.slli	a5,0x10
40809c6c:	83c1                	c.srli	a5,0x10
40809c6e:	0785                	c.addi	a5,1
40809c70:	fff7c793          	xori	a5,a5,-1
40809c74:	01079713          	slli	a4,a5,0x10
40809c78:	8341                	c.srli	a4,0x10
40809c7a:	00f98123          	sb	a5,2(s3)
40809c7e:	00875793          	srli	a5,a4,0x8
40809c82:	8552                	c.mv	a0,s4
40809c84:	85a2                	c.mv	a1,s0
40809c86:	00f981a3          	sb	a5,3(s3)
40809c8a:	39b9                	c.jal	408098e8 <_ZL9slip_sendPKhi>
40809c8c:	8552                	c.mv	a0,s4
40809c8e:	abafa0ef          	jal	ra,40803f48 <mm_free>
40809c92:	b52d                	c.j	40809abc <_ZL13net_read_implPvi+0x10e>
40809c94:	845e                	c.mv	s0,s7
40809c96:	4b81                	c.li	s7,0
40809c98:	916ff0ef          	jal	ra,40808dae <task_yield>
40809c9c:	bb99                	c.j	408099f2 <_ZL13net_read_implPvi+0x44>
40809c9e:	910ff0ef          	jal	ra,40808dae <task_yield>
40809ca2:	8b2f70ef          	jal	ra,40800d54 <uart_avail>
40809ca6:	8baa                	c.mv	s7,a0
40809ca8:	dc0504e3          	beq	a0,zero,40809a70 <_ZL13net_read_implPvi+0xc2>
40809cac:	8b4f70ef          	jal	ra,40800d60 <uart_getc>
40809cb0:	0ff57793          	andi	a5,a0,255
40809cb4:	b37d                	c.j	40809a62 <_ZL13net_read_implPvi+0xb4>
40809cb6:	5492                	c.lwsp	s1,36(sp)
40809cb8:	5902                	c.lwsp	s2,32(sp)
40809cba:	547d                	c.li	s0,-1
40809cbc:	bd01                	c.j	40809acc <_ZL13net_read_implPvi+0x11e>
40809cbe:	547d                	c.li	s0,-1
40809cc0:	b531                	c.j	40809acc <_ZL13net_read_implPvi+0x11e>
40809cc2:	5492                	c.lwsp	s1,36(sp)
40809cc4:	547d                	c.li	s0,-1
40809cc6:	b519                	c.j	40809acc <_ZL13net_read_implPvi+0x11e>

40809cc8 <net_poll>:
40809cc8:	8082                	c.jr	ra

40809cca <net_activate>:
40809cca:	1141                	c.addi	sp,-16
40809ccc:	4081a7b7          	lui	a5,0x4081a
40809cd0:	4705                	c.li	a4,1
40809cd2:	c606                	c.swsp	ra,12(sp)
40809cd4:	46e7a023          	sw	a4,1120(a5) # 4081a460 <_ZL12g_net_active>
40809cd8:	a019                	c.j	40809cde <net_activate+0x14>
40809cda:	886f70ef          	jal	ra,40800d60 <uart_getc>
40809cde:	876f70ef          	jal	ra,40800d54 <uart_avail>
40809ce2:	fd65                	c.bnez	a0,40809cda <net_activate+0x10>
40809ce4:	40b2                	c.lwsp	ra,12(sp)
40809ce6:	0141                	c.addi	sp,16
40809ce8:	8082                	c.jr	ra

40809cea <net_deactivate>:
40809cea:	4081a7b7          	lui	a5,0x4081a
40809cee:	4607a023          	sw	zero,1120(a5) # 4081a460 <_ZL12g_net_active>
40809cf2:	8082                	c.jr	ra

40809cf4 <net_is_active>:
40809cf4:	4081a7b7          	lui	a5,0x4081a
40809cf8:	4607a503          	lw	a0,1120(a5) # 4081a460 <_ZL12g_net_active>
40809cfc:	8082                	c.jr	ra

40809cfe <_ZL13wifi_drv_readPvi>:
40809cfe:	557d                	c.li	a0,-1
40809d00:	8082                	c.jr	ra

40809d02 <_ZL14wifi_drv_ioctliPv>:
40809d02:	557d                	c.li	a0,-1
40809d04:	8082                	c.jr	ra

40809d06 <_ZL13wifi_drv_initv>:
40809d06:	40811537          	lui	a0,0x40811
40809d0a:	1101                	c.addi	sp,-32
40809d0c:	c7850513          	addi	a0,a0,-904 # 40810c78 <_str_crlf+0x482a>
40809d10:	ce06                	c.swsp	ra,28(sp)
40809d12:	866f70ef          	jal	ra,40800d78 <kprintf>
40809d16:	40811537          	lui	a0,0x40811
40809d1a:	c8c50513          	addi	a0,a0,-884 # 40810c8c <_str_crlf+0x483e>
40809d1e:	cfef60ef          	jal	ra,4080021c <klog>
40809d22:	600b06b7          	lui	a3,0x600b0
40809d26:	4298                	c.lw	a4,0(a3)
40809d28:	600967b7          	lui	a5,0x60096
40809d2c:	9b6d                	c.andi	a4,-5
40809d2e:	c298                	c.sw	a4,0(a3)
40809d30:	1087a683          	lw	a3,264(a5) # 60096108 <_kern_stack_top+0x1f81a108>
40809d34:	06300713          	addi	a4,zero,99
40809d38:	0016e693          	ori	a3,a3,1
40809d3c:	10d7a423          	sw	a3,264(a5)
40809d40:	1087a683          	lw	a3,264(a5)
40809d44:	9af5                	c.andi	a3,-3
40809d46:	10d7a423          	sw	a3,264(a5)
40809d4a:	c602                	c.swsp	zero,12(sp)
40809d4c:	47b2                	c.lwsp	a5,12(sp)
40809d4e:	00f74863          	blt	a4,a5,40809d5e <_ZL13wifi_drv_initv+0x58>
40809d52:	47b2                	c.lwsp	a5,12(sp)
40809d54:	0785                	c.addi	a5,1
40809d56:	c63e                	c.swsp	a5,12(sp)
40809d58:	47b2                	c.lwsp	a5,12(sp)
40809d5a:	fef75ce3          	bge	a4,a5,40809d52 <_ZL13wifi_drv_initv+0x4c>
40809d5e:	40811537          	lui	a0,0x40811
40809d62:	4081a7b7          	lui	a5,0x4081a
40809d66:	4705                	c.li	a4,1
40809d68:	cb050513          	addi	a0,a0,-848 # 40810cb0 <_str_crlf+0x4862>
40809d6c:	46e7a823          	sw	a4,1136(a5) # 4081a470 <_ZL14g_wifi_powered>
40809d70:	cacf60ef          	jal	ra,4080021c <klog>
40809d74:	600b1737          	lui	a4,0x600b1
40809d78:	84472803          	lw	a6,-1980(a4) # 600b0844 <_kern_stack_top+0x1f834844>
40809d7c:	84872603          	lw	a2,-1976(a4)
40809d80:	01061793          	slli	a5,a2,0x10
40809d84:	83c1                	c.srli	a5,0x10
40809d86:	0107e733          	or	a4,a5,a6
40809d8a:	c741                	c.beqz	a4,40809e12 <_ZL13wifi_drv_initv+0x10c>
40809d8c:	01081893          	slli	a7,a6,0x10
40809d90:	0108d893          	srli	a7,a7,0x10
40809d94:	00861593          	slli	a1,a2,0x8
40809d98:	00881693          	slli	a3,a6,0x8
40809d9c:	83a1                	c.srli	a5,0x8
40809d9e:	40812e37          	lui	t3,0x40812
40809da2:	01085713          	srli	a4,a6,0x10
40809da6:	0088d893          	srli	a7,a7,0x8
40809daa:	00b7e533          	or	a0,a5,a1
40809dae:	4f8e0313          	addi	t1,t3,1272 # 408124f8 <g_wifi_mac>
40809db2:	00d8e8b3          	or	a7,a7,a3
40809db6:	00865593          	srli	a1,a2,0x8
40809dba:	01885693          	srli	a3,a6,0x18
40809dbe:	00885793          	srli	a5,a6,0x8
40809dc2:	0ff77713          	andi	a4,a4,255
40809dc6:	4eae1c23          	sh	a0,1272(t3)
40809dca:	01131223          	sh	a7,4(t1)
40809dce:	00d30123          	sb	a3,2(t1)
40809dd2:	00e301a3          	sb	a4,3(t1)
40809dd6:	0ff5f593          	andi	a1,a1,255
40809dda:	0ff67613          	andi	a2,a2,255
40809dde:	0ff7f793          	andi	a5,a5,255
40809de2:	0ff87813          	andi	a6,a6,255
40809de6:	40811537          	lui	a0,0x40811
40809dea:	d0050513          	addi	a0,a0,-768 # 40810d00 <_str_crlf+0x48b2>
40809dee:	f8bf60ef          	jal	ra,40800d78 <kprintf>
40809df2:	40811537          	lui	a0,0x40811
40809df6:	d2c50513          	addi	a0,a0,-724 # 40810d2c <_str_crlf+0x48de>
40809dfa:	f7ff60ef          	jal	ra,40800d78 <kprintf>
40809dfe:	40811537          	lui	a0,0x40811
40809e02:	d5450513          	addi	a0,a0,-684 # 40810d54 <_str_crlf+0x4906>
40809e06:	c16f60ef          	jal	ra,4080021c <klog>
40809e0a:	40f2                	c.lwsp	ra,28(sp)
40809e0c:	4501                	c.li	a0,0
40809e0e:	6105                	c.addi16sp	sp,32
40809e10:	8082                	c.jr	ra
40809e12:	40811537          	lui	a0,0x40811
40809e16:	cd850513          	addi	a0,a0,-808 # 40810cd8 <_str_crlf+0x488a>
40809e1a:	c02f60ef          	jal	ra,4080021c <klog>
40809e1e:	40812537          	lui	a0,0x40812
40809e22:	4f850513          	addi	a0,a0,1272 # 408124f8 <g_wifi_mac>
40809e26:	00054583          	lbu	a1,0(a0)
40809e2a:	00154603          	lbu	a2,1(a0)
40809e2e:	00254683          	lbu	a3,2(a0)
40809e32:	00354703          	lbu	a4,3(a0)
40809e36:	00454783          	lbu	a5,4(a0)
40809e3a:	00554803          	lbu	a6,5(a0)
40809e3e:	b765                	c.j	40809de6 <_ZL13wifi_drv_initv+0xe0>

40809e40 <_ZL17phy_init_sequencev.isra.0>:
40809e40:	40811537          	lui	a0,0x40811
40809e44:	1101                	c.addi	sp,-32
40809e46:	d8850513          	addi	a0,a0,-632 # 40810d88 <_str_crlf+0x493a>
40809e4a:	c84a                	c.swsp	s2,16(sp)
40809e4c:	ce06                	c.swsp	ra,28(sp)
40809e4e:	cc22                	c.swsp	s0,24(sp)
40809e50:	ca26                	c.swsp	s1,20(sp)
40809e52:	c64e                	c.swsp	s3,12(sp)
40809e54:	c452                	c.swsp	s4,8(sp)
40809e56:	4081a937          	lui	s2,0x4081a
40809e5a:	bc2f60ef          	jal	ra,4080021c <klog>
40809e5e:	46492783          	lw	a5,1124(s2) # 4081a464 <_ZL13g_phy_verbose>
40809e62:	e3bd                	c.bnez	a5,40809ec8 <_ZL17phy_init_sequencev.isra.0+0x88>
40809e64:	40812437          	lui	s0,0x40812
40809e68:	b7440413          	addi	s0,s0,-1164 # 40811b74 <_ZL11g_phy_steps+0x4>
40809e6c:	4481                	c.li	s1,0
40809e6e:	02100993          	addi	s3,zero,33
40809e72:	40811a37          	lui	s4,0x40811
40809e76:	a801                	c.j	40809e86 <_ZL17phy_init_sequencev.isra.0+0x46>
40809e78:	401c                	c.lw	a5,0(s0)
40809e7a:	0421                	c.addi	s0,8
40809e7c:	9782                	c.jalr	a5
40809e7e:	46492783          	lw	a5,1124(s2)
40809e82:	03348563          	beq	s1,s3,40809eac <_ZL17phy_init_sequencev.isra.0+0x6c>
40809e86:	0485                	c.addi	s1,1
40809e88:	dbe5                	c.beqz	a5,40809e78 <_ZL17phy_init_sequencev.isra.0+0x38>
40809e8a:	4018                	c.lw	a4,0(s0)
40809e8c:	ffc42683          	lw	a3,-4(s0)
40809e90:	02100613          	addi	a2,zero,33
40809e94:	85a6                	c.mv	a1,s1
40809e96:	dc0a0513          	addi	a0,s4,-576 # 40810dc0 <_str_crlf+0x4972>
40809e9a:	edff60ef          	jal	ra,40800d78 <kprintf>
40809e9e:	401c                	c.lw	a5,0(s0)
40809ea0:	0421                	c.addi	s0,8
40809ea2:	9782                	c.jalr	a5
40809ea4:	46492783          	lw	a5,1124(s2)
40809ea8:	fd349fe3          	bne	s1,s3,40809e86 <_ZL17phy_init_sequencev.isra.0+0x46>
40809eac:	eb8d                	c.bnez	a5,40809ede <_ZL17phy_init_sequencev.isra.0+0x9e>
40809eae:	4462                	c.lwsp	s0,24(sp)
40809eb0:	40f2                	c.lwsp	ra,28(sp)
40809eb2:	44d2                	c.lwsp	s1,20(sp)
40809eb4:	4942                	c.lwsp	s2,16(sp)
40809eb6:	49b2                	c.lwsp	s3,12(sp)
40809eb8:	4a22                	c.lwsp	s4,8(sp)
40809eba:	40811537          	lui	a0,0x40811
40809ebe:	e0850513          	addi	a0,a0,-504 # 40810e08 <_str_crlf+0x49ba>
40809ec2:	6105                	c.addi16sp	sp,32
40809ec4:	b58f606f          	jal	zero,4080021c <klog>
40809ec8:	40811537          	lui	a0,0x40811
40809ecc:	da050513          	addi	a0,a0,-608 # 40810da0 <_str_crlf+0x4952>
40809ed0:	02100593          	addi	a1,zero,33
40809ed4:	ea5f60ef          	jal	ra,40800d78 <kprintf>
40809ed8:	46492783          	lw	a5,1124(s2)
40809edc:	b761                	c.j	40809e64 <_ZL17phy_init_sequencev.isra.0+0x24>
40809ede:	40811537          	lui	a0,0x40811
40809ee2:	85a6                	c.mv	a1,s1
40809ee4:	de450513          	addi	a0,a0,-540 # 40810de4 <_str_crlf+0x4996>
40809ee8:	e91f60ef          	jal	ra,40800d78 <kprintf>
40809eec:	b7c9                	c.j	40809eae <_ZL17phy_init_sequencev.isra.0+0x6e>

40809eee <_ZL14wifi_drv_writePKvi>:
40809eee:	557d                	c.li	a0,-1
40809ef0:	8082                	c.jr	ra

40809ef2 <wifi_init>:
40809ef2:	1141                	c.addi	sp,-16
40809ef4:	c606                	c.swsp	ra,12(sp)
40809ef6:	3d01                	c.jal	40809d06 <_ZL13wifi_drv_initv>
40809ef8:	40b2                	c.lwsp	ra,12(sp)
40809efa:	4501                	c.li	a0,0
40809efc:	0141                	c.addi	sp,16
40809efe:	8082                	c.jr	ra

40809f00 <wifi_phy_calibrate>:
40809f00:	4081a7b7          	lui	a5,0x4081a
40809f04:	4707a783          	lw	a5,1136(a5) # 4081a470 <_ZL14g_wifi_powered>
40809f08:	1141                	c.addi	sp,-16
40809f0a:	c606                	c.swsp	ra,12(sp)
40809f0c:	c395                	c.beqz	a5,40809f30 <wifi_phy_calibrate+0x30>
40809f0e:	40811537          	lui	a0,0x40811
40809f12:	e5450513          	addi	a0,a0,-428 # 40810e54 <_str_crlf+0x4a06>
40809f16:	b06f60ef          	jal	ra,4080021c <klog>
40809f1a:	371d                	c.jal	40809e40 <_ZL17phy_init_sequencev.isra.0>
40809f1c:	40811537          	lui	a0,0x40811
40809f20:	e7850513          	addi	a0,a0,-392 # 40810e78 <_str_crlf+0x4a2a>
40809f24:	af8f60ef          	jal	ra,4080021c <klog>
40809f28:	4501                	c.li	a0,0
40809f2a:	40b2                	c.lwsp	ra,12(sp)
40809f2c:	0141                	c.addi	sp,16
40809f2e:	8082                	c.jr	ra
40809f30:	40811537          	lui	a0,0x40811
40809f34:	e2450513          	addi	a0,a0,-476 # 40810e24 <_str_crlf+0x49d6>
40809f38:	ae4f60ef          	jal	ra,4080021c <klog>
40809f3c:	557d                	c.li	a0,-1
40809f3e:	b7f5                	c.j	40809f2a <wifi_phy_calibrate+0x2a>

40809f40 <wifi_phy_calibrate_verbose>:
40809f40:	4081a7b7          	lui	a5,0x4081a
40809f44:	4707a783          	lw	a5,1136(a5) # 4081a470 <_ZL14g_wifi_powered>
40809f48:	1141                	c.addi	sp,-16
40809f4a:	c606                	c.swsp	ra,12(sp)
40809f4c:	cf99                	c.beqz	a5,40809f6a <wifi_phy_calibrate_verbose+0x2a>
40809f4e:	c422                	c.swsp	s0,8(sp)
40809f50:	4785                	c.li	a5,1
40809f52:	4081a437          	lui	s0,0x4081a
40809f56:	46f42223          	sw	a5,1124(s0) # 4081a464 <_ZL13g_phy_verbose>
40809f5a:	35dd                	c.jal	40809e40 <_ZL17phy_init_sequencev.isra.0>
40809f5c:	46042223          	sw	zero,1124(s0)
40809f60:	4422                	c.lwsp	s0,8(sp)
40809f62:	4501                	c.li	a0,0
40809f64:	40b2                	c.lwsp	ra,12(sp)
40809f66:	0141                	c.addi	sp,16
40809f68:	8082                	c.jr	ra
40809f6a:	40811537          	lui	a0,0x40811
40809f6e:	e2450513          	addi	a0,a0,-476 # 40810e24 <_str_crlf+0x49d6>
40809f72:	d0df60ef          	jal	ra,40800c7e <uart_puts>
40809f76:	557d                	c.li	a0,-1
40809f78:	b7f5                	c.j	40809f64 <wifi_phy_calibrate_verbose+0x24>

40809f7a <wifi_read_noisefloor>:
40809f7a:	400017b7          	lui	a5,0x40001
40809f7e:	ddc78793          	addi	a5,a5,-548 # 40000ddc <_kernel_start-0x7ff224>
40809f82:	8782                	c.jr	a5

40809f84 <wifi_fw_loaded>:
40809f84:	4081a7b7          	lui	a5,0x4081a
40809f88:	4707a503          	lw	a0,1136(a5) # 4081a470 <_ZL14g_wifi_powered>
40809f8c:	8082                	c.jr	ra

40809f8e <wifi_is_active>:
40809f8e:	4081a7b7          	lui	a5,0x4081a
40809f92:	46c7a503          	lw	a0,1132(a5) # 4081a46c <_ZL12g_wifi_ap_on>
40809f96:	8082                	c.jr	ra

40809f98 <wifi_ap_configured>:
40809f98:	4081a7b7          	lui	a5,0x4081a
40809f9c:	4687a503          	lw	a0,1128(a5) # 4081a468 <_ZL17g_wifi_ap_started>
40809fa0:	8082                	c.jr	ra

40809fa2 <wifi_ap_start>:
40809fa2:	4081a7b7          	lui	a5,0x4081a
40809fa6:	4707a783          	lw	a5,1136(a5) # 4081a470 <_ZL14g_wifi_powered>
40809faa:	1101                	c.addi	sp,-32
40809fac:	ce06                	c.swsp	ra,28(sp)
40809fae:	c3d5                	c.beqz	a5,4080a052 <wifi_ap_start+0xb0>
40809fb0:	cc22                	c.swsp	s0,24(sp)
40809fb2:	ca26                	c.swsp	s1,20(sp)
40809fb4:	c84a                	c.swsp	s2,16(sp)
40809fb6:	84ae                	c.mv	s1,a1
40809fb8:	8432                	c.mv	s0,a2
40809fba:	40812937          	lui	s2,0x40812
40809fbe:	c511                	c.beqz	a0,40809fca <wifi_ap_start+0x28>
40809fc0:	00054783          	lbu	a5,0(a0)
40809fc4:	40812937          	lui	s2,0x40812
40809fc8:	e7bd                	c.bnez	a5,4080a036 <wifi_ap_start+0x94>
40809fca:	cc89                	c.beqz	s1,40809fe4 <wifi_ap_start+0x42>
40809fcc:	4081a7b7          	lui	a5,0x4081a
40809fd0:	85a6                	c.mv	a1,s1
40809fd2:	e5878513          	addi	a0,a5,-424 # 40819e58 <_ZL11g_wifi_pass>
40809fd6:	e5878493          	addi	s1,a5,-424
40809fda:	467d                	c.li	a2,31
40809fdc:	89df60ef          	jal	ra,40800878 <k_strncpy>
40809fe0:	00048fa3          	sb	zero,31(s1)
40809fe4:	fff40793          	addi	a5,s0,-1
40809fe8:	4735                	c.li	a4,13
40809fea:	04f77163          	bgeu	a4,a5,4080a02c <wifi_ap_start+0x8a>
40809fee:	408127b7          	lui	a5,0x40812
40809ff2:	4f47a403          	lw	s0,1268(a5) # 408124f4 <_ZL14g_wifi_channel>
40809ff6:	40811537          	lui	a0,0x40811
40809ffa:	8622                	c.mv	a2,s0
40809ffc:	49890593          	addi	a1,s2,1176 # 40812498 <_ZL11g_wifi_ssid>
4080a000:	4081a7b7          	lui	a5,0x4081a
4080a004:	4705                	c.li	a4,1
4080a006:	ecc50513          	addi	a0,a0,-308 # 40810ecc <_str_crlf+0x4a7e>
4080a00a:	46e7a423          	sw	a4,1128(a5) # 4081a468 <_ZL17g_wifi_ap_started>
4080a00e:	d6bf60ef          	jal	ra,40800d78 <kprintf>
4080a012:	40811537          	lui	a0,0x40811
4080a016:	ef850513          	addi	a0,a0,-264 # 40810ef8 <_str_crlf+0x4aaa>
4080a01a:	a02f60ef          	jal	ra,4080021c <klog>
4080a01e:	4462                	c.lwsp	s0,24(sp)
4080a020:	44d2                	c.lwsp	s1,20(sp)
4080a022:	4942                	c.lwsp	s2,16(sp)
4080a024:	4501                	c.li	a0,0
4080a026:	40f2                	c.lwsp	ra,28(sp)
4080a028:	6105                	c.addi16sp	sp,32
4080a02a:	8082                	c.jr	ra
4080a02c:	408127b7          	lui	a5,0x40812
4080a030:	4e87aa23          	sw	s0,1268(a5) # 408124f4 <_ZL14g_wifi_channel>
4080a034:	b7c9                	c.j	40809ff6 <wifi_ap_start+0x54>
4080a036:	c64e                	c.swsp	s3,12(sp)
4080a038:	85aa                	c.mv	a1,a0
4080a03a:	49890993          	addi	s3,s2,1176
4080a03e:	02000613          	addi	a2,zero,32
4080a042:	49890513          	addi	a0,s2,1176
4080a046:	833f60ef          	jal	ra,40800878 <k_strncpy>
4080a04a:	02098023          	sb	zero,32(s3)
4080a04e:	49b2                	c.lwsp	s3,12(sp)
4080a050:	bfad                	c.j	40809fca <wifi_ap_start+0x28>
4080a052:	40811537          	lui	a0,0x40811
4080a056:	e9c50513          	addi	a0,a0,-356 # 40810e9c <_str_crlf+0x4a4e>
4080a05a:	9c2f60ef          	jal	ra,4080021c <klog>
4080a05e:	557d                	c.li	a0,-1
4080a060:	b7d9                	c.j	4080a026 <wifi_ap_start+0x84>

4080a062 <wifi_ap_stop>:
4080a062:	40811537          	lui	a0,0x40811
4080a066:	1141                	c.addi	sp,-16
4080a068:	f4c50513          	addi	a0,a0,-180 # 40810f4c <_str_crlf+0x4afe>
4080a06c:	4081a737          	lui	a4,0x4081a
4080a070:	4081a7b7          	lui	a5,0x4081a
4080a074:	c606                	c.swsp	ra,12(sp)
4080a076:	46072423          	sw	zero,1128(a4) # 4081a468 <_ZL17g_wifi_ap_started>
4080a07a:	4607a623          	sw	zero,1132(a5) # 4081a46c <_ZL12g_wifi_ap_on>
4080a07e:	99ef60ef          	jal	ra,4080021c <klog>
4080a082:	40b2                	c.lwsp	ra,12(sp)
4080a084:	4501                	c.li	a0,0
4080a086:	0141                	c.addi	sp,16
4080a088:	8082                	c.jr	ra

4080a08a <wifi_scan>:
4080a08a:	cd15                	c.beqz	a0,4080a0c6 <wifi_scan+0x3c>
4080a08c:	02b05d63          	bge	zero,a1,4080a0c6 <wifi_scan+0x3c>
4080a090:	4081a7b7          	lui	a5,0x4081a
4080a094:	4707a783          	lw	a5,1136(a5) # 4081a470 <_ZL14g_wifi_powered>
4080a098:	1141                	c.addi	sp,-16
4080a09a:	c606                	c.swsp	ra,12(sp)
4080a09c:	cb99                	c.beqz	a5,4080a0b2 <wifi_scan+0x28>
4080a09e:	40811537          	lui	a0,0x40811
4080a0a2:	f8450513          	addi	a0,a0,-124 # 40810f84 <_str_crlf+0x4b36>
4080a0a6:	bd9f60ef          	jal	ra,40800c7e <uart_puts>
4080a0aa:	40b2                	c.lwsp	ra,12(sp)
4080a0ac:	4501                	c.li	a0,0
4080a0ae:	0141                	c.addi	sp,16
4080a0b0:	8082                	c.jr	ra
4080a0b2:	4080f537          	lui	a0,0x4080f
4080a0b6:	04850513          	addi	a0,a0,72 # 4080f048 <_str_crlf+0x2bfa>
4080a0ba:	bc5f60ef          	jal	ra,40800c7e <uart_puts>
4080a0be:	40b2                	c.lwsp	ra,12(sp)
4080a0c0:	4501                	c.li	a0,0
4080a0c2:	0141                	c.addi	sp,16
4080a0c4:	8082                	c.jr	ra
4080a0c6:	4501                	c.li	a0,0
4080a0c8:	8082                	c.jr	ra

4080a0ca <wifi_get_ap_info>:
4080a0ca:	c93d                	c.beqz	a0,4080a140 <wifi_get_ap_info+0x76>
4080a0cc:	1141                	c.addi	sp,-16
4080a0ce:	03000613          	addi	a2,zero,48
4080a0d2:	4581                	c.li	a1,0
4080a0d4:	c606                	c.swsp	ra,12(sp)
4080a0d6:	c422                	c.swsp	s0,8(sp)
4080a0d8:	c226                	c.swsp	s1,4(sp)
4080a0da:	842a                	c.mv	s0,a0
4080a0dc:	408124b7          	lui	s1,0x40812
4080a0e0:	fccf60ef          	jal	ra,408008ac <k_memset>
4080a0e4:	49848513          	addi	a0,s1,1176 # 40812498 <_ZL11g_wifi_ssid>
4080a0e8:	f08f60ef          	jal	ra,408007f0 <k_strlen>
4080a0ec:	862a                	c.mv	a2,a0
4080a0ee:	49848593          	addi	a1,s1,1176
4080a0f2:	00640513          	addi	a0,s0,6
4080a0f6:	fcef60ef          	jal	ra,408008c4 <k_memcpy>
4080a0fa:	49848513          	addi	a0,s1,1176
4080a0fe:	ef2f60ef          	jal	ra,408007f0 <k_strlen>
4080a102:	408125b7          	lui	a1,0x40812
4080a106:	d408                	c.sw	a0,40(s0)
4080a108:	4f858593          	addi	a1,a1,1272 # 408124f8 <g_wifi_mac>
4080a10c:	8522                	c.mv	a0,s0
4080a10e:	4619                	c.li	a2,6
4080a110:	fb4f60ef          	jal	ra,408008c4 <k_memcpy>
4080a114:	408127b7          	lui	a5,0x40812
4080a118:	4f47a703          	lw	a4,1268(a5) # 408124f4 <_ZL14g_wifi_channel>
4080a11c:	4081a7b7          	lui	a5,0x4081a
4080a120:	e587c783          	lbu	a5,-424(a5) # 40819e58 <_ZL11g_wifi_pass>
4080a124:	02040723          	sb	zero,46(s0)
4080a128:	02e40623          	sb	a4,44(s0)
4080a12c:	c781                	c.beqz	a5,4080a134 <wifi_get_ap_info+0x6a>
4080a12e:	478d                	c.li	a5,3
4080a130:	02f40723          	sb	a5,46(s0)
4080a134:	40b2                	c.lwsp	ra,12(sp)
4080a136:	4422                	c.lwsp	s0,8(sp)
4080a138:	4492                	c.lwsp	s1,4(sp)
4080a13a:	4501                	c.li	a0,0
4080a13c:	0141                	c.addi	sp,16
4080a13e:	8082                	c.jr	ra
4080a140:	557d                	c.li	a0,-1
4080a142:	8082                	c.jr	ra

4080a144 <_ZL11bt_drv_readPvi>:
4080a144:	557d                	c.li	a0,-1
4080a146:	8082                	c.jr	ra

4080a148 <_ZL12bt_drv_ioctliPv>:
4080a148:	557d                	c.li	a0,-1
4080a14a:	8082                	c.jr	ra

4080a14c <_ZL11bt_drv_initv>:
4080a14c:	40811537          	lui	a0,0x40811
4080a150:	1101                	c.addi	sp,-32
4080a152:	1e050513          	addi	a0,a0,480 # 408111e0 <_str_crlf+0x4d92>
4080a156:	ce06                	c.swsp	ra,28(sp)
4080a158:	8c4f60ef          	jal	ra,4080021c <klog>
4080a15c:	600b06b7          	lui	a3,0x600b0
4080a160:	4298                	c.lw	a4,0(a3)
4080a162:	600967b7          	lui	a5,0x60096
4080a166:	9b6d                	c.andi	a4,-5
4080a168:	c298                	c.sw	a4,0(a3)
4080a16a:	1087a683          	lw	a3,264(a5) # 60096108 <_kern_stack_top+0x1f81a108>
4080a16e:	06300713          	addi	a4,zero,99
4080a172:	0016e693          	ori	a3,a3,1
4080a176:	10d7a423          	sw	a3,264(a5)
4080a17a:	1087a683          	lw	a3,264(a5)
4080a17e:	9af5                	c.andi	a3,-3
4080a180:	10d7a423          	sw	a3,264(a5)
4080a184:	c602                	c.swsp	zero,12(sp)
4080a186:	47b2                	c.lwsp	a5,12(sp)
4080a188:	00f74863          	blt	a4,a5,4080a198 <_ZL11bt_drv_initv+0x4c>
4080a18c:	47b2                	c.lwsp	a5,12(sp)
4080a18e:	0785                	c.addi	a5,1
4080a190:	c63e                	c.swsp	a5,12(sp)
4080a192:	47b2                	c.lwsp	a5,12(sp)
4080a194:	fef75ce3          	bge	a4,a5,4080a18c <_ZL11bt_drv_initv+0x40>
4080a198:	40811537          	lui	a0,0x40811
4080a19c:	1f850513          	addi	a0,a0,504 # 408111f8 <_str_crlf+0x4daa>
4080a1a0:	87cf60ef          	jal	ra,4080021c <klog>
4080a1a4:	408127b7          	lui	a5,0x40812
4080a1a8:	40812737          	lui	a4,0x40812
4080a1ac:	4f878793          	addi	a5,a5,1272 # 408124f8 <g_wifi_mac>
4080a1b0:	50070893          	addi	a7,a4,1280 # 40812500 <_ZL8g_bt_mac>
4080a1b4:	00678613          	addi	a2,a5,6
4080a1b8:	50070713          	addi	a4,a4,1280
4080a1bc:	0007c683          	lbu	a3,0(a5)
4080a1c0:	0785                	c.addi	a5,1
4080a1c2:	0705                	c.addi	a4,1
4080a1c4:	fed70fa3          	sb	a3,-1(a4)
4080a1c8:	fec79ae3          	bne	a5,a2,4080a1bc <_ZL11bt_drv_initv+0x70>
4080a1cc:	0058c803          	lbu	a6,5(a7)
4080a1d0:	0048c783          	lbu	a5,4(a7)
4080a1d4:	0038c703          	lbu	a4,3(a7)
4080a1d8:	0028c683          	lbu	a3,2(a7)
4080a1dc:	0018c603          	lbu	a2,1(a7)
4080a1e0:	0008c583          	lbu	a1,0(a7)
4080a1e4:	0805                	c.addi	a6,1
4080a1e6:	40811537          	lui	a0,0x40811
4080a1ea:	0ff87813          	andi	a6,a6,255
4080a1ee:	22050513          	addi	a0,a0,544 # 40811220 <_str_crlf+0x4dd2>
4080a1f2:	010882a3          	sb	a6,5(a7)
4080a1f6:	b83f60ef          	jal	ra,40800d78 <kprintf>
4080a1fa:	40811537          	lui	a0,0x40811
4080a1fe:	24c50513          	addi	a0,a0,588 # 4081124c <_str_crlf+0x4dfe>
4080a202:	4081a7b7          	lui	a5,0x4081a
4080a206:	4705                	c.li	a4,1
4080a208:	46e7ac23          	sw	a4,1144(a5) # 4081a478 <_ZL12g_bt_powered>
4080a20c:	810f60ef          	jal	ra,4080021c <klog>
4080a210:	40f2                	c.lwsp	ra,28(sp)
4080a212:	4501                	c.li	a0,0
4080a214:	6105                	c.addi16sp	sp,32
4080a216:	8082                	c.jr	ra

4080a218 <_ZL12bt_drv_writePKvi>:
4080a218:	557d                	c.li	a0,-1
4080a21a:	8082                	c.jr	ra

4080a21c <bt_init>:
4080a21c:	1141                	c.addi	sp,-16
4080a21e:	c606                	c.swsp	ra,12(sp)
4080a220:	3735                	c.jal	4080a14c <_ZL11bt_drv_initv>
4080a222:	40b2                	c.lwsp	ra,12(sp)
4080a224:	4501                	c.li	a0,0
4080a226:	0141                	c.addi	sp,16
4080a228:	8082                	c.jr	ra

4080a22a <bt_is_active>:
4080a22a:	4081a7b7          	lui	a5,0x4081a
4080a22e:	4787a503          	lw	a0,1144(a5) # 4081a478 <_ZL12g_bt_powered>
4080a232:	8082                	c.jr	ra

4080a234 <bt_is_scanning>:
4080a234:	4081a7b7          	lui	a5,0x4081a
4080a238:	4747a503          	lw	a0,1140(a5) # 4081a474 <_ZL13g_bt_scanning>
4080a23c:	8082                	c.jr	ra

4080a23e <bt_scan>:
4080a23e:	c539                	c.beqz	a0,4080a28c <bt_scan+0x4e>
4080a240:	04b05663          	bge	zero,a1,4080a28c <bt_scan+0x4e>
4080a244:	4081a7b7          	lui	a5,0x4081a
4080a248:	4787a783          	lw	a5,1144(a5) # 4081a478 <_ZL12g_bt_powered>
4080a24c:	1141                	c.addi	sp,-16
4080a24e:	c606                	c.swsp	ra,12(sp)
4080a250:	c785                	c.beqz	a5,4080a278 <bt_scan+0x3a>
4080a252:	40811537          	lui	a0,0x40811
4080a256:	c422                	c.swsp	s0,8(sp)
4080a258:	2a450513          	addi	a0,a0,676 # 408112a4 <_str_crlf+0x4e56>
4080a25c:	4081a437          	lui	s0,0x4081a
4080a260:	4785                	c.li	a5,1
4080a262:	46f42a23          	sw	a5,1140(s0) # 4081a474 <_ZL13g_bt_scanning>
4080a266:	a19f60ef          	jal	ra,40800c7e <uart_puts>
4080a26a:	40b2                	c.lwsp	ra,12(sp)
4080a26c:	46042a23          	sw	zero,1140(s0)
4080a270:	4422                	c.lwsp	s0,8(sp)
4080a272:	4501                	c.li	a0,0
4080a274:	0141                	c.addi	sp,16
4080a276:	8082                	c.jr	ra
4080a278:	40811537          	lui	a0,0x40811
4080a27c:	27850513          	addi	a0,a0,632 # 40811278 <_str_crlf+0x4e2a>
4080a280:	9fff60ef          	jal	ra,40800c7e <uart_puts>
4080a284:	40b2                	c.lwsp	ra,12(sp)
4080a286:	4501                	c.li	a0,0
4080a288:	0141                	c.addi	sp,16
4080a28a:	8082                	c.jr	ra
4080a28c:	4501                	c.li	a0,0
4080a28e:	8082                	c.jr	ra

4080a290 <gui_start>:
4080a290:	1141                	c.addi	sp,-16
4080a292:	c606                	c.swsp	ra,12(sp)
4080a294:	c422                	c.swsp	s0,8(sp)
4080a296:	65c010ef          	jal	ra,4080b8f2 <fb_get>
4080a29a:	c911                	c.beqz	a0,4080a2ae <gui_start+0x1e>
4080a29c:	01254783          	lbu	a5,18(a0)
4080a2a0:	547d                	c.li	s0,-1
4080a2a2:	c791                	c.beqz	a5,4080a2ae <gui_start+0x1e>
4080a2a4:	40b2                	c.lwsp	ra,12(sp)
4080a2a6:	8522                	c.mv	a0,s0
4080a2a8:	4422                	c.lwsp	s0,8(sp)
4080a2aa:	0141                	c.addi	sp,16
4080a2ac:	8082                	c.jr	ra
4080a2ae:	0f000593          	addi	a1,zero,240
4080a2b2:	14000513          	addi	a0,zero,320
4080a2b6:	4fc010ef          	jal	ra,4080b7b2 <fb_init>
4080a2ba:	842a                	c.mv	s0,a0
4080a2bc:	f565                	c.bnez	a0,4080a2a4 <gui_start+0x14>
4080a2be:	101010ef          	jal	ra,4080bbbe <lcd_init>
4080a2c2:	842a                	c.mv	s0,a0
4080a2c4:	0c051e63          	bne	a0,zero,4080a3a0 <gui_start+0x110>
4080a2c8:	387010ef          	jal	ra,4080be4e <touch_init>
4080a2cc:	4541                	c.li	a0,16
4080a2ce:	269d                	c.jal	4080a634 <draw_fill>
4080a2d0:	40810737          	lui	a4,0x40810
4080a2d4:	45d1                	c.li	a1,20
4080a2d6:	42870713          	addi	a4,a4,1064 # 40810428 <_str_crlf+0x3fda>
4080a2da:	852e                	c.mv	a0,a1
4080a2dc:	0c800693          	addi	a3,zero,200
4080a2e0:	11800613          	addi	a2,zero,280
4080a2e4:	5ff000ef          	jal	ra,4080b0e2 <win_create>
4080a2e8:	0aa04163          	blt	zero,a0,4080a38a <gui_start+0xfa>
4080a2ec:	02800593          	addi	a1,zero,40
4080a2f0:	66c1                	c.lui	a3,0x10
4080a2f2:	40811637          	lui	a2,0x40811
4080a2f6:	852e                	c.mv	a0,a1
4080a2f8:	16fd                	c.addi	a3,-1 # ffff <_kernel_start-0x407f0001>
4080a2fa:	2dc60613          	addi	a2,a2,732 # 408112dc <_str_crlf+0x4e8e>
4080a2fe:	4af000ef          	jal	ra,4080afac <draw_text>
4080a302:	40811637          	lui	a2,0x40811
4080a306:	2ec60613          	addi	a2,a2,748 # 408112ec <_str_crlf+0x4e9e>
4080a30a:	7e000693          	addi	a3,zero,2016
4080a30e:	03800593          	addi	a1,zero,56
4080a312:	02800513          	addi	a0,zero,40
4080a316:	497000ef          	jal	ra,4080afac <draw_text>
4080a31a:	66a1                	c.lui	a3,0x8
4080a31c:	40811637          	lui	a2,0x40811
4080a320:	41068693          	addi	a3,a3,1040 # 8410 <_kernel_start-0x407f7bf0>
4080a324:	30460613          	addi	a2,a2,772 # 40811304 <_str_crlf+0x4eb6>
4080a328:	04800593          	addi	a1,zero,72
4080a32c:	02800513          	addi	a0,zero,40
4080a330:	47d000ef          	jal	ra,4080afac <draw_text>
4080a334:	66c1                	c.lui	a3,0x10
4080a336:	40811637          	lui	a2,0x40811
4080a33a:	80068693          	addi	a3,a3,-2048 # f800 <_kernel_start-0x407f0800>
4080a33e:	31c60613          	addi	a2,a2,796 # 4081131c <_str_crlf+0x4ece>
4080a342:	05c00593          	addi	a1,zero,92
4080a346:	02800513          	addi	a0,zero,40
4080a34a:	463000ef          	jal	ra,4080afac <draw_text>
4080a34e:	66c1                	c.lui	a3,0x10
4080a350:	40811637          	lui	a2,0x40811
4080a354:	80068693          	addi	a3,a3,-2048 # f800 <_kernel_start-0x407f0800>
4080a358:	33060613          	addi	a2,a2,816 # 40811330 <_str_crlf+0x4ee2>
4080a35c:	06c00593          	addi	a1,zero,108
4080a360:	02800513          	addi	a0,zero,40
4080a364:	449000ef          	jal	ra,4080afac <draw_text>
4080a368:	40811537          	lui	a0,0x40811
4080a36c:	34c50513          	addi	a0,a0,844 # 4081134c <_str_crlf+0x4efe>
4080a370:	12c00693          	addi	a3,zero,300
4080a374:	0f000613          	addi	a2,zero,240
4080a378:	14000593          	addi	a1,zero,320
4080a37c:	9fdf60ef          	jal	ra,40800d78 <kprintf>
4080a380:	40b2                	c.lwsp	ra,12(sp)
4080a382:	8522                	c.mv	a0,s0
4080a384:	4422                	c.lwsp	s0,8(sp)
4080a386:	0141                	c.addi	sp,16
4080a388:	8082                	c.jr	ra
4080a38a:	0542                	c.slli	a0,0x10
4080a38c:	8141                	c.srli	a0,0x10
4080a38e:	218010ef          	jal	ra,4080b5a6 <win_get>
4080a392:	dd29                	c.beqz	a0,4080a2ec <gui_start+0x5c>
4080a394:	4785                	c.li	a5,1
4080a396:	02052823          	sw	zero,48(a0)
4080a39a:	00f50623          	sb	a5,12(a0)
4080a39e:	b7b9                	c.j	4080a2ec <gui_start+0x5c>
4080a3a0:	51c010ef          	jal	ra,4080b8bc <fb_deinit>
4080a3a4:	40b2                	c.lwsp	ra,12(sp)
4080a3a6:	8522                	c.mv	a0,s0
4080a3a8:	4422                	c.lwsp	s0,8(sp)
4080a3aa:	0141                	c.addi	sp,16
4080a3ac:	8082                	c.jr	ra

4080a3ae <gui_stop>:
4080a3ae:	1141                	c.addi	sp,-16
4080a3b0:	c606                	c.swsp	ra,12(sp)
4080a3b2:	540010ef          	jal	ra,4080b8f2 <fb_get>
4080a3b6:	c10d                	c.beqz	a0,4080a3d8 <gui_stop+0x2a>
4080a3b8:	01254783          	lbu	a5,18(a0)
4080a3bc:	cf91                	c.beqz	a5,4080a3d8 <gui_stop+0x2a>
4080a3be:	4505                	c.li	a0,1
4080a3c0:	605000ef          	jal	ra,4080b1c4 <win_destroy>
4080a3c4:	4f8010ef          	jal	ra,4080b8bc <fb_deinit>
4080a3c8:	40b2                	c.lwsp	ra,12(sp)
4080a3ca:	40811537          	lui	a0,0x40811
4080a3ce:	37450513          	addi	a0,a0,884 # 40811374 <_str_crlf+0x4f26>
4080a3d2:	0141                	c.addi	sp,16
4080a3d4:	9a5f606f          	jal	zero,40800d78 <kprintf>
4080a3d8:	40b2                	c.lwsp	ra,12(sp)
4080a3da:	0141                	c.addi	sp,16
4080a3dc:	8082                	c.jr	ra

4080a3de <gui_active>:
4080a3de:	1141                	c.addi	sp,-16
4080a3e0:	c606                	c.swsp	ra,12(sp)
4080a3e2:	510010ef          	jal	ra,4080b8f2 <fb_get>
4080a3e6:	87aa                	c.mv	a5,a0
4080a3e8:	4501                	c.li	a0,0
4080a3ea:	c789                	c.beqz	a5,4080a3f4 <gui_active+0x16>
4080a3ec:	0127c503          	lbu	a0,18(a5)
4080a3f0:	00a03533          	sltu	a0,zero,a0
4080a3f4:	40b2                	c.lwsp	ra,12(sp)
4080a3f6:	0141                	c.addi	sp,16
4080a3f8:	8082                	c.jr	ra

4080a3fa <gui_task>:
4080a3fa:	715d                	c.addi16sp	sp,-80
4080a3fc:	de4e                	c.swsp	s3,60(sp)
4080a3fe:	c686                	c.swsp	ra,76(sp)
4080a400:	c4a2                	c.swsp	s0,72(sp)
4080a402:	c2a6                	c.swsp	s1,68(sp)
4080a404:	c0ca                	c.swsp	s2,64(sp)
4080a406:	4985                	c.li	s3,1
4080a408:	4ea010ef          	jal	ra,4080b8f2 <fb_get>
4080a40c:	c905                	c.beqz	a0,4080a43c <gui_task+0x42>
4080a40e:	01254783          	lbu	a5,18(a0)
4080a412:	c78d                	c.beqz	a5,4080a43c <gui_task+0x42>
4080a414:	4589                	c.li	a1,2
4080a416:	0048                	c.addi4spn	a0,sp,4
4080a418:	339010ef          	jal	ra,4080bf50 <touch_scan>
4080a41c:	842a                	c.mv	s0,a0
4080a41e:	00a05563          	bge	zero,a0,4080a428 <gui_task+0x2e>
4080a422:	a005                	c.j	4080a442 <gui_task+0x48>
4080a424:	1f2010ef          	jal	ra,4080b616 <win_dispatch_event>
4080a428:	1008                	c.addi4spn	a0,sp,32
4080a42a:	45d000ef          	jal	ra,4080b086 <ev_pop>
4080a42e:	87aa                	c.mv	a5,a0
4080a430:	1008                	c.addi4spn	a0,sp,32
4080a432:	dbed                	c.beqz	a5,4080a424 <gui_task+0x2a>
4080a434:	2ae010ef          	jal	ra,4080b6e2 <win_render_all>
4080a438:	452010ef          	jal	ra,4080b88a <fb_swap>
4080a43c:	973fe0ef          	jal	ra,40808dae <task_yield>
4080a440:	b7e1                	c.j	4080a408 <gui_task+0xe>
4080a442:	0044                	c.addi4spn	s1,sp,4
4080a444:	4901                	c.li	s2,0
4080a446:	0004d703          	lhu	a4,0(s1)
4080a44a:	0024d783          	lhu	a5,2(s1)
4080a44e:	c84e                	c.swsp	s3,16(sp)
4080a450:	00e11a23          	sh	a4,20(sp)
4080a454:	00f11b23          	sh	a5,22(sp)
4080a458:	a31f90ef          	jal	ra,40803e88 <uptime_us>
4080a45c:	87aa                	c.mv	a5,a0
4080a45e:	0905                	c.addi	s2,1
4080a460:	0808                	c.addi4spn	a0,sp,16
4080a462:	ce3e                	c.swsp	a5,28(sp)
4080a464:	0499                	c.addi	s1,6
4080a466:	1b0010ef          	jal	ra,4080b616 <win_dispatch_event>
4080a46a:	fb240fe3          	beq	s0,s2,4080a428 <gui_task+0x2e>
4080a46e:	bfe1                	c.j	4080a446 <gui_task+0x4c>

4080a470 <gui_bench>:
4080a470:	7139                	c.addi16sp	sp,-64
4080a472:	de06                	c.swsp	ra,60(sp)
4080a474:	47e010ef          	jal	ra,4080b8f2 <fb_get>
4080a478:	16050263          	beq	a0,zero,4080a5dc <gui_bench+0x16c>
4080a47c:	01254783          	lbu	a5,18(a0)
4080a480:	14078e63          	beq	a5,zero,4080a5dc <gui_bench+0x16c>
4080a484:	dc22                	c.swsp	s0,56(sp)
4080a486:	da26                	c.swsp	s1,52(sp)
4080a488:	d84a                	c.swsp	s2,48(sp)
4080a48a:	d64e                	c.swsp	s3,44(sp)
4080a48c:	d452                	c.swsp	s4,40(sp)
4080a48e:	d256                	c.swsp	s5,36(sp)
4080a490:	d05a                	c.swsp	s6,32(sp)
4080a492:	ce5e                	c.swsp	s7,28(sp)
4080a494:	cc62                	c.swsp	s8,24(sp)
4080a496:	ca66                	c.swsp	s9,20(sp)
4080a498:	9f1f90ef          	jal	ra,40803e88 <uptime_us>
4080a49c:	000f47b7          	lui	a5,0xf4
4080a4a0:	24078793          	addi	a5,a5,576 # f4240 <_kernel_start-0x4070bdc0>
4080a4a4:	4985                	c.li	s3,1
4080a4a6:	6b41                	c.lui	s6,0x10
4080a4a8:	00f50a33          	add	s4,a0,a5
4080a4ac:	8c2a                	c.mv	s8,a0
4080a4ae:	8ace                	c.mv	s5,s3
4080a4b0:	1b7d                	c.addi	s6,-1 # ffff <_kernel_start-0x407f0001>
4080a4b2:	4481                	c.li	s1,0
4080a4b4:	4401                	c.li	s0,0
4080a4b6:	4901                	c.li	s2,0
4080a4b8:	11600b93          	addi	s7,zero,278
4080a4bc:	9cdf90ef          	jal	ra,40803e88 <uptime_us>
4080a4c0:	0d457c63          	bgeu	a0,s4,4080a598 <gui_bench+0x128>
4080a4c4:	4541                	c.li	a0,16
4080a4c6:	22bd                	c.jal	4080a634 <draw_fill>
4080a4c8:	0442                	c.slli	s0,0x10
4080a4ca:	04c2                	c.slli	s1,0x10
4080a4cc:	02800693          	addi	a3,zero,40
4080a4d0:	8041                	c.srli	s0,0x10
4080a4d2:	80c1                	c.srli	s1,0x10
4080a4d4:	6741                	c.lui	a4,0x10
4080a4d6:	8636                	c.mv	a2,a3
4080a4d8:	85a6                	c.mv	a1,s1
4080a4da:	8522                	c.mv	a0,s0
4080a4dc:	1701                	c.addi	a4,-32 # ffe0 <_kernel_start-0x407f0020>
4080a4de:	4785                	c.li	a5,1
4080a4e0:	2269                	c.jal	4080a66a <draw_rect>
4080a4e2:	010a9613          	slli	a2,s5,0x10
4080a4e6:	8241                	c.srli	a2,0x10
4080a4e8:	9432                	c.add	s0,a2
4080a4ea:	01099693          	slli	a3,s3,0x10
4080a4ee:	fff40713          	addi	a4,s0,-1
4080a4f2:	82c1                	c.srli	a3,0x10
4080a4f4:	94b6                	c.add	s1,a3
4080a4f6:	0742                	c.slli	a4,0x10
4080a4f8:	01049793          	slli	a5,s1,0x10
4080a4fc:	0442                	c.slli	s0,0x10
4080a4fe:	04c2                	c.slli	s1,0x10
4080a500:	8341                	c.srli	a4,0x10
4080a502:	8441                	c.srai	s0,0x10
4080a504:	83c1                	c.srli	a5,0x10
4080a506:	84c1                	c.srai	s1,0x10
4080a508:	00ebf863          	bgeu	s7,a4,4080a518 <gui_bench+0xa8>
4080a50c:	40c00633          	sub	a2,zero,a2
4080a510:	01061a93          	slli	s5,a2,0x10
4080a514:	410ada93          	srai	s5,s5,0x10
4080a518:	17fd                	c.addi	a5,-1
4080a51a:	07c2                	c.slli	a5,0x10
4080a51c:	83c1                	c.srli	a5,0x10
4080a51e:	0c600713          	addi	a4,zero,198
4080a522:	00f77863          	bgeu	a4,a5,4080a532 <gui_bench+0xc2>
4080a526:	40d006b3          	sub	a3,zero,a3
4080a52a:	01069993          	slli	s3,a3,0x10
4080a52e:	4109d993          	srai	s3,s3,0x10
4080a532:	ccccd5b7          	lui	a1,0xccccd
4080a536:	000107a3          	sb	zero,15(sp)
4080a53a:	ccd58593          	addi	a1,a1,-819 # cccccccd <_kern_stack_top+0x8c450ccd>
4080a53e:	87ca                	c.mv	a5,s2
4080a540:	00f10c93          	addi	s9,sp,15
4080a544:	4525                	c.li	a0,9
4080a546:	02b7b733          	mulhu	a4,a5,a1
4080a54a:	863e                	c.mv	a2,a5
4080a54c:	1cfd                	c.addi	s9,-1
4080a54e:	830d                	c.srli	a4,0x3
4080a550:	00271693          	slli	a3,a4,0x2
4080a554:	96ba                	c.add	a3,a4
4080a556:	0686                	c.slli	a3,0x1
4080a558:	8f95                	c.sub	a5,a3
4080a55a:	03078793          	addi	a5,a5,48
4080a55e:	00fc8023          	sb	a5,0(s9)
4080a562:	87ba                	c.mv	a5,a4
4080a564:	fec561e3          	bltu	a0,a2,4080a546 <gui_bench+0xd6>
4080a568:	45a9                	c.li	a1,10
4080a56a:	40811637          	lui	a2,0x40811
4080a56e:	852e                	c.mv	a0,a1
4080a570:	3bc60613          	addi	a2,a2,956 # 408113bc <_str_crlf+0x4f6e>
4080a574:	86da                	c.mv	a3,s6
4080a576:	237000ef          	jal	ra,4080afac <draw_text>
4080a57a:	8666                	c.mv	a2,s9
4080a57c:	7e000693          	addi	a3,zero,2016
4080a580:	45a9                	c.li	a1,10
4080a582:	03200513          	addi	a0,zero,50
4080a586:	227000ef          	jal	ra,4080afac <draw_text>
4080a58a:	300010ef          	jal	ra,4080b88a <fb_swap>
4080a58e:	0905                	c.addi	s2,1
4080a590:	8f9f90ef          	jal	ra,40803e88 <uptime_us>
4080a594:	f34568e3          	bltu	a0,s4,4080a4c4 <gui_bench+0x54>
4080a598:	8f1f90ef          	jal	ra,40803e88 <uptime_us>
4080a59c:	41850633          	sub	a2,a0,s8
4080a5a0:	4681                	c.li	a3,0
4080a5a2:	01850a63          	beq	a0,s8,4080a5b6 <gui_bench+0x146>
4080a5a6:	000f46b7          	lui	a3,0xf4
4080a5aa:	24068693          	addi	a3,a3,576 # f4240 <_kernel_start-0x4070bdc0>
4080a5ae:	02d906b3          	mul	a3,s2,a3
4080a5b2:	02c6d6b3          	divu	a3,a3,a2
4080a5b6:	5462                	c.lwsp	s0,56(sp)
4080a5b8:	54d2                	c.lwsp	s1,52(sp)
4080a5ba:	59b2                	c.lwsp	s3,44(sp)
4080a5bc:	5a22                	c.lwsp	s4,40(sp)
4080a5be:	5a92                	c.lwsp	s5,36(sp)
4080a5c0:	5b02                	c.lwsp	s6,32(sp)
4080a5c2:	4bf2                	c.lwsp	s7,28(sp)
4080a5c4:	4c62                	c.lwsp	s8,24(sp)
4080a5c6:	4cd2                	c.lwsp	s9,20(sp)
4080a5c8:	50f2                	c.lwsp	ra,60(sp)
4080a5ca:	85ca                	c.mv	a1,s2
4080a5cc:	5942                	c.lwsp	s2,48(sp)
4080a5ce:	40811537          	lui	a0,0x40811
4080a5d2:	3c450513          	addi	a0,a0,964 # 408113c4 <_str_crlf+0x4f76>
4080a5d6:	6121                	c.addi16sp	sp,64
4080a5d8:	fa0f606f          	jal	zero,40800d78 <kprintf>
4080a5dc:	50f2                	c.lwsp	ra,60(sp)
4080a5de:	40811537          	lui	a0,0x40811
4080a5e2:	38450513          	addi	a0,a0,900 # 40811384 <_str_crlf+0x4f36>
4080a5e6:	6121                	c.addi16sp	sp,64
4080a5e8:	e96f606f          	jal	zero,40800c7e <uart_puts>

4080a5ec <draw_pixel>:
4080a5ec:	1141                	c.addi	sp,-16
4080a5ee:	c422                	c.swsp	s0,8(sp)
4080a5f0:	c226                	c.swsp	s1,4(sp)
4080a5f2:	c04a                	c.swsp	s2,0(sp)
4080a5f4:	c606                	c.swsp	ra,12(sp)
4080a5f6:	84aa                	c.mv	s1,a0
4080a5f8:	842e                	c.mv	s0,a1
4080a5fa:	8932                	c.mv	s2,a2
4080a5fc:	2f6010ef          	jal	ra,4080b8f2 <fb_get>
4080a600:	c505                	c.beqz	a0,4080a628 <draw_pixel+0x3c>
4080a602:	451c                	c.lw	a5,8(a0)
4080a604:	c395                	c.beqz	a5,4080a628 <draw_pixel+0x3c>
4080a606:	00c55703          	lhu	a4,12(a0)
4080a60a:	00e4ff63          	bgeu	s1,a4,4080a628 <draw_pixel+0x3c>
4080a60e:	00e55683          	lhu	a3,14(a0)
4080a612:	00d47b63          	bgeu	s0,a3,4080a628 <draw_pixel+0x3c>
4080a616:	02e405b3          	mul	a1,s0,a4
4080a61a:	00958533          	add	a0,a1,s1
4080a61e:	00151593          	slli	a1,a0,0x1
4080a622:	97ae                	c.add	a5,a1
4080a624:	01279023          	sh	s2,0(a5)
4080a628:	40b2                	c.lwsp	ra,12(sp)
4080a62a:	4422                	c.lwsp	s0,8(sp)
4080a62c:	4492                	c.lwsp	s1,4(sp)
4080a62e:	4902                	c.lwsp	s2,0(sp)
4080a630:	0141                	c.addi	sp,16
4080a632:	8082                	c.jr	ra

4080a634 <draw_fill>:
4080a634:	1141                	c.addi	sp,-16
4080a636:	c422                	c.swsp	s0,8(sp)
4080a638:	c606                	c.swsp	ra,12(sp)
4080a63a:	842a                	c.mv	s0,a0
4080a63c:	2b6010ef          	jal	ra,4080b8f2 <fb_get>
4080a640:	c10d                	c.beqz	a0,4080a662 <draw_fill+0x2e>
4080a642:	451c                	c.lw	a5,8(a0)
4080a644:	cf99                	c.beqz	a5,4080a662 <draw_fill+0x2e>
4080a646:	00c55703          	lhu	a4,12(a0)
4080a64a:	00e55683          	lhu	a3,14(a0)
4080a64e:	02d70733          	mul	a4,a4,a3
4080a652:	cb01                	c.beqz	a4,4080a662 <draw_fill+0x2e>
4080a654:	0706                	c.slli	a4,0x1
4080a656:	973e                	c.add	a4,a5
4080a658:	00879023          	sh	s0,0(a5)
4080a65c:	0789                	c.addi	a5,2
4080a65e:	fee79de3          	bne	a5,a4,4080a658 <draw_fill+0x24>
4080a662:	40b2                	c.lwsp	ra,12(sp)
4080a664:	4422                	c.lwsp	s0,8(sp)
4080a666:	0141                	c.addi	sp,16
4080a668:	8082                	c.jr	ra

4080a66a <draw_rect>:
4080a66a:	7179                	c.addi16sp	sp,-48
4080a66c:	d422                	c.swsp	s0,40(sp)
4080a66e:	d226                	c.swsp	s1,36(sp)
4080a670:	d04a                	c.swsp	s2,32(sp)
4080a672:	ce4e                	c.swsp	s3,28(sp)
4080a674:	cc52                	c.swsp	s4,24(sp)
4080a676:	ca56                	c.swsp	s5,20(sp)
4080a678:	d606                	c.swsp	ra,44(sp)
4080a67a:	84aa                	c.mv	s1,a0
4080a67c:	89ae                	c.mv	s3,a1
4080a67e:	8432                	c.mv	s0,a2
4080a680:	8ab6                	c.mv	s5,a3
4080a682:	893a                	c.mv	s2,a4
4080a684:	8a3e                	c.mv	s4,a5
4080a686:	26c010ef          	jal	ra,4080b8f2 <fb_get>
4080a68a:	1a050063          	beq	a0,zero,4080a82a <draw_rect+0x1c0>
4080a68e:	4510                	c.lw	a2,8(a0)
4080a690:	18060d63          	beq	a2,zero,4080a82a <draw_rect+0x1c0>
4080a694:	00c55803          	lhu	a6,12(a0)
4080a698:	1904f963          	bgeu	s1,a6,4080a82a <draw_rect+0x1c0>
4080a69c:	00e55783          	lhu	a5,14(a0)
4080a6a0:	18f9f563          	bgeu	s3,a5,4080a82a <draw_rect+0x1c0>
4080a6a4:	00940733          	add	a4,s0,s1
4080a6a8:	00e85663          	bge	a6,a4,4080a6b4 <draw_rect+0x4a>
4080a6ac:	40980433          	sub	s0,a6,s1
4080a6b0:	0442                	c.slli	s0,0x10
4080a6b2:	8041                	c.srli	s0,0x10
4080a6b4:	013a8333          	add	t1,s5,s3
4080a6b8:	0667c463          	blt	a5,t1,4080a720 <draw_rect+0xb6>
4080a6bc:	060a0c63          	beq	s4,zero,4080a734 <draw_rect+0xca>
4080a6c0:	160a8563          	beq	s5,zero,4080a82a <draw_rect+0x1c0>
4080a6c4:	ffe40793          	addi	a5,s0,-2
4080a6c8:	ffe7f593          	andi	a1,a5,-2
4080a6cc:	00243693          	sltiu	a3,s0,2
4080a6d0:	0017d713          	srli	a4,a5,0x1
4080a6d4:	0589                	c.addi	a1,2
4080a6d6:	fff68793          	addi	a5,a3,-1
4080a6da:	0705                	c.addi	a4,1
4080a6dc:	8dfd                	c.and	a1,a5
4080a6de:	01091893          	slli	a7,s2,0x10
4080a6e2:	070a                	c.slli	a4,0x2
4080a6e4:	00159e93          	slli	t4,a1,0x1
4080a6e8:	98ca                	c.add	a7,s2
4080a6ea:	4e05                	c.li	t3,1
4080a6ec:	030986b3          	mul	a3,s3,a6
4080a6f0:	96a6                	c.add	a3,s1
4080a6f2:	0686                	c.slli	a3,0x1
4080a6f4:	96b2                	c.add	a3,a2
4080a6f6:	008e7a63          	bgeu	t3,s0,4080a70a <draw_rect+0xa0>
4080a6fa:	87b6                	c.mv	a5,a3
4080a6fc:	00d70833          	add	a6,a4,a3
4080a700:	0117a023          	sw	a7,0(a5)
4080a704:	0791                	c.addi	a5,4
4080a706:	fef81de3          	bne	a6,a5,4080a700 <draw_rect+0x96>
4080a70a:	0085f563          	bgeu	a1,s0,4080a714 <draw_rect+0xaa>
4080a70e:	96f6                	c.add	a3,t4
4080a710:	01269023          	sh	s2,0(a3)
4080a714:	0985                	c.addi	s3,1
4080a716:	10698a63          	beq	s3,t1,4080a82a <draw_rect+0x1c0>
4080a71a:	00c55803          	lhu	a6,12(a0)
4080a71e:	b7f9                	c.j	4080a6ec <draw_rect+0x82>
4080a720:	413787b3          	sub	a5,a5,s3
4080a724:	01079a93          	slli	s5,a5,0x10
4080a728:	010ada93          	srli	s5,s5,0x10
4080a72c:	013a8333          	add	t1,s5,s3
4080a730:	f80a1ae3          	bne	s4,zero,4080a6c4 <draw_rect+0x5a>
4080a734:	cc3d                	c.beqz	s0,4080a7b2 <draw_rect+0x148>
4080a736:	c65e                	c.swsp	s7,12(sp)
4080a738:	fff98b93          	addi	s7,s3,-1
4080a73c:	c85a                	c.swsp	s6,16(sp)
4080a73e:	9bd6                	c.add	s7,s5
4080a740:	00940b33          	add	s6,s0,s1
4080a744:	0bc2                	c.slli	s7,0x10
4080a746:	0b42                	c.slli	s6,0x10
4080a748:	010bdb93          	srli	s7,s7,0x10
4080a74c:	010b5b13          	srli	s6,s6,0x10
4080a750:	8a26                	c.mv	s4,s1
4080a752:	1a0010ef          	jal	ra,4080b8f2 <fb_get>
4080a756:	c115                	c.beqz	a0,4080a77a <draw_rect+0x110>
4080a758:	4518                	c.lw	a4,8(a0)
4080a75a:	c305                	c.beqz	a4,4080a77a <draw_rect+0x110>
4080a75c:	00c55783          	lhu	a5,12(a0)
4080a760:	00fa7d63          	bgeu	s4,a5,4080a77a <draw_rect+0x110>
4080a764:	00e55683          	lhu	a3,14(a0)
4080a768:	00d9f963          	bgeu	s3,a3,4080a77a <draw_rect+0x110>
4080a76c:	033787b3          	mul	a5,a5,s3
4080a770:	97d2                	c.add	a5,s4
4080a772:	0786                	c.slli	a5,0x1
4080a774:	973e                	c.add	a4,a5
4080a776:	01271023          	sh	s2,0(a4)
4080a77a:	178010ef          	jal	ra,4080b8f2 <fb_get>
4080a77e:	c115                	c.beqz	a0,4080a7a2 <draw_rect+0x138>
4080a780:	4518                	c.lw	a4,8(a0)
4080a782:	c305                	c.beqz	a4,4080a7a2 <draw_rect+0x138>
4080a784:	00c55783          	lhu	a5,12(a0)
4080a788:	00fa7d63          	bgeu	s4,a5,4080a7a2 <draw_rect+0x138>
4080a78c:	00e55683          	lhu	a3,14(a0)
4080a790:	00dbf963          	bgeu	s7,a3,4080a7a2 <draw_rect+0x138>
4080a794:	02fb87b3          	mul	a5,s7,a5
4080a798:	97d2                	c.add	a5,s4
4080a79a:	0786                	c.slli	a5,0x1
4080a79c:	973e                	c.add	a4,a5
4080a79e:	01271023          	sh	s2,0(a4)
4080a7a2:	0a05                	c.addi	s4,1
4080a7a4:	0a42                	c.slli	s4,0x10
4080a7a6:	010a5a13          	srli	s4,s4,0x10
4080a7aa:	fb6a14e3          	bne	s4,s6,4080a752 <draw_rect+0xe8>
4080a7ae:	4b42                	c.lwsp	s6,16(sp)
4080a7b0:	4bb2                	c.lwsp	s7,12(sp)
4080a7b2:	4a09                	c.li	s4,2
4080a7b4:	075a7b63          	bgeu	s4,s5,4080a82a <draw_rect+0x1c0>
4080a7b8:	fff48793          	addi	a5,s1,-1
4080a7bc:	0985                	c.addi	s3,1
4080a7be:	97a2                	c.add	a5,s0
4080a7c0:	01099413          	slli	s0,s3,0x10
4080a7c4:	01079993          	slli	s3,a5,0x10
4080a7c8:	8041                	c.srli	s0,0x10
4080a7ca:	0109d993          	srli	s3,s3,0x10
4080a7ce:	124010ef          	jal	ra,4080b8f2 <fb_get>
4080a7d2:	c115                	c.beqz	a0,4080a7f6 <draw_rect+0x18c>
4080a7d4:	4518                	c.lw	a4,8(a0)
4080a7d6:	c305                	c.beqz	a4,4080a7f6 <draw_rect+0x18c>
4080a7d8:	00c55783          	lhu	a5,12(a0)
4080a7dc:	00f4fd63          	bgeu	s1,a5,4080a7f6 <draw_rect+0x18c>
4080a7e0:	00e55683          	lhu	a3,14(a0)
4080a7e4:	00d47963          	bgeu	s0,a3,4080a7f6 <draw_rect+0x18c>
4080a7e8:	02f407b3          	mul	a5,s0,a5
4080a7ec:	97a6                	c.add	a5,s1
4080a7ee:	0786                	c.slli	a5,0x1
4080a7f0:	973e                	c.add	a4,a5
4080a7f2:	01271023          	sh	s2,0(a4)
4080a7f6:	0fc010ef          	jal	ra,4080b8f2 <fb_get>
4080a7fa:	c115                	c.beqz	a0,4080a81e <draw_rect+0x1b4>
4080a7fc:	4518                	c.lw	a4,8(a0)
4080a7fe:	c305                	c.beqz	a4,4080a81e <draw_rect+0x1b4>
4080a800:	00c55783          	lhu	a5,12(a0)
4080a804:	00f9fd63          	bgeu	s3,a5,4080a81e <draw_rect+0x1b4>
4080a808:	00e55683          	lhu	a3,14(a0)
4080a80c:	00d47963          	bgeu	s0,a3,4080a81e <draw_rect+0x1b4>
4080a810:	02f407b3          	mul	a5,s0,a5
4080a814:	97ce                	c.add	a5,s3
4080a816:	0786                	c.slli	a5,0x1
4080a818:	973e                	c.add	a4,a5
4080a81a:	01271023          	sh	s2,0(a4)
4080a81e:	0405                	c.addi	s0,1
4080a820:	0442                	c.slli	s0,0x10
4080a822:	0a05                	c.addi	s4,1
4080a824:	8041                	c.srli	s0,0x10
4080a826:	fb5a14e3          	bne	s4,s5,4080a7ce <draw_rect+0x164>
4080a82a:	50b2                	c.lwsp	ra,44(sp)
4080a82c:	5422                	c.lwsp	s0,40(sp)
4080a82e:	5492                	c.lwsp	s1,36(sp)
4080a830:	5902                	c.lwsp	s2,32(sp)
4080a832:	49f2                	c.lwsp	s3,28(sp)
4080a834:	4a62                	c.lwsp	s4,24(sp)
4080a836:	4ad2                	c.lwsp	s5,20(sp)
4080a838:	6145                	c.addi16sp	sp,48
4080a83a:	8082                	c.jr	ra

4080a83c <draw_line>:
4080a83c:	715d                	c.addi16sp	sp,-80
4080a83e:	c4a2                	c.swsp	s0,72(sp)
4080a840:	c2a6                	c.swsp	s1,68(sp)
4080a842:	c0ca                	c.swsp	s2,64(sp)
4080a844:	dc52                	c.swsp	s4,56(sp)
4080a846:	da56                	c.swsp	s5,52(sp)
4080a848:	d85a                	c.swsp	s6,48(sp)
4080a84a:	01051413          	slli	s0,a0,0x10
4080a84e:	01061a93          	slli	s5,a2,0x10
4080a852:	01059493          	slli	s1,a1,0x10
4080a856:	01069793          	slli	a5,a3,0x10
4080a85a:	c686                	c.swsp	ra,76(sp)
4080a85c:	de4e                	c.swsp	s3,60(sp)
4080a85e:	d65e                	c.swsp	s7,44(sp)
4080a860:	d462                	c.swsp	s8,40(sp)
4080a862:	d266                	c.swsp	s9,36(sp)
4080a864:	d06a                	c.swsp	s10,32(sp)
4080a866:	ce6e                	c.swsp	s11,28(sp)
4080a868:	c436                	c.swsp	a3,8(sp)
4080a86a:	c63a                	c.swsp	a4,12(sp)
4080a86c:	892a                	c.mv	s2,a0
4080a86e:	8b2e                	c.mv	s6,a1
4080a870:	8a32                	c.mv	s4,a2
4080a872:	8041                	c.srli	s0,0x10
4080a874:	010ada93          	srli	s5,s5,0x10
4080a878:	80c1                	c.srli	s1,0x10
4080a87a:	83c1                	c.srli	a5,0x10
4080a87c:	02c55163          	bge	a0,a2,4080a89e <draw_line+0x62>
4080a880:	408a8ab3          	sub	s5,s5,s0
4080a884:	010a9c13          	slli	s8,s5,0x10
4080a888:	0ac2                	c.slli	s5,0x10
4080a88a:	010c5c13          	srli	s8,s8,0x10
4080a88e:	410ada93          	srai	s5,s5,0x10
4080a892:	0cd5de63          	bge	a1,a3,4080a96e <draw_line+0x132>
4080a896:	409789b3          	sub	s3,a5,s1
4080a89a:	4c85                	c.li	s9,1
4080a89c:	a005                	c.j	4080a8bc <draw_line+0x80>
4080a89e:	4722                	c.lwsp	a4,8(sp)
4080a8a0:	41540ab3          	sub	s5,s0,s5
4080a8a4:	010a9c13          	slli	s8,s5,0x10
4080a8a8:	0ac2                	c.slli	s5,0x10
4080a8aa:	010c5c13          	srli	s8,s8,0x10
4080a8ae:	410ada93          	srai	s5,s5,0x10
4080a8b2:	0ae5c263          	blt	a1,a4,4080a956 <draw_line+0x11a>
4080a8b6:	40f489b3          	sub	s3,s1,a5
4080a8ba:	5cfd                	c.li	s9,-1
4080a8bc:	01099b93          	slli	s7,s3,0x10
4080a8c0:	09c2                	c.slli	s3,0x10
4080a8c2:	010bdb93          	srli	s7,s7,0x10
4080a8c6:	4109d993          	srai	s3,s3,0x10
4080a8ca:	8de6                	c.mv	s11,s9
4080a8cc:	417c0733          	sub	a4,s8,s7
4080a8d0:	01071d13          	slli	s10,a4,0x10
4080a8d4:	410d5d13          	srai	s10,s10,0x10
4080a8d8:	413009b3          	sub	s3,zero,s3
4080a8dc:	016010ef          	jal	ra,4080b8f2 <fb_get>
4080a8e0:	c11d                	c.beqz	a0,4080a906 <draw_line+0xca>
4080a8e2:	4514                	c.lw	a3,8(a0)
4080a8e4:	c28d                	c.beqz	a3,4080a906 <draw_line+0xca>
4080a8e6:	00c55783          	lhu	a5,12(a0)
4080a8ea:	00f47e63          	bgeu	s0,a5,4080a906 <draw_line+0xca>
4080a8ee:	00e55603          	lhu	a2,14(a0)
4080a8f2:	00c4fa63          	bgeu	s1,a2,4080a906 <draw_line+0xca>
4080a8f6:	02f487b3          	mul	a5,s1,a5
4080a8fa:	97a2                	c.add	a5,s0
4080a8fc:	0786                	c.slli	a5,0x1
4080a8fe:	96be                	c.add	a3,a5
4080a900:	47b2                	c.lwsp	a5,12(sp)
4080a902:	00f69023          	sh	a5,0(a3)
4080a906:	09490063          	beq	s2,s4,4080a986 <draw_line+0x14a>
4080a90a:	010d1693          	slli	a3,s10,0x10
4080a90e:	82c1                	c.srli	a3,0x10
4080a910:	00169793          	slli	a5,a3,0x1
4080a914:	07c2                	c.slli	a5,0x10
4080a916:	87c1                	c.srai	a5,0x10
4080a918:	00f9df63          	bge	s3,a5,4080a936 <draw_line+0xfa>
4080a91c:	9466                	c.add	s0,s9
4080a91e:	417686b3          	sub	a3,a3,s7
4080a922:	01041913          	slli	s2,s0,0x10
4080a926:	01069d13          	slli	s10,a3,0x10
4080a92a:	0442                	c.slli	s0,0x10
4080a92c:	410d5d13          	srai	s10,s10,0x10
4080a930:	41095913          	srai	s2,s2,0x10
4080a934:	8041                	c.srli	s0,0x10
4080a936:	fb57d3e3          	bge	a5,s5,4080a8dc <draw_line+0xa0>
4080a93a:	94ee                	c.add	s1,s11
4080a93c:	01ac0733          	add	a4,s8,s10
4080a940:	01049b13          	slli	s6,s1,0x10
4080a944:	01071d13          	slli	s10,a4,0x10
4080a948:	04c2                	c.slli	s1,0x10
4080a94a:	410d5d13          	srai	s10,s10,0x10
4080a94e:	410b5b13          	srai	s6,s6,0x10
4080a952:	80c1                	c.srli	s1,0x10
4080a954:	b761                	c.j	4080a8dc <draw_line+0xa0>
4080a956:	409789b3          	sub	s3,a5,s1
4080a95a:	01099b93          	slli	s7,s3,0x10
4080a95e:	09c2                	c.slli	s3,0x10
4080a960:	010bdb93          	srli	s7,s7,0x10
4080a964:	4109d993          	srai	s3,s3,0x10
4080a968:	5cfd                	c.li	s9,-1
4080a96a:	4d85                	c.li	s11,1
4080a96c:	b785                	c.j	4080a8cc <draw_line+0x90>
4080a96e:	40f489b3          	sub	s3,s1,a5
4080a972:	01099b93          	slli	s7,s3,0x10
4080a976:	09c2                	c.slli	s3,0x10
4080a978:	010bdb93          	srli	s7,s7,0x10
4080a97c:	4109d993          	srai	s3,s3,0x10
4080a980:	4c85                	c.li	s9,1
4080a982:	5dfd                	c.li	s11,-1
4080a984:	b7a1                	c.j	4080a8cc <draw_line+0x90>
4080a986:	47a2                	c.lwsp	a5,8(sp)
4080a988:	f8fb11e3          	bne	s6,a5,4080a90a <draw_line+0xce>
4080a98c:	40b6                	c.lwsp	ra,76(sp)
4080a98e:	4426                	c.lwsp	s0,72(sp)
4080a990:	4496                	c.lwsp	s1,68(sp)
4080a992:	4906                	c.lwsp	s2,64(sp)
4080a994:	59f2                	c.lwsp	s3,60(sp)
4080a996:	5a62                	c.lwsp	s4,56(sp)
4080a998:	5ad2                	c.lwsp	s5,52(sp)
4080a99a:	5b42                	c.lwsp	s6,48(sp)
4080a99c:	5bb2                	c.lwsp	s7,44(sp)
4080a99e:	5c22                	c.lwsp	s8,40(sp)
4080a9a0:	5c92                	c.lwsp	s9,36(sp)
4080a9a2:	5d02                	c.lwsp	s10,32(sp)
4080a9a4:	4df2                	c.lwsp	s11,28(sp)
4080a9a6:	6161                	c.addi16sp	sp,80
4080a9a8:	8082                	c.jr	ra

4080a9aa <draw_circle>:
4080a9aa:	715d                	c.addi16sp	sp,-80
4080a9ac:	d462                	c.swsp	s8,40(sp)
4080a9ae:	01061c13          	slli	s8,a2,0x10
4080a9b2:	c2a6                	c.swsp	s1,68(sp)
4080a9b4:	0606                	c.slli	a2,0x1
4080a9b6:	448d                	c.li	s1,3
4080a9b8:	c686                	c.swsp	ra,76(sp)
4080a9ba:	410c5c13          	srai	s8,s8,0x10
4080a9be:	c63a                	c.swsp	a4,12(sp)
4080a9c0:	8c91                	c.sub	s1,a2
4080a9c2:	280c4b63          	blt	s8,zero,4080ac58 <draw_circle+0x2ae>
4080a9c6:	d65e                	c.swsp	s7,44(sp)
4080a9c8:	d266                	c.swsp	s9,36(sp)
4080a9ca:	01051b93          	slli	s7,a0,0x10
4080a9ce:	01059c93          	slli	s9,a1,0x10
4080a9d2:	010cdc93          	srli	s9,s9,0x10
4080a9d6:	04c2                	c.slli	s1,0x10
4080a9d8:	010bdb93          	srli	s7,s7,0x10
4080a9dc:	c4a2                	c.swsp	s0,72(sp)
4080a9de:	de4e                	c.swsp	s3,60(sp)
4080a9e0:	dc52                	c.swsp	s4,56(sp)
4080a9e2:	da56                	c.swsp	s5,52(sp)
4080a9e4:	d06a                	c.swsp	s10,32(sp)
4080a9e6:	c0ca                	c.swsp	s2,64(sp)
4080a9e8:	d85a                	c.swsp	s6,48(sp)
4080a9ea:	ce6e                	c.swsp	s11,28(sp)
4080a9ec:	8d36                	c.mv	s10,a3
4080a9ee:	84c1                	c.srai	s1,0x10
4080a9f0:	4401                	c.li	s0,0
4080a9f2:	8ae6                	c.mv	s5,s9
4080a9f4:	89de                	c.mv	s3,s7
4080a9f6:	8a66                	c.mv	s4,s9
4080a9f8:	0442                	c.slli	s0,0x10
4080a9fa:	010c1913          	slli	s2,s8,0x10
4080a9fe:	8041                	c.srli	s0,0x10
4080aa00:	01095913          	srli	s2,s2,0x10
4080aa04:	47b2                	c.lwsp	a5,12(sp)
4080aa06:	008b8b33          	add	s6,s7,s0
4080aa0a:	01990db3          	add	s11,s2,s9
4080aa0e:	0b42                	c.slli	s6,0x10
4080aa10:	0dc2                	c.slli	s11,0x10
4080aa12:	010b5b13          	srli	s6,s6,0x10
4080aa16:	010ddd93          	srli	s11,s11,0x10
4080aa1a:	24078463          	beq	a5,zero,4080ac62 <draw_circle+0x2b8>
4080aa1e:	6d5000ef          	jal	ra,4080b8f2 <fb_get>
4080aa22:	c52d                	c.beqz	a0,4080aa8c <draw_circle+0xe2>
4080aa24:	4514                	c.lw	a3,8(a0)
4080aa26:	c2bd                	c.beqz	a3,4080aa8c <draw_circle+0xe2>
4080aa28:	00e55783          	lhu	a5,14(a0)
4080aa2c:	06fdf063          	bgeu	s11,a5,4080aa8c <draw_circle+0xe2>
4080aa30:	3b3b6f63          	bltu	s6,s3,4080adee <draw_circle+0x444>
4080aa34:	87da                	c.mv	a5,s6
4080aa36:	864e                	c.mv	a2,s3
4080aa38:	00c55703          	lhu	a4,12(a0)
4080aa3c:	00e7e663          	bltu	a5,a4,4080aa48 <draw_circle+0x9e>
4080aa40:	fff70793          	addi	a5,a4,-1
4080aa44:	07c2                	c.slli	a5,0x10
4080aa46:	83c1                	c.srli	a5,0x10
4080aa48:	04e67263          	bgeu	a2,a4,4080aa8c <draw_circle+0xe2>
4080aa4c:	02ed8733          	mul	a4,s11,a4
4080aa50:	8f91                	c.sub	a5,a2
4080aa52:	010d1593          	slli	a1,s10,0x10
4080aa56:	00178513          	addi	a0,a5,1
4080aa5a:	4805                	c.li	a6,1
4080aa5c:	95ea                	c.add	a1,s10
4080aa5e:	9732                	c.add	a4,a2
4080aa60:	0706                	c.slli	a4,0x1
4080aa62:	96ba                	c.add	a3,a4
4080aa64:	3ca87863          	bgeu	a6,a0,4080ae34 <draw_circle+0x48a>
4080aa68:	fff78713          	addi	a4,a5,-1
4080aa6c:	00175613          	srli	a2,a4,0x1
4080aa70:	00468793          	addi	a5,a3,4
4080aa74:	060a                	c.slli	a2,0x2
4080aa76:	963e                	c.add	a2,a5
4080aa78:	87b6                	c.mv	a5,a3
4080aa7a:	c38c                	c.sw	a1,0(a5)
4080aa7c:	0791                	c.addi	a5,4
4080aa7e:	fec79ee3          	bne	a5,a2,4080aa7a <draw_circle+0xd0>
4080aa82:	ffe77793          	andi	a5,a4,-2
4080aa86:	0789                	c.addi	a5,2
4080aa88:	38a7e563          	bltu	a5,a0,4080ae12 <draw_circle+0x468>
4080aa8c:	667000ef          	jal	ra,4080b8f2 <fb_get>
4080aa90:	c93d                	c.beqz	a0,4080ab06 <draw_circle+0x15c>
4080aa92:	4514                	c.lw	a3,8(a0)
4080aa94:	caad                	c.beqz	a3,4080ab06 <draw_circle+0x15c>
4080aa96:	412c8733          	sub	a4,s9,s2
4080aa9a:	00e55783          	lhu	a5,14(a0)
4080aa9e:	0742                	c.slli	a4,0x10
4080aaa0:	8341                	c.srli	a4,0x10
4080aaa2:	06f77263          	bgeu	a4,a5,4080ab06 <draw_circle+0x15c>
4080aaa6:	87ce                	c.mv	a5,s3
4080aaa8:	013b6463          	bltu	s6,s3,4080aab0 <draw_circle+0x106>
4080aaac:	87da                	c.mv	a5,s6
4080aaae:	8b4e                	c.mv	s6,s3
4080aab0:	00c55603          	lhu	a2,12(a0)
4080aab4:	00c7e663          	bltu	a5,a2,4080aac0 <draw_circle+0x116>
4080aab8:	fff60793          	addi	a5,a2,-1
4080aabc:	07c2                	c.slli	a5,0x10
4080aabe:	83c1                	c.srli	a5,0x10
4080aac0:	04cb7363          	bgeu	s6,a2,4080ab06 <draw_circle+0x15c>
4080aac4:	02c70733          	mul	a4,a4,a2
4080aac8:	416787b3          	sub	a5,a5,s6
4080aacc:	010d1593          	slli	a1,s10,0x10
4080aad0:	00178513          	addi	a0,a5,1
4080aad4:	4605                	c.li	a2,1
4080aad6:	95ea                	c.add	a1,s10
4080aad8:	975a                	c.add	a4,s6
4080aada:	0706                	c.slli	a4,0x1
4080aadc:	96ba                	c.add	a3,a4
4080aade:	32a67f63          	bgeu	a2,a0,4080ae1c <draw_circle+0x472>
4080aae2:	fff78713          	addi	a4,a5,-1
4080aae6:	00175613          	srli	a2,a4,0x1
4080aaea:	00468793          	addi	a5,a3,4
4080aaee:	060a                	c.slli	a2,0x2
4080aaf0:	963e                	c.add	a2,a5
4080aaf2:	87b6                	c.mv	a5,a3
4080aaf4:	c38c                	c.sw	a1,0(a5)
4080aaf6:	0791                	c.addi	a5,4
4080aaf8:	fec79ee3          	bne	a5,a2,4080aaf4 <draw_circle+0x14a>
4080aafc:	ffe77793          	andi	a5,a4,-2
4080ab00:	0789                	c.addi	a5,2
4080ab02:	30a7e363          	bltu	a5,a0,4080ae08 <draw_circle+0x45e>
4080ab06:	412b8b33          	sub	s6,s7,s2
4080ab0a:	01790db3          	add	s11,s2,s7
4080ab0e:	0b42                	c.slli	s6,0x10
4080ab10:	0dc2                	c.slli	s11,0x10
4080ab12:	010b5b13          	srli	s6,s6,0x10
4080ab16:	010ddd93          	srli	s11,s11,0x10
4080ab1a:	5d9000ef          	jal	ra,4080b8f2 <fb_get>
4080ab1e:	c52d                	c.beqz	a0,4080ab88 <draw_circle+0x1de>
4080ab20:	4514                	c.lw	a3,8(a0)
4080ab22:	c2bd                	c.beqz	a3,4080ab88 <draw_circle+0x1de>
4080ab24:	00e55783          	lhu	a5,14(a0)
4080ab28:	06faf063          	bgeu	s5,a5,4080ab88 <draw_circle+0x1de>
4080ab2c:	2b6dee63          	bltu	s11,s6,4080ade8 <draw_circle+0x43e>
4080ab30:	87ee                	c.mv	a5,s11
4080ab32:	865a                	c.mv	a2,s6
4080ab34:	00c55703          	lhu	a4,12(a0)
4080ab38:	00e7e663          	bltu	a5,a4,4080ab44 <draw_circle+0x19a>
4080ab3c:	fff70793          	addi	a5,a4,-1
4080ab40:	07c2                	c.slli	a5,0x10
4080ab42:	83c1                	c.srli	a5,0x10
4080ab44:	04e67263          	bgeu	a2,a4,4080ab88 <draw_circle+0x1de>
4080ab48:	02ea8733          	mul	a4,s5,a4
4080ab4c:	8f91                	c.sub	a5,a2
4080ab4e:	010d1593          	slli	a1,s10,0x10
4080ab52:	00178513          	addi	a0,a5,1
4080ab56:	4805                	c.li	a6,1
4080ab58:	95ea                	c.add	a1,s10
4080ab5a:	9732                	c.add	a4,a2
4080ab5c:	0706                	c.slli	a4,0x1
4080ab5e:	96ba                	c.add	a3,a4
4080ab60:	2ca87263          	bgeu	a6,a0,4080ae24 <draw_circle+0x47a>
4080ab64:	fff78713          	addi	a4,a5,-1
4080ab68:	00175613          	srli	a2,a4,0x1
4080ab6c:	00468793          	addi	a5,a3,4
4080ab70:	060a                	c.slli	a2,0x2
4080ab72:	963e                	c.add	a2,a5
4080ab74:	87b6                	c.mv	a5,a3
4080ab76:	c38c                	c.sw	a1,0(a5)
4080ab78:	0791                	c.addi	a5,4
4080ab7a:	fec79ee3          	bne	a5,a2,4080ab76 <draw_circle+0x1cc>
4080ab7e:	ffe77793          	andi	a5,a4,-2
4080ab82:	0789                	c.addi	a5,2
4080ab84:	26a7ed63          	bltu	a5,a0,4080adfe <draw_circle+0x454>
4080ab88:	56b000ef          	jal	ra,4080b8f2 <fb_get>
4080ab8c:	c53d                	c.beqz	a0,4080abfa <draw_circle+0x250>
4080ab8e:	4518                	c.lw	a4,8(a0)
4080ab90:	c72d                	c.beqz	a4,4080abfa <draw_circle+0x250>
4080ab92:	00e55783          	lhu	a5,14(a0)
4080ab96:	06fa7263          	bgeu	s4,a5,4080abfa <draw_circle+0x250>
4080ab9a:	016de563          	bltu	s11,s6,4080aba4 <draw_circle+0x1fa>
4080ab9e:	87ee                	c.mv	a5,s11
4080aba0:	8dda                	c.mv	s11,s6
4080aba2:	8b3e                	c.mv	s6,a5
4080aba4:	00c55783          	lhu	a5,12(a0)
4080aba8:	00fb6763          	bltu	s6,a5,4080abb6 <draw_circle+0x20c>
4080abac:	fff78b13          	addi	s6,a5,-1
4080abb0:	0b42                	c.slli	s6,0x10
4080abb2:	010b5b13          	srli	s6,s6,0x10
4080abb6:	04fdf263          	bgeu	s11,a5,4080abfa <draw_circle+0x250>
4080abba:	02fa07b3          	mul	a5,s4,a5
4080abbe:	41bb0b33          	sub	s6,s6,s11
4080abc2:	010d1613          	slli	a2,s10,0x10
4080abc6:	001b0593          	addi	a1,s6,1
4080abca:	4685                	c.li	a3,1
4080abcc:	966a                	c.add	a2,s10
4080abce:	97ee                	c.add	a5,s11
4080abd0:	0786                	c.slli	a5,0x1
4080abd2:	973e                	c.add	a4,a5
4080abd4:	24b6fc63          	bgeu	a3,a1,4080ae2c <draw_circle+0x482>
4080abd8:	1b7d                	c.addi	s6,-1
4080abda:	001b5693          	srli	a3,s6,0x1
4080abde:	00470793          	addi	a5,a4,4
4080abe2:	068a                	c.slli	a3,0x2
4080abe4:	96be                	c.add	a3,a5
4080abe6:	87ba                	c.mv	a5,a4
4080abe8:	c390                	c.sw	a2,0(a5)
4080abea:	0791                	c.addi	a5,4
4080abec:	fed79ee3          	bne	a5,a3,4080abe8 <draw_circle+0x23e>
4080abf0:	ffeb7b13          	andi	s6,s6,-2
4080abf4:	0b09                	c.addi	s6,2
4080abf6:	1ebb6f63          	bltu	s6,a1,4080adf4 <draw_circle+0x44a>
4080abfa:	0405                	c.addi	s0,1
4080abfc:	01041713          	slli	a4,s0,0x10
4080ac00:	01049793          	slli	a5,s1,0x10
4080ac04:	0442                	c.slli	s0,0x10
4080ac06:	8341                	c.srli	a4,0x10
4080ac08:	8441                	c.srai	s0,0x10
4080ac0a:	83c1                	c.srli	a5,0x10
4080ac0c:	1c04c763          	blt	s1,zero,4080adda <draw_circle+0x430>
4080ac10:	197d                	c.addi	s2,-1
4080ac12:	01091c13          	slli	s8,s2,0x10
4080ac16:	410c5c13          	srai	s8,s8,0x10
4080ac1a:	418404b3          	sub	s1,s0,s8
4080ac1e:	07a9                	c.addi	a5,10
4080ac20:	048a                	c.slli	s1,0x2
4080ac22:	94be                	c.add	s1,a5
4080ac24:	04c2                	c.slli	s1,0x10
4080ac26:	84c1                	c.srai	s1,0x10
4080ac28:	1a7d                	c.addi	s4,-1
4080ac2a:	0a85                	c.addi	s5,1
4080ac2c:	19fd                	c.addi	s3,-1
4080ac2e:	0a42                	c.slli	s4,0x10
4080ac30:	0ac2                	c.slli	s5,0x10
4080ac32:	09c2                	c.slli	s3,0x10
4080ac34:	010a5a13          	srli	s4,s4,0x10
4080ac38:	010ada93          	srli	s5,s5,0x10
4080ac3c:	0109d993          	srli	s3,s3,0x10
4080ac40:	da8c5ce3          	bge	s8,s0,4080a9f8 <draw_circle+0x4e>
4080ac44:	4426                	c.lwsp	s0,72(sp)
4080ac46:	4906                	c.lwsp	s2,64(sp)
4080ac48:	59f2                	c.lwsp	s3,60(sp)
4080ac4a:	5a62                	c.lwsp	s4,56(sp)
4080ac4c:	5ad2                	c.lwsp	s5,52(sp)
4080ac4e:	5b42                	c.lwsp	s6,48(sp)
4080ac50:	5bb2                	c.lwsp	s7,44(sp)
4080ac52:	5c92                	c.lwsp	s9,36(sp)
4080ac54:	5d02                	c.lwsp	s10,32(sp)
4080ac56:	4df2                	c.lwsp	s11,28(sp)
4080ac58:	40b6                	c.lwsp	ra,76(sp)
4080ac5a:	4496                	c.lwsp	s1,68(sp)
4080ac5c:	5c22                	c.lwsp	s8,40(sp)
4080ac5e:	6161                	c.addi16sp	sp,80
4080ac60:	8082                	c.jr	ra
4080ac62:	491000ef          	jal	ra,4080b8f2 <fb_get>
4080ac66:	c115                	c.beqz	a0,4080ac8a <draw_circle+0x2e0>
4080ac68:	4518                	c.lw	a4,8(a0)
4080ac6a:	c305                	c.beqz	a4,4080ac8a <draw_circle+0x2e0>
4080ac6c:	00c55783          	lhu	a5,12(a0)
4080ac70:	00fb7d63          	bgeu	s6,a5,4080ac8a <draw_circle+0x2e0>
4080ac74:	00e55683          	lhu	a3,14(a0)
4080ac78:	00ddf963          	bgeu	s11,a3,4080ac8a <draw_circle+0x2e0>
4080ac7c:	02fd87b3          	mul	a5,s11,a5
4080ac80:	97da                	c.add	a5,s6
4080ac82:	0786                	c.slli	a5,0x1
4080ac84:	973e                	c.add	a4,a5
4080ac86:	01a71023          	sh	s10,0(a4)
4080ac8a:	469000ef          	jal	ra,4080b8f2 <fb_get>
4080ac8e:	c115                	c.beqz	a0,4080acb2 <draw_circle+0x308>
4080ac90:	451c                	c.lw	a5,8(a0)
4080ac92:	c385                	c.beqz	a5,4080acb2 <draw_circle+0x308>
4080ac94:	00c55703          	lhu	a4,12(a0)
4080ac98:	00e9fd63          	bgeu	s3,a4,4080acb2 <draw_circle+0x308>
4080ac9c:	00e55683          	lhu	a3,14(a0)
4080aca0:	00ddf963          	bgeu	s11,a3,4080acb2 <draw_circle+0x308>
4080aca4:	02ed8db3          	mul	s11,s11,a4
4080aca8:	9dce                	c.add	s11,s3
4080acaa:	0d86                	c.slli	s11,0x1
4080acac:	97ee                	c.add	a5,s11
4080acae:	01a79023          	sh	s10,0(a5)
4080acb2:	412c8db3          	sub	s11,s9,s2
4080acb6:	0dc2                	c.slli	s11,0x10
4080acb8:	010ddd93          	srli	s11,s11,0x10
4080acbc:	437000ef          	jal	ra,4080b8f2 <fb_get>
4080acc0:	c115                	c.beqz	a0,4080ace4 <draw_circle+0x33a>
4080acc2:	4518                	c.lw	a4,8(a0)
4080acc4:	c305                	c.beqz	a4,4080ace4 <draw_circle+0x33a>
4080acc6:	00c55783          	lhu	a5,12(a0)
4080acca:	00fb7d63          	bgeu	s6,a5,4080ace4 <draw_circle+0x33a>
4080acce:	00e55683          	lhu	a3,14(a0)
4080acd2:	00ddf963          	bgeu	s11,a3,4080ace4 <draw_circle+0x33a>
4080acd6:	02fd87b3          	mul	a5,s11,a5
4080acda:	97da                	c.add	a5,s6
4080acdc:	0786                	c.slli	a5,0x1
4080acde:	973e                	c.add	a4,a5
4080ace0:	01a71023          	sh	s10,0(a4)
4080ace4:	40f000ef          	jal	ra,4080b8f2 <fb_get>
4080ace8:	c115                	c.beqz	a0,4080ad0c <draw_circle+0x362>
4080acea:	451c                	c.lw	a5,8(a0)
4080acec:	c385                	c.beqz	a5,4080ad0c <draw_circle+0x362>
4080acee:	00c55703          	lhu	a4,12(a0)
4080acf2:	00e9fd63          	bgeu	s3,a4,4080ad0c <draw_circle+0x362>
4080acf6:	00e55683          	lhu	a3,14(a0)
4080acfa:	00ddf963          	bgeu	s11,a3,4080ad0c <draw_circle+0x362>
4080acfe:	02ed8db3          	mul	s11,s11,a4
4080ad02:	9dce                	c.add	s11,s3
4080ad04:	0d86                	c.slli	s11,0x1
4080ad06:	97ee                	c.add	a5,s11
4080ad08:	01a79023          	sh	s10,0(a5)
4080ad0c:	01790db3          	add	s11,s2,s7
4080ad10:	0dc2                	c.slli	s11,0x10
4080ad12:	010ddd93          	srli	s11,s11,0x10
4080ad16:	3dd000ef          	jal	ra,4080b8f2 <fb_get>
4080ad1a:	c115                	c.beqz	a0,4080ad3e <draw_circle+0x394>
4080ad1c:	4518                	c.lw	a4,8(a0)
4080ad1e:	c305                	c.beqz	a4,4080ad3e <draw_circle+0x394>
4080ad20:	00c55783          	lhu	a5,12(a0)
4080ad24:	00fdfd63          	bgeu	s11,a5,4080ad3e <draw_circle+0x394>
4080ad28:	00e55683          	lhu	a3,14(a0)
4080ad2c:	00daf963          	bgeu	s5,a3,4080ad3e <draw_circle+0x394>
4080ad30:	02fa87b3          	mul	a5,s5,a5
4080ad34:	97ee                	c.add	a5,s11
4080ad36:	0786                	c.slli	a5,0x1
4080ad38:	973e                	c.add	a4,a5
4080ad3a:	01a71023          	sh	s10,0(a4)
4080ad3e:	412b8b33          	sub	s6,s7,s2
4080ad42:	0b42                	c.slli	s6,0x10
4080ad44:	010b5b13          	srli	s6,s6,0x10
4080ad48:	3ab000ef          	jal	ra,4080b8f2 <fb_get>
4080ad4c:	c115                	c.beqz	a0,4080ad70 <draw_circle+0x3c6>
4080ad4e:	4518                	c.lw	a4,8(a0)
4080ad50:	c305                	c.beqz	a4,4080ad70 <draw_circle+0x3c6>
4080ad52:	00c55783          	lhu	a5,12(a0)
4080ad56:	00fb7d63          	bgeu	s6,a5,4080ad70 <draw_circle+0x3c6>
4080ad5a:	00e55683          	lhu	a3,14(a0)
4080ad5e:	00daf963          	bgeu	s5,a3,4080ad70 <draw_circle+0x3c6>
4080ad62:	02fa87b3          	mul	a5,s5,a5
4080ad66:	97da                	c.add	a5,s6
4080ad68:	0786                	c.slli	a5,0x1
4080ad6a:	973e                	c.add	a4,a5
4080ad6c:	01a71023          	sh	s10,0(a4)
4080ad70:	383000ef          	jal	ra,4080b8f2 <fb_get>
4080ad74:	c115                	c.beqz	a0,4080ad98 <draw_circle+0x3ee>
4080ad76:	4518                	c.lw	a4,8(a0)
4080ad78:	c305                	c.beqz	a4,4080ad98 <draw_circle+0x3ee>
4080ad7a:	00c55783          	lhu	a5,12(a0)
4080ad7e:	00fdfd63          	bgeu	s11,a5,4080ad98 <draw_circle+0x3ee>
4080ad82:	00e55683          	lhu	a3,14(a0)
4080ad86:	00da7963          	bgeu	s4,a3,4080ad98 <draw_circle+0x3ee>
4080ad8a:	02fa07b3          	mul	a5,s4,a5
4080ad8e:	97ee                	c.add	a5,s11
4080ad90:	0786                	c.slli	a5,0x1
4080ad92:	973e                	c.add	a4,a5
4080ad94:	01a71023          	sh	s10,0(a4)
4080ad98:	35b000ef          	jal	ra,4080b8f2 <fb_get>
4080ad9c:	e4050fe3          	beq	a0,zero,4080abfa <draw_circle+0x250>
4080ada0:	4518                	c.lw	a4,8(a0)
4080ada2:	e4070ce3          	beq	a4,zero,4080abfa <draw_circle+0x250>
4080ada6:	00c55783          	lhu	a5,12(a0)
4080adaa:	e4fb78e3          	bgeu	s6,a5,4080abfa <draw_circle+0x250>
4080adae:	00e55683          	lhu	a3,14(a0)
4080adb2:	e4da74e3          	bgeu	s4,a3,4080abfa <draw_circle+0x250>
4080adb6:	02fa07b3          	mul	a5,s4,a5
4080adba:	0405                	c.addi	s0,1
4080adbc:	97da                	c.add	a5,s6
4080adbe:	0786                	c.slli	a5,0x1
4080adc0:	973e                	c.add	a4,a5
4080adc2:	01a71023          	sh	s10,0(a4)
4080adc6:	01049793          	slli	a5,s1,0x10
4080adca:	01041713          	slli	a4,s0,0x10
4080adce:	0442                	c.slli	s0,0x10
4080add0:	8341                	c.srli	a4,0x10
4080add2:	8441                	c.srai	s0,0x10
4080add4:	83c1                	c.srli	a5,0x10
4080add6:	e204dde3          	bge	s1,zero,4080ac10 <draw_circle+0x266>
4080adda:	0799                	c.addi	a5,6
4080addc:	070a                	c.slli	a4,0x2
4080adde:	97ba                	c.add	a5,a4
4080ade0:	01079493          	slli	s1,a5,0x10
4080ade4:	84c1                	c.srai	s1,0x10
4080ade6:	b589                	c.j	4080ac28 <draw_circle+0x27e>
4080ade8:	87da                	c.mv	a5,s6
4080adea:	866e                	c.mv	a2,s11
4080adec:	b3a1                	c.j	4080ab34 <draw_circle+0x18a>
4080adee:	87ce                	c.mv	a5,s3
4080adf0:	865a                	c.mv	a2,s6
4080adf2:	b199                	c.j	4080aa38 <draw_circle+0x8e>
4080adf4:	0b06                	c.slli	s6,0x1
4080adf6:	975a                	c.add	a4,s6
4080adf8:	01a71023          	sh	s10,0(a4)
4080adfc:	bbfd                	c.j	4080abfa <draw_circle+0x250>
4080adfe:	0786                	c.slli	a5,0x1
4080ae00:	96be                	c.add	a3,a5
4080ae02:	01a69023          	sh	s10,0(a3)
4080ae06:	b349                	c.j	4080ab88 <draw_circle+0x1de>
4080ae08:	0786                	c.slli	a5,0x1
4080ae0a:	96be                	c.add	a3,a5
4080ae0c:	01a69023          	sh	s10,0(a3)
4080ae10:	b9dd                	c.j	4080ab06 <draw_circle+0x15c>
4080ae12:	0786                	c.slli	a5,0x1
4080ae14:	96be                	c.add	a3,a5
4080ae16:	01a69023          	sh	s10,0(a3)
4080ae1a:	b98d                	c.j	4080aa8c <draw_circle+0xe2>
4080ae1c:	4781                	c.li	a5,0
4080ae1e:	cea7f4e3          	bgeu	a5,a0,4080ab06 <draw_circle+0x15c>
4080ae22:	b7dd                	c.j	4080ae08 <draw_circle+0x45e>
4080ae24:	4781                	c.li	a5,0
4080ae26:	d6a7f1e3          	bgeu	a5,a0,4080ab88 <draw_circle+0x1de>
4080ae2a:	bfd1                	c.j	4080adfe <draw_circle+0x454>
4080ae2c:	4b01                	c.li	s6,0
4080ae2e:	dcbb76e3          	bgeu	s6,a1,4080abfa <draw_circle+0x250>
4080ae32:	b7c9                	c.j	4080adf4 <draw_circle+0x44a>
4080ae34:	4781                	c.li	a5,0
4080ae36:	c4a7fbe3          	bgeu	a5,a0,4080aa8c <draw_circle+0xe2>
4080ae3a:	bfe1                	c.j	4080ae12 <draw_circle+0x468>

4080ae3c <draw_bitmap>:
4080ae3c:	1101                	c.addi	sp,-32
4080ae3e:	cc22                	c.swsp	s0,24(sp)
4080ae40:	ca26                	c.swsp	s1,20(sp)
4080ae42:	c84a                	c.swsp	s2,16(sp)
4080ae44:	c64e                	c.swsp	s3,12(sp)
4080ae46:	c452                	c.swsp	s4,8(sp)
4080ae48:	ce06                	c.swsp	ra,28(sp)
4080ae4a:	89aa                	c.mv	s3,a0
4080ae4c:	8a2e                	c.mv	s4,a1
4080ae4e:	8432                	c.mv	s0,a2
4080ae50:	84b6                	c.mv	s1,a3
4080ae52:	893a                	c.mv	s2,a4
4080ae54:	29f000ef          	jal	ra,4080b8f2 <fb_get>
4080ae58:	cd11                	c.beqz	a0,4080ae74 <draw_bitmap+0x38>
4080ae5a:	4518                	c.lw	a4,8(a0)
4080ae5c:	cf01                	c.beqz	a4,4080ae74 <draw_bitmap+0x38>
4080ae5e:	00090b63          	beq	s2,zero,4080ae74 <draw_bitmap+0x38>
4080ae62:	4f81                	c.li	t6,0
4080ae64:	c881                	c.beqz	s1,4080ae74 <draw_bitmap+0x38>
4080ae66:	ec19                	c.bnez	s0,4080ae84 <draw_bitmap+0x48>
4080ae68:	0f85                	c.addi	t6,1
4080ae6a:	0fc2                	c.slli	t6,0x10
4080ae6c:	010fdf93          	srli	t6,t6,0x10
4080ae70:	fe9fece3          	bltu	t6,s1,4080ae68 <draw_bitmap+0x2c>
4080ae74:	40f2                	c.lwsp	ra,28(sp)
4080ae76:	4462                	c.lwsp	s0,24(sp)
4080ae78:	44d2                	c.lwsp	s1,20(sp)
4080ae7a:	4942                	c.lwsp	s2,16(sp)
4080ae7c:	49b2                	c.lwsp	s3,12(sp)
4080ae7e:	4a22                	c.lwsp	s4,8(sp)
4080ae80:	6105                	c.addi16sp	sp,32
4080ae82:	8082                	c.jr	ra
4080ae84:	01340eb3          	add	t4,s0,s3
4080ae88:	0ec2                	c.slli	t4,0x10
4080ae8a:	010ede93          	srli	t4,t4,0x10
4080ae8e:	028f88b3          	mul	a7,t6,s0
4080ae92:	014f8e33          	add	t3,t6,s4
4080ae96:	0e42                	c.slli	t3,0x10
4080ae98:	010e5e13          	srli	t3,t3,0x10
4080ae9c:	87ce                	c.mv	a5,s3
4080ae9e:	0886                	c.slli	a7,0x1
4080aea0:	98ca                	c.add	a7,s2
4080aea2:	00c55803          	lhu	a6,12(a0)
4080aea6:	00178313          	addi	t1,a5,1
4080aeaa:	0107ff63          	bgeu	a5,a6,4080aec8 <draw_bitmap+0x8c>
4080aeae:	00e55f03          	lhu	t5,14(a0)
4080aeb2:	01ee7b63          	bgeu	t3,t5,4080aec8 <draw_bitmap+0x8c>
4080aeb6:	030e0833          	mul	a6,t3,a6
4080aeba:	0008df03          	lhu	t5,0(a7)
4080aebe:	97c2                	c.add	a5,a6
4080aec0:	0786                	c.slli	a5,0x1
4080aec2:	97ba                	c.add	a5,a4
4080aec4:	01e79023          	sh	t5,0(a5)
4080aec8:	01031793          	slli	a5,t1,0x10
4080aecc:	83c1                	c.srli	a5,0x10
4080aece:	0889                	c.addi	a7,2
4080aed0:	fdd799e3          	bne	a5,t4,4080aea2 <draw_bitmap+0x66>
4080aed4:	0f85                	c.addi	t6,1
4080aed6:	0fc2                	c.slli	t6,0x10
4080aed8:	010fdf93          	srli	t6,t6,0x10
4080aedc:	fa9fe9e3          	bltu	t6,s1,4080ae8e <draw_bitmap+0x52>
4080aee0:	40f2                	c.lwsp	ra,28(sp)
4080aee2:	4462                	c.lwsp	s0,24(sp)
4080aee4:	44d2                	c.lwsp	s1,20(sp)
4080aee6:	4942                	c.lwsp	s2,16(sp)
4080aee8:	49b2                	c.lwsp	s3,12(sp)
4080aeea:	4a22                	c.lwsp	s4,8(sp)
4080aeec:	6105                	c.addi16sp	sp,32
4080aeee:	8082                	c.jr	ra

4080aef0 <draw_char>:
4080aef0:	1101                	c.addi	sp,-32
4080aef2:	cc22                	c.swsp	s0,24(sp)
4080aef4:	ca26                	c.swsp	s1,20(sp)
4080aef6:	c84a                	c.swsp	s2,16(sp)
4080aef8:	c64e                	c.swsp	s3,12(sp)
4080aefa:	ce06                	c.swsp	ra,28(sp)
4080aefc:	84aa                	c.mv	s1,a0
4080aefe:	842e                	c.mv	s0,a1
4080af00:	89b2                	c.mv	s3,a2
4080af02:	8936                	c.mv	s2,a3
4080af04:	1ef000ef          	jal	ra,4080b8f2 <fb_get>
4080af08:	c551                	c.beqz	a0,4080af94 <draw_char+0xa4>
4080af0a:	00852f03          	lw	t5,8(a0)
4080af0e:	080f0363          	beq	t5,zero,4080af94 <draw_char+0xa4>
4080af12:	fe098613          	addi	a2,s3,-32
4080af16:	0ff67713          	andi	a4,a2,255
4080af1a:	05e00793          	addi	a5,zero,94
4080af1e:	40812eb7          	lui	t4,0x40812
4080af22:	08e7e063          	bltu	a5,a4,4080afa2 <draw_char+0xb2>
4080af26:	00461793          	slli	a5,a2,0x4
4080af2a:	c78e8e93          	addi	t4,t4,-904 # 40811c78 <_ZL11g_font_8x16>
4080af2e:	97f6                	c.add	a5,t4
4080af30:	0007c883          	lbu	a7,0(a5)
4080af34:	01040693          	addi	a3,s0,16
4080af38:	06c2                	c.slli	a3,0x10
4080af3a:	0612                	c.slli	a2,0x4
4080af3c:	82c1                	c.srli	a3,0x10
4080af3e:	9eb2                	c.add	t4,a2
4080af40:	08000313          	addi	t1,zero,128
4080af44:	45a1                	c.li	a1,8
4080af46:	8626                	c.mv	a2,s1
4080af48:	4781                	c.li	a5,0
4080af4a:	40f35733          	sra	a4,t1,a5
4080af4e:	01177733          	and	a4,a4,a7
4080af52:	00160813          	addi	a6,a2,1
4080af56:	0785                	c.addi	a5,1
4080af58:	c305                	c.beqz	a4,4080af78 <draw_char+0x88>
4080af5a:	00c55703          	lhu	a4,12(a0)
4080af5e:	00e67d63          	bgeu	a2,a4,4080af78 <draw_char+0x88>
4080af62:	00e55e03          	lhu	t3,14(a0)
4080af66:	01c47963          	bgeu	s0,t3,4080af78 <draw_char+0x88>
4080af6a:	02e40733          	mul	a4,s0,a4
4080af6e:	9732                	c.add	a4,a2
4080af70:	0706                	c.slli	a4,0x1
4080af72:	977a                	c.add	a4,t5
4080af74:	01271023          	sh	s2,0(a4)
4080af78:	01081613          	slli	a2,a6,0x10
4080af7c:	8241                	c.srli	a2,0x10
4080af7e:	fcb796e3          	bne	a5,a1,4080af4a <draw_char+0x5a>
4080af82:	0405                	c.addi	s0,1
4080af84:	0442                	c.slli	s0,0x10
4080af86:	8041                	c.srli	s0,0x10
4080af88:	0e85                	c.addi	t4,1
4080af8a:	00d40563          	beq	s0,a3,4080af94 <draw_char+0xa4>
4080af8e:	000ec883          	lbu	a7,0(t4)
4080af92:	bf55                	c.j	4080af46 <draw_char+0x56>
4080af94:	40f2                	c.lwsp	ra,28(sp)
4080af96:	4462                	c.lwsp	s0,24(sp)
4080af98:	44d2                	c.lwsp	s1,20(sp)
4080af9a:	4942                	c.lwsp	s2,16(sp)
4080af9c:	49b2                	c.lwsp	s3,12(sp)
4080af9e:	6105                	c.addi16sp	sp,32
4080afa0:	8082                	c.jr	ra
4080afa2:	c78e8e93          	addi	t4,t4,-904
4080afa6:	4881                	c.li	a7,0
4080afa8:	4601                	c.li	a2,0
4080afaa:	b769                	c.j	4080af34 <draw_char+0x44>

4080afac <draw_text>:
4080afac:	ce25                	c.beqz	a2,4080b024 <draw_text+0x78>
4080afae:	1101                	c.addi	sp,-32
4080afb0:	c84a                	c.swsp	s2,16(sp)
4080afb2:	ce06                	c.swsp	ra,28(sp)
4080afb4:	8932                	c.mv	s2,a2
4080afb6:	00064603          	lbu	a2,0(a2)
4080afba:	c22d                	c.beqz	a2,4080b01c <draw_text+0x70>
4080afbc:	cc22                	c.swsp	s0,24(sp)
4080afbe:	ca26                	c.swsp	s1,20(sp)
4080afc0:	c64e                	c.swsp	s3,12(sp)
4080afc2:	c452                	c.swsp	s4,8(sp)
4080afc4:	c256                	c.swsp	s5,4(sp)
4080afc6:	c05a                	c.swsp	s6,0(sp)
4080afc8:	8a2a                	c.mv	s4,a0
4080afca:	84ae                	c.mv	s1,a1
4080afcc:	89b6                	c.mv	s3,a3
4080afce:	842a                	c.mv	s0,a0
4080afd0:	4aa9                	c.li	s5,10
4080afd2:	13800b13          	addi	s6,zero,312
4080afd6:	a005                	c.j	4080aff6 <draw_text+0x4a>
4080afd8:	0421                	c.addi	s0,8
4080afda:	0442                	c.slli	s0,0x10
4080afdc:	3f11                	c.jal	4080aef0 <draw_char>
4080afde:	8041                	c.srli	s0,0x10
4080afe0:	01048793          	addi	a5,s1,16
4080afe4:	008b7663          	bgeu	s6,s0,4080aff0 <draw_text+0x44>
4080afe8:	01079493          	slli	s1,a5,0x10
4080afec:	80c1                	c.srli	s1,0x10
4080afee:	8452                	c.mv	s0,s4
4080aff0:	00094603          	lbu	a2,0(s2)
4080aff4:	ce11                	c.beqz	a2,4080b010 <draw_text+0x64>
4080aff6:	86ce                	c.mv	a3,s3
4080aff8:	85a6                	c.mv	a1,s1
4080affa:	8522                	c.mv	a0,s0
4080affc:	0905                	c.addi	s2,1
4080affe:	fd561de3          	bne	a2,s5,4080afd8 <draw_text+0x2c>
4080b002:	00094603          	lbu	a2,0(s2)
4080b006:	04c1                	c.addi	s1,16
4080b008:	04c2                	c.slli	s1,0x10
4080b00a:	80c1                	c.srli	s1,0x10
4080b00c:	8452                	c.mv	s0,s4
4080b00e:	f665                	c.bnez	a2,4080aff6 <draw_text+0x4a>
4080b010:	4462                	c.lwsp	s0,24(sp)
4080b012:	44d2                	c.lwsp	s1,20(sp)
4080b014:	49b2                	c.lwsp	s3,12(sp)
4080b016:	4a22                	c.lwsp	s4,8(sp)
4080b018:	4a92                	c.lwsp	s5,4(sp)
4080b01a:	4b02                	c.lwsp	s6,0(sp)
4080b01c:	40f2                	c.lwsp	ra,28(sp)
4080b01e:	4942                	c.lwsp	s2,16(sp)
4080b020:	6105                	c.addi16sp	sp,32
4080b022:	8082                	c.jr	ra
4080b024:	8082                	c.jr	ra

4080b026 <ev_push>:
4080b026:	4081a837          	lui	a6,0x4081a
4080b02a:	47c82683          	lw	a3,1148(a6) # 4081a47c <_ZL8g_ev_cnt>
4080b02e:	47fd                	c.li	a5,31
4080b030:	04d7c963          	blt	a5,a3,4080b082 <ev_push+0x5c>
4080b034:	4081a8b7          	lui	a7,0x4081a
4080b038:	4848a603          	lw	a2,1156(a7) # 4081a484 <_ZL9g_ev_head>
4080b03c:	00052e83          	lw	t4,0(a0)
4080b040:	00452e03          	lw	t3,4(a0)
4080b044:	00160713          	addi	a4,a2,1
4080b048:	41f75593          	srai	a1,a4,0x1f
4080b04c:	81ed                	c.srli	a1,0x1b
4080b04e:	00852303          	lw	t1,8(a0)
4080b052:	972e                	c.add	a4,a1
4080b054:	4548                	c.lw	a0,12(a0)
4080b056:	4081a7b7          	lui	a5,0x4081a
4080b05a:	0612                	c.slli	a2,0x4
4080b05c:	8b7d                	c.andi	a4,31
4080b05e:	e7878793          	addi	a5,a5,-392 # 40819e78 <_ZL10g_ev_queue>
4080b062:	97b2                	c.add	a5,a2
4080b064:	0685                	c.addi	a3,1
4080b066:	8f0d                	c.sub	a4,a1
4080b068:	c7c8                	c.sw	a0,12(a5)
4080b06a:	46d82e23          	sw	a3,1148(a6)
4080b06e:	48e8a223          	sw	a4,1156(a7)
4080b072:	01d7a023          	sw	t4,0(a5)
4080b076:	01c7a223          	sw	t3,4(a5)
4080b07a:	0067a423          	sw	t1,8(a5)
4080b07e:	4501                	c.li	a0,0
4080b080:	8082                	c.jr	ra
4080b082:	557d                	c.li	a0,-1
4080b084:	8082                	c.jr	ra

4080b086 <ev_pop>:
4080b086:	4081a837          	lui	a6,0x4081a
4080b08a:	47c82683          	lw	a3,1148(a6) # 4081a47c <_ZL8g_ev_cnt>
4080b08e:	04d05863          	bge	zero,a3,4080b0de <ev_pop+0x58>
4080b092:	4081a8b7          	lui	a7,0x4081a
4080b096:	4808a603          	lw	a2,1152(a7) # 4081a480 <_ZL9g_ev_tail>
4080b09a:	4081a737          	lui	a4,0x4081a
4080b09e:	e7870713          	addi	a4,a4,-392 # 40819e78 <_ZL10g_ev_queue>
4080b0a2:	00160793          	addi	a5,a2,1
4080b0a6:	00461593          	slli	a1,a2,0x4
4080b0aa:	41f7d613          	srai	a2,a5,0x1f
4080b0ae:	972e                	c.add	a4,a1
4080b0b0:	826d                	c.srli	a2,0x1b
4080b0b2:	00072e03          	lw	t3,0(a4)
4080b0b6:	00472303          	lw	t1,4(a4)
4080b0ba:	470c                	c.lw	a1,8(a4)
4080b0bc:	97b2                	c.add	a5,a2
4080b0be:	4758                	c.lw	a4,12(a4)
4080b0c0:	8bfd                	c.andi	a5,31
4080b0c2:	16fd                	c.addi	a3,-1
4080b0c4:	8f91                	c.sub	a5,a2
4080b0c6:	01c52023          	sw	t3,0(a0)
4080b0ca:	00652223          	sw	t1,4(a0)
4080b0ce:	c50c                	c.sw	a1,8(a0)
4080b0d0:	c558                	c.sw	a4,12(a0)
4080b0d2:	46d82e23          	sw	a3,1148(a6)
4080b0d6:	48f8a023          	sw	a5,1152(a7)
4080b0da:	4501                	c.li	a0,0
4080b0dc:	8082                	c.jr	ra
4080b0de:	557d                	c.li	a0,-1
4080b0e0:	8082                	c.jr	ra

4080b0e2 <win_create>:
4080b0e2:	7179                	c.addi16sp	sp,-48
4080b0e4:	ca56                	c.swsp	s5,20(sp)
4080b0e6:	4081aab7          	lui	s5,0x4081a
4080b0ea:	ce4e                	c.swsp	s3,28(sp)
4080b0ec:	488aa983          	lw	s3,1160(s5) # 4081a488 <_ZL9g_win_cnt>
4080b0f0:	d606                	c.swsp	ra,44(sp)
4080b0f2:	47bd                	c.li	a5,15
4080b0f4:	0d37c663          	blt	a5,s3,4080b1c0 <win_create+0xde>
4080b0f8:	d422                	c.swsp	s0,40(sp)
4080b0fa:	d226                	c.swsp	s1,36(sp)
4080b0fc:	4081a437          	lui	s0,0x4081a
4080b100:	00399493          	slli	s1,s3,0x3
4080b104:	d04a                	c.swsp	s2,32(sp)
4080b106:	e7840413          	addi	s0,s0,-392 # 40819e78 <_ZL10g_ev_queue>
4080b10a:	41348933          	sub	s2,s1,s3
4080b10e:	c06a                	c.swsp	s10,0(sp)
4080b110:	090e                	c.slli	s2,0x3
4080b112:	20040d13          	addi	s10,s0,512
4080b116:	c65e                	c.swsp	s7,12(sp)
4080b118:	c462                	c.swsp	s8,8(sp)
4080b11a:	c266                	c.swsp	s9,4(sp)
4080b11c:	8c2e                	c.mv	s8,a1
4080b11e:	8caa                	c.mv	s9,a0
4080b120:	8bb2                	c.mv	s7,a2
4080b122:	4581                	c.li	a1,0
4080b124:	03800613          	addi	a2,zero,56
4080b128:	012d0533          	add	a0,s10,s2
4080b12c:	cc52                	c.swsp	s4,24(sp)
4080b12e:	c85a                	c.swsp	s6,16(sp)
4080b130:	8a3a                	c.mv	s4,a4
4080b132:	8b36                	c.mv	s6,a3
4080b134:	f78f50ef          	jal	ra,408008ac <k_memset>
4080b138:	408126b7          	lui	a3,0x40812
4080b13c:	5086d603          	lhu	a2,1288(a3) # 40812508 <_ZL9g_next_id>
4080b140:	488aa803          	lw	a6,1160(s5)
4080b144:	012407b3          	add	a5,s0,s2
4080b148:	4705                	c.li	a4,1
4080b14a:	00160593          	addi	a1,a2,1
4080b14e:	21979123          	sh	s9,514(a5)
4080b152:	21879223          	sh	s8,516(a5)
4080b156:	21779323          	sh	s7,518(a5)
4080b15a:	21679423          	sh	s6,520(a5)
4080b15e:	20c79023          	sh	a2,512(a5)
4080b162:	50b69423          	sh	a1,1288(a3)
4080b166:	21078523          	sb	a6,522(a5)
4080b16a:	20e785a3          	sb	a4,523(a5)
4080b16e:	20e786a3          	sb	a4,525(a5)
4080b172:	000a0b63          	beq	s4,zero,4080b188 <win_create+0xa6>
4080b176:	00e90513          	addi	a0,s2,14
4080b17a:	956a                	c.add	a0,s10
4080b17c:	85d2                	c.mv	a1,s4
4080b17e:	465d                	c.li	a2,23
4080b180:	ef8f50ef          	jal	ra,40800878 <k_strncpy>
4080b184:	488aa803          	lw	a6,1160(s5)
4080b188:	413484b3          	sub	s1,s1,s3
4080b18c:	048e                	c.slli	s1,0x3
4080b18e:	9426                	c.add	s0,s1
4080b190:	20045503          	lhu	a0,512(s0)
4080b194:	5492                	c.lwsp	s1,36(sp)
4080b196:	5422                	c.lwsp	s0,40(sp)
4080b198:	5902                	c.lwsp	s2,32(sp)
4080b19a:	4a62                	c.lwsp	s4,24(sp)
4080b19c:	4b42                	c.lwsp	s6,16(sp)
4080b19e:	4bb2                	c.lwsp	s7,12(sp)
4080b1a0:	4c22                	c.lwsp	s8,8(sp)
4080b1a2:	4c92                	c.lwsp	s9,4(sp)
4080b1a4:	4d02                	c.lwsp	s10,0(sp)
4080b1a6:	0805                	c.addi	a6,1
4080b1a8:	408127b7          	lui	a5,0x40812
4080b1ac:	4705                	c.li	a4,1
4080b1ae:	490aa423          	sw	a6,1160(s5)
4080b1b2:	50e78323          	sb	a4,1286(a5) # 40812506 <_ZL13g_need_render>
4080b1b6:	50b2                	c.lwsp	ra,44(sp)
4080b1b8:	49f2                	c.lwsp	s3,28(sp)
4080b1ba:	4ad2                	c.lwsp	s5,20(sp)
4080b1bc:	6145                	c.addi16sp	sp,48
4080b1be:	8082                	c.jr	ra
4080b1c0:	557d                	c.li	a0,-1
4080b1c2:	bfd5                	c.j	4080b1b6 <win_create+0xd4>

4080b1c4 <win_destroy>:
4080b1c4:	1101                	c.addi	sp,-32
4080b1c6:	c452                	c.swsp	s4,8(sp)
4080b1c8:	4081aa37          	lui	s4,0x4081a
4080b1cc:	488a2683          	lw	a3,1160(s4) # 4081a488 <_ZL9g_win_cnt>
4080b1d0:	ce06                	c.swsp	ra,28(sp)
4080b1d2:	10d05163          	bge	zero,a3,4080b2d4 <win_destroy+0x110>
4080b1d6:	4081a737          	lui	a4,0x4081a
4080b1da:	c84a                	c.swsp	s2,16(sp)
4080b1dc:	e7870913          	addi	s2,a4,-392 # 40819e78 <_ZL10g_ev_queue>
4080b1e0:	ca26                	c.swsp	s1,20(sp)
4080b1e2:	20090493          	addi	s1,s2,512
4080b1e6:	cc22                	c.swsp	s0,24(sp)
4080b1e8:	c64e                	c.swsp	s3,12(sp)
4080b1ea:	c256                	c.swsp	s5,4(sp)
4080b1ec:	87a6                	c.mv	a5,s1
4080b1ee:	4401                	c.li	s0,0
4080b1f0:	a021                	c.j	4080b1f8 <win_destroy+0x34>
4080b1f2:	0405                	c.addi	s0,1
4080b1f4:	0cd40963          	beq	s0,a3,4080b2c6 <win_destroy+0x102>
4080b1f8:	0007d703          	lhu	a4,0(a5)
4080b1fc:	03878793          	addi	a5,a5,56
4080b200:	fea719e3          	bne	a4,a0,4080b1f2 <win_destroy+0x2e>
4080b204:	00341993          	slli	s3,s0,0x3
4080b208:	408987b3          	sub	a5,s3,s0
4080b20c:	078e                	c.slli	a5,0x3
4080b20e:	97ca                	c.add	a5,s2
4080b210:	2287a503          	lw	a0,552(a5)
4080b214:	c119                	c.beqz	a0,4080b21a <win_destroy+0x56>
4080b216:	d33f80ef          	jal	ra,40803f48 <mm_free>
4080b21a:	40898ab3          	sub	s5,s3,s0
4080b21e:	0a8e                	c.slli	s5,0x3
4080b220:	9aca                	c.add	s5,s2
4080b222:	22caa503          	lw	a0,556(s5)
4080b226:	c509                	c.beqz	a0,4080b230 <win_destroy+0x6c>
4080b228:	d21f80ef          	jal	ra,40803f48 <mm_free>
4080b22c:	220aa623          	sw	zero,556(s5)
4080b230:	488a2783          	lw	a5,1160(s4)
4080b234:	fff78313          	addi	t1,a5,-1
4080b238:	08645963          	bge	s0,t1,4080b2ca <win_destroy+0x106>
4080b23c:	00379e13          	slli	t3,a5,0x3
4080b240:	40fe0e33          	sub	t3,t3,a5
4080b244:	408989b3          	sub	s3,s3,s0
4080b248:	098e                	c.slli	s3,0x3
4080b24a:	fc848793          	addi	a5,s1,-56
4080b24e:	0e0e                	c.slli	t3,0x3
4080b250:	01348733          	add	a4,s1,s3
4080b254:	9e3e                	c.add	t3,a5
4080b256:	87ba                	c.mv	a5,a4
4080b258:	03870693          	addi	a3,a4,56
4080b25c:	8736                	c.mv	a4,a3
4080b25e:	06878613          	addi	a2,a5,104
4080b262:	00072883          	lw	a7,0(a4)
4080b266:	00472803          	lw	a6,4(a4)
4080b26a:	4708                	c.lw	a0,8(a4)
4080b26c:	474c                	c.lw	a1,12(a4)
4080b26e:	0117a023          	sw	a7,0(a5)
4080b272:	0107a223          	sw	a6,4(a5)
4080b276:	c788                	c.sw	a0,8(a5)
4080b278:	c7cc                	c.sw	a1,12(a5)
4080b27a:	0741                	c.addi	a4,16
4080b27c:	07c1                	c.addi	a5,16
4080b27e:	fec712e3          	bne	a4,a2,4080b262 <win_destroy+0x9e>
4080b282:	430c                	c.lw	a1,0(a4)
4080b284:	4350                	c.lw	a2,4(a4)
4080b286:	8736                	c.mv	a4,a3
4080b288:	c38c                	c.sw	a1,0(a5)
4080b28a:	c3d0                	c.sw	a2,4(a5)
4080b28c:	fdc695e3          	bne	a3,t3,4080b256 <win_destroy+0x92>
4080b290:	486a2423          	sw	t1,1160(s4)
4080b294:	20a90713          	addi	a4,s2,522
4080b298:	4781                	c.li	a5,0
4080b29a:	00f70023          	sb	a5,0(a4)
4080b29e:	0785                	c.addi	a5,1
4080b2a0:	03870713          	addi	a4,a4,56
4080b2a4:	fe679be3          	bne	a5,t1,4080b29a <win_destroy+0xd6>
4080b2a8:	408127b7          	lui	a5,0x40812
4080b2ac:	4705                	c.li	a4,1
4080b2ae:	50e78323          	sb	a4,1286(a5) # 40812506 <_ZL13g_need_render>
4080b2b2:	4501                	c.li	a0,0
4080b2b4:	4462                	c.lwsp	s0,24(sp)
4080b2b6:	44d2                	c.lwsp	s1,20(sp)
4080b2b8:	4942                	c.lwsp	s2,16(sp)
4080b2ba:	49b2                	c.lwsp	s3,12(sp)
4080b2bc:	4a92                	c.lwsp	s5,4(sp)
4080b2be:	40f2                	c.lwsp	ra,28(sp)
4080b2c0:	4a22                	c.lwsp	s4,8(sp)
4080b2c2:	6105                	c.addi16sp	sp,32
4080b2c4:	8082                	c.jr	ra
4080b2c6:	557d                	c.li	a0,-1
4080b2c8:	b7f5                	c.j	4080b2b4 <win_destroy+0xf0>
4080b2ca:	486a2423          	sw	t1,1160(s4)
4080b2ce:	fc605de3          	bge	zero,t1,4080b2a8 <win_destroy+0xe4>
4080b2d2:	b7c9                	c.j	4080b294 <win_destroy+0xd0>
4080b2d4:	557d                	c.li	a0,-1
4080b2d6:	b7e5                	c.j	4080b2be <win_destroy+0xfa>

4080b2d8 <win_move>:
4080b2d8:	4081a7b7          	lui	a5,0x4081a
4080b2dc:	4887a803          	lw	a6,1160(a5) # 4081a488 <_ZL9g_win_cnt>
4080b2e0:	05005363          	bge	zero,a6,4080b326 <win_move+0x4e>
4080b2e4:	4081a8b7          	lui	a7,0x4081a
4080b2e8:	e7888893          	addi	a7,a7,-392 # 40819e78 <_ZL10g_ev_queue>
4080b2ec:	20088793          	addi	a5,a7,512
4080b2f0:	4701                	c.li	a4,0
4080b2f2:	a021                	c.j	4080b2fa <win_move+0x22>
4080b2f4:	0705                	c.addi	a4,1
4080b2f6:	02e80863          	beq	a6,a4,4080b326 <win_move+0x4e>
4080b2fa:	0007d683          	lhu	a3,0(a5)
4080b2fe:	03878793          	addi	a5,a5,56
4080b302:	fea699e3          	bne	a3,a0,4080b2f4 <win_move+0x1c>
4080b306:	00371793          	slli	a5,a4,0x3
4080b30a:	8f99                	c.sub	a5,a4
4080b30c:	078e                	c.slli	a5,0x3
4080b30e:	98be                	c.add	a7,a5
4080b310:	4705                	c.li	a4,1
4080b312:	408127b7          	lui	a5,0x40812
4080b316:	20b89123          	sh	a1,514(a7)
4080b31a:	20c89223          	sh	a2,516(a7)
4080b31e:	50e78323          	sb	a4,1286(a5) # 40812506 <_ZL13g_need_render>
4080b322:	4501                	c.li	a0,0
4080b324:	8082                	c.jr	ra
4080b326:	557d                	c.li	a0,-1
4080b328:	8082                	c.jr	ra

4080b32a <win_resize>:
4080b32a:	4081a7b7          	lui	a5,0x4081a
4080b32e:	4887a803          	lw	a6,1160(a5) # 4081a488 <_ZL9g_win_cnt>
4080b332:	05005363          	bge	zero,a6,4080b378 <win_resize+0x4e>
4080b336:	4081a8b7          	lui	a7,0x4081a
4080b33a:	e7888893          	addi	a7,a7,-392 # 40819e78 <_ZL10g_ev_queue>
4080b33e:	20088793          	addi	a5,a7,512
4080b342:	4701                	c.li	a4,0
4080b344:	a021                	c.j	4080b34c <win_resize+0x22>
4080b346:	0705                	c.addi	a4,1
4080b348:	02e80863          	beq	a6,a4,4080b378 <win_resize+0x4e>
4080b34c:	0007d683          	lhu	a3,0(a5)
4080b350:	03878793          	addi	a5,a5,56
4080b354:	fea699e3          	bne	a3,a0,4080b346 <win_resize+0x1c>
4080b358:	00371793          	slli	a5,a4,0x3
4080b35c:	8f99                	c.sub	a5,a4
4080b35e:	078e                	c.slli	a5,0x3
4080b360:	98be                	c.add	a7,a5
4080b362:	4705                	c.li	a4,1
4080b364:	408127b7          	lui	a5,0x40812
4080b368:	20b89323          	sh	a1,518(a7)
4080b36c:	20c89423          	sh	a2,520(a7)
4080b370:	50e78323          	sb	a4,1286(a5) # 40812506 <_ZL13g_need_render>
4080b374:	4501                	c.li	a0,0
4080b376:	8082                	c.jr	ra
4080b378:	557d                	c.li	a0,-1
4080b37a:	8082                	c.jr	ra

4080b37c <win_focus>:
4080b37c:	4081a7b7          	lui	a5,0x4081a
4080b380:	4887a783          	lw	a5,1160(a5) # 4081a488 <_ZL9g_win_cnt>
4080b384:	02f05663          	bge	zero,a5,4080b3b0 <win_focus+0x34>
4080b388:	00379693          	slli	a3,a5,0x3
4080b38c:	8e9d                	c.sub	a3,a5
4080b38e:	4081a737          	lui	a4,0x4081a
4080b392:	068e                	c.slli	a3,0x3
4080b394:	07870713          	addi	a4,a4,120 # 4081a078 <_ZL9g_windows>
4080b398:	96ba                	c.add	a3,a4
4080b39a:	00075783          	lhu	a5,0(a4)
4080b39e:	03870713          	addi	a4,a4,56
4080b3a2:	8f89                	c.sub	a5,a0
4080b3a4:	0017b793          	sltiu	a5,a5,1
4080b3a8:	fcf70a23          	sb	a5,-44(a4)
4080b3ac:	fed717e3          	bne	a4,a3,4080b39a <win_focus+0x1e>
4080b3b0:	408127b7          	lui	a5,0x40812
4080b3b4:	4705                	c.li	a4,1
4080b3b6:	50e78323          	sb	a4,1286(a5) # 40812506 <_ZL13g_need_render>
4080b3ba:	4501                	c.li	a0,0
4080b3bc:	8082                	c.jr	ra

4080b3be <win_hide>:
4080b3be:	4081a7b7          	lui	a5,0x4081a
4080b3c2:	4887a603          	lw	a2,1160(a5) # 4081a488 <_ZL9g_win_cnt>
4080b3c6:	04c05163          	bge	zero,a2,4080b408 <win_hide+0x4a>
4080b3ca:	4081a5b7          	lui	a1,0x4081a
4080b3ce:	e7858593          	addi	a1,a1,-392 # 40819e78 <_ZL10g_ev_queue>
4080b3d2:	20058793          	addi	a5,a1,512
4080b3d6:	4701                	c.li	a4,0
4080b3d8:	a021                	c.j	4080b3e0 <win_hide+0x22>
4080b3da:	0705                	c.addi	a4,1
4080b3dc:	02c70663          	beq	a4,a2,4080b408 <win_hide+0x4a>
4080b3e0:	0007d683          	lhu	a3,0(a5)
4080b3e4:	03878793          	addi	a5,a5,56
4080b3e8:	fea699e3          	bne	a3,a0,4080b3da <win_hide+0x1c>
4080b3ec:	00371793          	slli	a5,a4,0x3
4080b3f0:	8f99                	c.sub	a5,a4
4080b3f2:	078e                	c.slli	a5,0x3
4080b3f4:	95be                	c.add	a1,a5
4080b3f6:	4705                	c.li	a4,1
4080b3f8:	408127b7          	lui	a5,0x40812
4080b3fc:	200585a3          	sb	zero,523(a1)
4080b400:	50e78323          	sb	a4,1286(a5) # 40812506 <_ZL13g_need_render>
4080b404:	4501                	c.li	a0,0
4080b406:	8082                	c.jr	ra
4080b408:	557d                	c.li	a0,-1
4080b40a:	8082                	c.jr	ra

4080b40c <win_show>:
4080b40c:	4081a7b7          	lui	a5,0x4081a
4080b410:	4887a603          	lw	a2,1160(a5) # 4081a488 <_ZL9g_win_cnt>
4080b414:	04c05163          	bge	zero,a2,4080b456 <win_show+0x4a>
4080b418:	4081a5b7          	lui	a1,0x4081a
4080b41c:	e7858593          	addi	a1,a1,-392 # 40819e78 <_ZL10g_ev_queue>
4080b420:	20058793          	addi	a5,a1,512
4080b424:	4701                	c.li	a4,0
4080b426:	a021                	c.j	4080b42e <win_show+0x22>
4080b428:	0705                	c.addi	a4,1
4080b42a:	02c70663          	beq	a4,a2,4080b456 <win_show+0x4a>
4080b42e:	0007d683          	lhu	a3,0(a5)
4080b432:	03878793          	addi	a5,a5,56
4080b436:	fea699e3          	bne	a3,a0,4080b428 <win_show+0x1c>
4080b43a:	00371793          	slli	a5,a4,0x3
4080b43e:	8f99                	c.sub	a5,a4
4080b440:	078e                	c.slli	a5,0x3
4080b442:	95be                	c.add	a1,a5
4080b444:	40812737          	lui	a4,0x40812
4080b448:	4785                	c.li	a5,1
4080b44a:	20f585a3          	sb	a5,523(a1)
4080b44e:	50f70323          	sb	a5,1286(a4) # 40812506 <_ZL13g_need_render>
4080b452:	4501                	c.li	a0,0
4080b454:	8082                	c.jr	ra
4080b456:	557d                	c.li	a0,-1
4080b458:	8082                	c.jr	ra

4080b45a <win_bring_to_top>:
4080b45a:	4081a7b7          	lui	a5,0x4081a
4080b45e:	4887a603          	lw	a2,1160(a5) # 4081a488 <_ZL9g_win_cnt>
4080b462:	14c05063          	bge	zero,a2,4080b5a2 <win_bring_to_top+0x148>
4080b466:	4081a737          	lui	a4,0x4081a
4080b46a:	e7870693          	addi	a3,a4,-392 # 40819e78 <_ZL10g_ev_queue>
4080b46e:	20068893          	addi	a7,a3,512
4080b472:	8746                	c.mv	a4,a7
4080b474:	4781                	c.li	a5,0
4080b476:	a021                	c.j	4080b47e <win_bring_to_top+0x24>
4080b478:	0785                	c.addi	a5,1
4080b47a:	12c78463          	beq	a5,a2,4080b5a2 <win_bring_to_top+0x148>
4080b47e:	00075583          	lhu	a1,0(a4)
4080b482:	03870713          	addi	a4,a4,56
4080b486:	fea599e3          	bne	a1,a0,4080b478 <win_bring_to_top+0x1e>
4080b48a:	00379713          	slli	a4,a5,0x3
4080b48e:	40f705b3          	sub	a1,a4,a5
4080b492:	058e                	c.slli	a1,0x3
4080b494:	95b6                	c.add	a1,a3
4080b496:	7139                	c.addi16sp	sp,-64
4080b498:	20058513          	addi	a0,a1,512
4080b49c:	00810813          	addi	a6,sp,8
4080b4a0:	23058593          	addi	a1,a1,560
4080b4a4:	00052f03          	lw	t5,0(a0)
4080b4a8:	00452e83          	lw	t4,4(a0)
4080b4ac:	00852e03          	lw	t3,8(a0)
4080b4b0:	00c52303          	lw	t1,12(a0)
4080b4b4:	01e82023          	sw	t5,0(a6)
4080b4b8:	01d82223          	sw	t4,4(a6)
4080b4bc:	01c82423          	sw	t3,8(a6)
4080b4c0:	00682623          	sw	t1,12(a6)
4080b4c4:	0541                	c.addi	a0,16
4080b4c6:	0841                	c.addi	a6,16
4080b4c8:	fcb51ee3          	bne	a0,a1,4080b4a4 <win_bring_to_top+0x4a>
4080b4cc:	00052303          	lw	t1,0(a0)
4080b4d0:	414c                	c.lw	a1,4(a0)
4080b4d2:	fff60f13          	addi	t5,a2,-1
4080b4d6:	00682023          	sw	t1,0(a6)
4080b4da:	00b82223          	sw	a1,4(a6)
4080b4de:	07e7d063          	bge	a5,t5,4080b53e <win_bring_to_top+0xe4>
4080b4e2:	00361e93          	slli	t4,a2,0x3
4080b4e6:	8f1d                	c.sub	a4,a5
4080b4e8:	40ce8eb3          	sub	t4,t4,a2
4080b4ec:	070e                	c.slli	a4,0x3
4080b4ee:	fc888793          	addi	a5,a7,-56
4080b4f2:	0e8e                	c.slli	t4,0x3
4080b4f4:	9746                	c.add	a4,a7
4080b4f6:	9ebe                	c.add	t4,a5
4080b4f8:	87ba                	c.mv	a5,a4
4080b4fa:	03870593          	addi	a1,a4,56
4080b4fe:	872e                	c.mv	a4,a1
4080b500:	06878513          	addi	a0,a5,104
4080b504:	00072e03          	lw	t3,0(a4)
4080b508:	00472303          	lw	t1,4(a4)
4080b50c:	00872883          	lw	a7,8(a4)
4080b510:	00c72803          	lw	a6,12(a4)
4080b514:	01c7a023          	sw	t3,0(a5)
4080b518:	0067a223          	sw	t1,4(a5)
4080b51c:	0117a423          	sw	a7,8(a5)
4080b520:	0107a623          	sw	a6,12(a5)
4080b524:	0741                	c.addi	a4,16
4080b526:	07c1                	c.addi	a5,16
4080b528:	fca71ee3          	bne	a4,a0,4080b504 <win_bring_to_top+0xaa>
4080b52c:	00072803          	lw	a6,0(a4)
4080b530:	4348                	c.lw	a0,4(a4)
4080b532:	872e                	c.mv	a4,a1
4080b534:	0107a023          	sw	a6,0(a5)
4080b538:	c3c8                	c.sw	a0,4(a5)
4080b53a:	fbd59fe3          	bne	a1,t4,4080b4f8 <win_bring_to_top+0x9e>
4080b53e:	003f1793          	slli	a5,t5,0x3
4080b542:	41e787b3          	sub	a5,a5,t5
4080b546:	078e                	c.slli	a5,0x3
4080b548:	97b6                	c.add	a5,a3
4080b54a:	0038                	c.addi4spn	a4,sp,8
4080b54c:	20078793          	addi	a5,a5,512
4080b550:	182c                	c.addi4spn	a1,sp,56
4080b552:	00072303          	lw	t1,0(a4)
4080b556:	00472883          	lw	a7,4(a4)
4080b55a:	00872803          	lw	a6,8(a4)
4080b55e:	4748                	c.lw	a0,12(a4)
4080b560:	0067a023          	sw	t1,0(a5)
4080b564:	0117a223          	sw	a7,4(a5)
4080b568:	0107a423          	sw	a6,8(a5)
4080b56c:	c7c8                	c.sw	a0,12(a5)
4080b56e:	0741                	c.addi	a4,16
4080b570:	07c1                	c.addi	a5,16
4080b572:	feb710e3          	bne	a4,a1,4080b552 <win_bring_to_top+0xf8>
4080b576:	4308                	c.lw	a0,0(a4)
4080b578:	434c                	c.lw	a1,4(a4)
4080b57a:	20a68713          	addi	a4,a3,522
4080b57e:	c388                	c.sw	a0,0(a5)
4080b580:	c3cc                	c.sw	a1,4(a5)
4080b582:	4781                	c.li	a5,0
4080b584:	00f70023          	sb	a5,0(a4)
4080b588:	0785                	c.addi	a5,1
4080b58a:	03870713          	addi	a4,a4,56
4080b58e:	fec79be3          	bne	a5,a2,4080b584 <win_bring_to_top+0x12a>
4080b592:	408127b7          	lui	a5,0x40812
4080b596:	4705                	c.li	a4,1
4080b598:	50e78323          	sb	a4,1286(a5) # 40812506 <_ZL13g_need_render>
4080b59c:	4501                	c.li	a0,0
4080b59e:	6121                	c.addi16sp	sp,64
4080b5a0:	8082                	c.jr	ra
4080b5a2:	557d                	c.li	a0,-1
4080b5a4:	8082                	c.jr	ra

4080b5a6 <win_get>:
4080b5a6:	4081a7b7          	lui	a5,0x4081a
4080b5aa:	4887a603          	lw	a2,1160(a5) # 4081a488 <_ZL9g_win_cnt>
4080b5ae:	02c05963          	bge	zero,a2,4080b5e0 <win_get+0x3a>
4080b5b2:	4081a5b7          	lui	a1,0x4081a
4080b5b6:	07858593          	addi	a1,a1,120 # 4081a078 <_ZL9g_windows>
4080b5ba:	87ae                	c.mv	a5,a1
4080b5bc:	4701                	c.li	a4,0
4080b5be:	a021                	c.j	4080b5c6 <win_get+0x20>
4080b5c0:	0705                	c.addi	a4,1
4080b5c2:	00c70f63          	beq	a4,a2,4080b5e0 <win_get+0x3a>
4080b5c6:	0007d683          	lhu	a3,0(a5)
4080b5ca:	03878793          	addi	a5,a5,56
4080b5ce:	fea699e3          	bne	a3,a0,4080b5c0 <win_get+0x1a>
4080b5d2:	00371793          	slli	a5,a4,0x3
4080b5d6:	8f99                	c.sub	a5,a4
4080b5d8:	078e                	c.slli	a5,0x3
4080b5da:	00f58533          	add	a0,a1,a5
4080b5de:	8082                	c.jr	ra
4080b5e0:	4501                	c.li	a0,0
4080b5e2:	8082                	c.jr	ra

4080b5e4 <win_count>:
4080b5e4:	4081a7b7          	lui	a5,0x4081a
4080b5e8:	4887a503          	lw	a0,1160(a5) # 4081a488 <_ZL9g_win_cnt>
4080b5ec:	8082                	c.jr	ra

4080b5ee <win_get_by_index>:
4080b5ee:	02054263          	blt	a0,zero,4080b612 <win_get_by_index+0x24>
4080b5f2:	4081a7b7          	lui	a5,0x4081a
4080b5f6:	4887a783          	lw	a5,1160(a5) # 4081a488 <_ZL9g_win_cnt>
4080b5fa:	00f55c63          	bge	a0,a5,4080b612 <win_get_by_index+0x24>
4080b5fe:	00351793          	slli	a5,a0,0x3
4080b602:	8f89                	c.sub	a5,a0
4080b604:	4081a537          	lui	a0,0x4081a
4080b608:	078e                	c.slli	a5,0x3
4080b60a:	07850513          	addi	a0,a0,120 # 4081a078 <_ZL9g_windows>
4080b60e:	953e                	c.add	a0,a5
4080b610:	8082                	c.jr	ra
4080b612:	4501                	c.li	a0,0
4080b614:	8082                	c.jr	ra

4080b616 <win_dispatch_event>:
4080b616:	c941                	c.beqz	a0,4080b6a6 <win_dispatch_event+0x90>
4080b618:	4081a7b7          	lui	a5,0x4081a
4080b61c:	4887a603          	lw	a2,1160(a5) # 4081a488 <_ZL9g_win_cnt>
4080b620:	08c05363          	bge	zero,a2,4080b6a6 <win_dispatch_event+0x90>
4080b624:	85aa                	c.mv	a1,a0
4080b626:	4081a537          	lui	a0,0x4081a
4080b62a:	e7850513          	addi	a0,a0,-392 # 40819e78 <_ZL10g_ev_queue>
4080b62e:	20b50713          	addi	a4,a0,523
4080b632:	4781                	c.li	a5,0
4080b634:	00174683          	lbu	a3,1(a4)
4080b638:	c681                	c.beqz	a3,4080b640 <win_dispatch_event+0x2a>
4080b63a:	00074683          	lbu	a3,0(a4)
4080b63e:	e6ad                	c.bnez	a3,4080b6a8 <win_dispatch_event+0x92>
4080b640:	0785                	c.addi	a5,1
4080b642:	03870713          	addi	a4,a4,56
4080b646:	fec797e3          	bne	a5,a2,4080b634 <win_dispatch_event+0x1e>
4080b64a:	00379713          	slli	a4,a5,0x3
4080b64e:	8f1d                	c.sub	a4,a5
4080b650:	070e                	c.slli	a4,0x3
4080b652:	20050893          	addi	a7,a0,512
4080b656:	fca70713          	addi	a4,a4,-54
4080b65a:	9746                	c.add	a4,a7
4080b65c:	17fd                	c.addi	a5,-1
4080b65e:	557d                	c.li	a0,-1
4080b660:	00974683          	lbu	a3,9(a4)
4080b664:	ca9d                	c.beqz	a3,4080b69a <win_dispatch_event+0x84>
4080b666:	00459603          	lh	a2,4(a1)
4080b66a:	00071803          	lh	a6,0(a4)
4080b66e:	03064663          	blt	a2,a6,4080b69a <win_dispatch_event+0x84>
4080b672:	00475683          	lhu	a3,4(a4)
4080b676:	96c2                	c.add	a3,a6
4080b678:	06c2                	c.slli	a3,0x10
4080b67a:	86c1                	c.srai	a3,0x10
4080b67c:	00d65f63          	bge	a2,a3,4080b69a <win_dispatch_event+0x84>
4080b680:	00659603          	lh	a2,6(a1)
4080b684:	00271803          	lh	a6,2(a4)
4080b688:	01064963          	blt	a2,a6,4080b69a <win_dispatch_event+0x84>
4080b68c:	00675683          	lhu	a3,6(a4)
4080b690:	96c2                	c.add	a3,a6
4080b692:	06c2                	c.slli	a3,0x10
4080b694:	86c1                	c.srai	a3,0x10
4080b696:	02d64e63          	blt	a2,a3,4080b6d2 <win_dispatch_event+0xbc>
4080b69a:	17fd                	c.addi	a5,-1
4080b69c:	fc870713          	addi	a4,a4,-56
4080b6a0:	fca790e3          	bne	a5,a0,4080b660 <win_dispatch_event+0x4a>
4080b6a4:	8082                	c.jr	ra
4080b6a6:	8082                	c.jr	ra
4080b6a8:	00379713          	slli	a4,a5,0x3
4080b6ac:	40f707b3          	sub	a5,a4,a5
4080b6b0:	20050513          	addi	a0,a0,512
4080b6b4:	078e                	c.slli	a5,0x3
4080b6b6:	953e                	c.add	a0,a5
4080b6b8:	595c                	c.lw	a5,52(a0)
4080b6ba:	d7f5                	c.beqz	a5,4080b6a6 <win_dispatch_event+0x90>
4080b6bc:	1141                	c.addi	sp,-16
4080b6be:	c606                	c.swsp	ra,12(sp)
4080b6c0:	9782                	c.jalr	a5
4080b6c2:	40b2                	c.lwsp	ra,12(sp)
4080b6c4:	408127b7          	lui	a5,0x40812
4080b6c8:	4705                	c.li	a4,1
4080b6ca:	50e78323          	sb	a4,1286(a5) # 40812506 <_ZL13g_need_render>
4080b6ce:	0141                	c.addi	sp,16
4080b6d0:	8082                	c.jr	ra
4080b6d2:	00379713          	slli	a4,a5,0x3
4080b6d6:	40f707b3          	sub	a5,a4,a5
4080b6da:	078e                	c.slli	a5,0x3
4080b6dc:	00f88533          	add	a0,a7,a5
4080b6e0:	bfe1                	c.j	4080b6b8 <win_dispatch_event+0xa2>

4080b6e2 <win_render_all>:
4080b6e2:	408127b7          	lui	a5,0x40812
4080b6e6:	5067c703          	lbu	a4,1286(a5) # 40812506 <_ZL13g_need_render>
4080b6ea:	e311                	c.bnez	a4,4080b6ee <win_render_all+0xc>
4080b6ec:	8082                	c.jr	ra
4080b6ee:	1101                	c.addi	sp,-32
4080b6f0:	ce06                	c.swsp	ra,28(sp)
4080b6f2:	50078323          	sb	zero,1286(a5)
4080b6f6:	2af5                	c.jal	4080b8f2 <fb_get>
4080b6f8:	c945                	c.beqz	a0,4080b7a8 <win_render_all+0xc6>
4080b6fa:	451c                	c.lw	a5,8(a0)
4080b6fc:	c7d5                	c.beqz	a5,4080b7a8 <win_render_all+0xc6>
4080b6fe:	4541                	c.li	a0,16
4080b700:	c64e                	c.swsp	s3,12(sp)
4080b702:	f33fe0ef          	jal	ra,4080a634 <draw_fill>
4080b706:	4081a9b7          	lui	s3,0x4081a
4080b70a:	4889a783          	lw	a5,1160(s3) # 4081a488 <_ZL9g_win_cnt>
4080b70e:	0af05063          	bge	zero,a5,4080b7ae <win_render_all+0xcc>
4080b712:	cc22                	c.swsp	s0,24(sp)
4080b714:	c84a                	c.swsp	s2,16(sp)
4080b716:	4081a437          	lui	s0,0x4081a
4080b71a:	6941                	c.lui	s2,0x10
4080b71c:	ca26                	c.swsp	s1,20(sp)
4080b71e:	07840413          	addi	s0,s0,120 # 4081a078 <_ZL9g_windows>
4080b722:	197d                	c.addi	s2,-1 # ffff <_kernel_start-0x407f0001>
4080b724:	4481                	c.li	s1,0
4080b726:	00b44683          	lbu	a3,11(s0)
4080b72a:	6721                	c.lui	a4,0x8
4080b72c:	4785                	c.li	a5,1
4080b72e:	41070713          	addi	a4,a4,1040 # 8410 <_kernel_start-0x407f7bf0>
4080b732:	c2a5                	c.beqz	a3,4080b792 <win_render_all+0xb0>
4080b734:	00845683          	lhu	a3,8(s0)
4080b738:	00645603          	lhu	a2,6(s0)
4080b73c:	00445583          	lhu	a1,4(s0)
4080b740:	00245503          	lhu	a0,2(s0)
4080b744:	f27fe0ef          	jal	ra,4080a66a <draw_rect>
4080b748:	00c44703          	lbu	a4,12(s0)
4080b74c:	00645603          	lhu	a2,6(s0)
4080b750:	00445583          	lhu	a1,4(s0)
4080b754:	00173713          	sltiu	a4,a4,1
4080b758:	00245503          	lhu	a0,2(s0)
4080b75c:	40e00733          	sub	a4,zero,a4
4080b760:	9b05                	c.andi	a4,-31
4080b762:	4785                	c.li	a5,1
4080b764:	077d                	c.addi	a4,31
4080b766:	46c1                	c.li	a3,16
4080b768:	f03fe0ef          	jal	ra,4080a66a <draw_rect>
4080b76c:	00445583          	lhu	a1,4(s0)
4080b770:	00245503          	lhu	a0,2(s0)
4080b774:	86ca                	c.mv	a3,s2
4080b776:	0589                	c.addi	a1,2
4080b778:	0509                	c.addi	a0,2
4080b77a:	05c2                	c.slli	a1,0x10
4080b77c:	0542                	c.slli	a0,0x10
4080b77e:	8141                	c.srli	a0,0x10
4080b780:	81c1                	c.srli	a1,0x10
4080b782:	00e40613          	addi	a2,s0,14
4080b786:	827ff0ef          	jal	ra,4080afac <draw_text>
4080b78a:	581c                	c.lw	a5,48(s0)
4080b78c:	8522                	c.mv	a0,s0
4080b78e:	c391                	c.beqz	a5,4080b792 <win_render_all+0xb0>
4080b790:	9782                	c.jalr	a5
4080b792:	4889a783          	lw	a5,1160(s3)
4080b796:	0485                	c.addi	s1,1
4080b798:	03840413          	addi	s0,s0,56
4080b79c:	f8f4c5e3          	blt	s1,a5,4080b726 <win_render_all+0x44>
4080b7a0:	4462                	c.lwsp	s0,24(sp)
4080b7a2:	44d2                	c.lwsp	s1,20(sp)
4080b7a4:	4942                	c.lwsp	s2,16(sp)
4080b7a6:	49b2                	c.lwsp	s3,12(sp)
4080b7a8:	40f2                	c.lwsp	ra,28(sp)
4080b7aa:	6105                	c.addi16sp	sp,32
4080b7ac:	8082                	c.jr	ra
4080b7ae:	49b2                	c.lwsp	s3,12(sp)
4080b7b0:	bfe5                	c.j	4080b7a8 <win_render_all+0xc6>

4080b7b2 <fb_init>:
4080b7b2:	1101                	c.addi	sp,-32
4080b7b4:	cc22                	c.swsp	s0,24(sp)
4080b7b6:	4081a437          	lui	s0,0x4081a
4080b7ba:	ce06                	c.swsp	ra,28(sp)
4080b7bc:	3f840413          	addi	s0,s0,1016 # 4081a3f8 <_ZL4g_fb>
4080b7c0:	01244783          	lbu	a5,18(s0)
4080b7c4:	e7cd                	c.bnez	a5,4080b86e <fb_init+0xbc>
4080b7c6:	02b507b3          	mul	a5,a0,a1
4080b7ca:	ca26                	c.swsp	s1,20(sp)
4080b7cc:	c84a                	c.swsp	s2,16(sp)
4080b7ce:	c64e                	c.swsp	s3,12(sp)
4080b7d0:	c452                	c.swsp	s4,8(sp)
4080b7d2:	892e                	c.mv	s2,a1
4080b7d4:	8a2a                	c.mv	s4,a0
4080b7d6:	00279493          	slli	s1,a5,0x2
4080b7da:	00179993          	slli	s3,a5,0x1
4080b7de:	faef80ef          	jal	ra,40803f8c <mm_free_bytes>
4080b7e2:	04956a63          	bltu	a0,s1,4080b836 <fb_init+0x84>
4080b7e6:	8526                	c.mv	a0,s1
4080b7e8:	f16f80ef          	jal	ra,40803efe <mm_alloc>
4080b7ec:	c949                	c.beqz	a0,4080b87e <fb_init+0xcc>
4080b7ee:	4705                	c.li	a4,1
4080b7f0:	01350833          	add	a6,a0,s3
4080b7f4:	00e408a3          	sb	a4,17(s0)
4080b7f8:	4689                	c.li	a3,2
4080b7fa:	864e                	c.mv	a2,s3
4080b7fc:	4581                	c.li	a1,0
4080b7fe:	c008                	c.sw	a0,0(s0)
4080b800:	c048                	c.sw	a0,4(s0)
4080b802:	01042423          	sw	a6,8(s0)
4080b806:	01441623          	sh	s4,12(s0)
4080b80a:	01241723          	sh	s2,14(s0)
4080b80e:	00e40923          	sb	a4,18(s0)
4080b812:	00d40823          	sb	a3,16(s0)
4080b816:	896f50ef          	jal	ra,408008ac <k_memset>
4080b81a:	4408                	c.lw	a0,8(s0)
4080b81c:	864e                	c.mv	a2,s3
4080b81e:	4581                	c.li	a1,0
4080b820:	88cf50ef          	jal	ra,408008ac <k_memset>
4080b824:	44d2                	c.lwsp	s1,20(sp)
4080b826:	4942                	c.lwsp	s2,16(sp)
4080b828:	49b2                	c.lwsp	s3,12(sp)
4080b82a:	4a22                	c.lwsp	s4,8(sp)
4080b82c:	4501                	c.li	a0,0
4080b82e:	40f2                	c.lwsp	ra,28(sp)
4080b830:	4462                	c.lwsp	s0,24(sp)
4080b832:	6105                	c.addi16sp	sp,32
4080b834:	8082                	c.jr	ra
4080b836:	f56f80ef          	jal	ra,40803f8c <mm_free_bytes>
4080b83a:	03356c63          	bltu	a0,s3,4080b872 <fb_init+0xc0>
4080b83e:	854e                	c.mv	a0,s3
4080b840:	ebef80ef          	jal	ra,40803efe <mm_alloc>
4080b844:	cd0d                	c.beqz	a0,4080b87e <fb_init+0xcc>
4080b846:	4705                	c.li	a4,1
4080b848:	00e408a3          	sb	a4,17(s0)
4080b84c:	4689                	c.li	a3,2
4080b84e:	864e                	c.mv	a2,s3
4080b850:	4581                	c.li	a1,0
4080b852:	c008                	c.sw	a0,0(s0)
4080b854:	c048                	c.sw	a0,4(s0)
4080b856:	c408                	c.sw	a0,8(s0)
4080b858:	01441623          	sh	s4,12(s0)
4080b85c:	01241723          	sh	s2,14(s0)
4080b860:	00e40923          	sb	a4,18(s0)
4080b864:	00d40823          	sb	a3,16(s0)
4080b868:	844f50ef          	jal	ra,408008ac <k_memset>
4080b86c:	bf65                	c.j	4080b824 <fb_init+0x72>
4080b86e:	557d                	c.li	a0,-1
4080b870:	bf7d                	c.j	4080b82e <fb_init+0x7c>
4080b872:	44d2                	c.lwsp	s1,20(sp)
4080b874:	4942                	c.lwsp	s2,16(sp)
4080b876:	49b2                	c.lwsp	s3,12(sp)
4080b878:	4a22                	c.lwsp	s4,8(sp)
4080b87a:	5579                	c.li	a0,-2
4080b87c:	bf4d                	c.j	4080b82e <fb_init+0x7c>
4080b87e:	44d2                	c.lwsp	s1,20(sp)
4080b880:	4942                	c.lwsp	s2,16(sp)
4080b882:	49b2                	c.lwsp	s3,12(sp)
4080b884:	4a22                	c.lwsp	s4,8(sp)
4080b886:	5575                	c.li	a0,-3
4080b888:	b75d                	c.j	4080b82e <fb_init+0x7c>

4080b88a <fb_swap>:
4080b88a:	4081a7b7          	lui	a5,0x4081a
4080b88e:	3f878793          	addi	a5,a5,1016 # 4081a3f8 <_ZL4g_fb>
4080b892:	0127c703          	lbu	a4,18(a5)
4080b896:	cb01                	c.beqz	a4,4080b8a6 <fb_swap+0x1c>
4080b898:	43d0                	c.lw	a2,4(a5)
4080b89a:	4794                	c.lw	a3,8(a5)
4080b89c:	4705                	c.li	a4,1
4080b89e:	c790                	c.sw	a2,8(a5)
4080b8a0:	c3d4                	c.sw	a3,4(a5)
4080b8a2:	00e788a3          	sb	a4,17(a5)
4080b8a6:	8082                	c.jr	ra

4080b8a8 <fb_get_draw_buffer>:
4080b8a8:	4081a7b7          	lui	a5,0x4081a
4080b8ac:	3f878793          	addi	a5,a5,1016 # 4081a3f8 <_ZL4g_fb>
4080b8b0:	0127c703          	lbu	a4,18(a5)
4080b8b4:	4501                	c.li	a0,0
4080b8b6:	c311                	c.beqz	a4,4080b8ba <fb_get_draw_buffer+0x12>
4080b8b8:	4788                	c.lw	a0,8(a5)
4080b8ba:	8082                	c.jr	ra

4080b8bc <fb_deinit>:
4080b8bc:	1141                	c.addi	sp,-16
4080b8be:	c422                	c.swsp	s0,8(sp)
4080b8c0:	4081a437          	lui	s0,0x4081a
4080b8c4:	c606                	c.swsp	ra,12(sp)
4080b8c6:	3f840793          	addi	a5,s0,1016 # 4081a3f8 <_ZL4g_fb>
4080b8ca:	0127c703          	lbu	a4,18(a5)
4080b8ce:	cf11                	c.beqz	a4,4080b8ea <fb_deinit+0x2e>
4080b8d0:	4388                	c.lw	a0,0(a5)
4080b8d2:	c119                	c.beqz	a0,4080b8d8 <fb_deinit+0x1c>
4080b8d4:	e74f80ef          	jal	ra,40803f48 <mm_free>
4080b8d8:	3f840513          	addi	a0,s0,1016
4080b8dc:	4422                	c.lwsp	s0,8(sp)
4080b8de:	40b2                	c.lwsp	ra,12(sp)
4080b8e0:	4651                	c.li	a2,20
4080b8e2:	4581                	c.li	a1,0
4080b8e4:	0141                	c.addi	sp,16
4080b8e6:	fc7f406f          	jal	zero,408008ac <k_memset>
4080b8ea:	40b2                	c.lwsp	ra,12(sp)
4080b8ec:	4422                	c.lwsp	s0,8(sp)
4080b8ee:	0141                	c.addi	sp,16
4080b8f0:	8082                	c.jr	ra

4080b8f2 <fb_get>:
4080b8f2:	4081a537          	lui	a0,0x4081a
4080b8f6:	3f850513          	addi	a0,a0,1016 # 4081a3f8 <_ZL4g_fb>
4080b8fa:	8082                	c.jr	ra

4080b8fc <_ZL12spi_transferPKhPhi.constprop.0>:
4080b8fc:	00358e13          	addi	t3,a1,3
4080b900:	6009c337          	lui	t1,0x6009c
4080b904:	ffce7e13          	andi	t3,t3,-4
4080b908:	08030313          	addi	t1,t1,128 # 6009c080 <_kern_stack_top+0x1f820080>
4080b90c:	4801                	c.li	a6,0
4080b90e:	02000893          	addi	a7,zero,32
4080b912:	6009ceb7          	lui	t4,0x6009c
4080b916:	87c2                	c.mv	a5,a6
4080b918:	4701                	c.li	a4,0
4080b91a:	00b7d763          	bge	a5,a1,4080b928 <_ZL12spi_transferPKhPhi.constprop.0+0x2c>
4080b91e:	e931                	c.bnez	a0,4080b972 <_ZL12spi_transferPKhPhi.constprop.0+0x76>
4080b920:	0721                	c.addi	a4,8
4080b922:	0785                	c.addi	a5,1
4080b924:	ff171be3          	bne	a4,a7,4080b91a <_ZL12spi_transferPKhPhi.constprop.0+0x1e>
4080b928:	4601                	c.li	a2,0
4080b92a:	006807b3          	add	a5,a6,t1
4080b92e:	c390                	c.sw	a2,0(a5)
4080b930:	0811                	c.addi	a6,4
4080b932:	ffc812e3          	bne	a6,t3,4080b916 <_ZL12spi_transferPKhPhi.constprop.0+0x1a>
4080b936:	6009c737          	lui	a4,0x6009c
4080b93a:	030006b7          	lui	a3,0x3000
4080b93e:	058e                	c.slli	a1,0x3
4080b940:	cb14                	c.sw	a3,16(a4)
4080b942:	15fd                	c.addi	a1,-1
4080b944:	d30c                	c.sw	a1,32(a4)
4080b946:	d34c                	c.sw	a1,36(a4)
4080b948:	00072a23          	sw	zero,20(a4) # 6009c014 <_kern_stack_top+0x1f820014>
4080b94c:	000407b7          	lui	a5,0x40
4080b950:	00fea023          	sw	a5,0(t4) # 6009c000 <_kern_stack_top+0x1f820000>
4080b954:	000ea783          	lw	a5,0(t4)
4080b958:	6009c737          	lui	a4,0x6009c
4080b95c:	00d79693          	slli	a3,a5,0xd
4080b960:	0006d863          	bge	a3,zero,4080b970 <_ZL12spi_transferPKhPhi.constprop.0+0x74>
4080b964:	0001                	c.addi	zero,0
4080b966:	431c                	c.lw	a5,0(a4)
4080b968:	00d79693          	slli	a3,a5,0xd
4080b96c:	fe06cce3          	blt	a3,zero,4080b964 <_ZL12spi_transferPKhPhi.constprop.0+0x68>
4080b970:	8082                	c.jr	ra
4080b972:	4601                	c.li	a2,0
4080b974:	00f506b3          	add	a3,a0,a5
4080b978:	0006c683          	lbu	a3,0(a3) # 3000000 <_kernel_start-0x3d800000>
4080b97c:	0785                	c.addi	a5,1 # 40001 <_kernel_start-0x407bffff>
4080b97e:	00e696b3          	sll	a3,a3,a4
4080b982:	0721                	c.addi	a4,8 # 6009c008 <_kern_stack_top+0x1f820008>
4080b984:	8e55                	c.or	a2,a3
4080b986:	fb1702e3          	beq	a4,a7,4080b92a <_ZL12spi_transferPKhPhi.constprop.0+0x2e>
4080b98a:	feb7c5e3          	blt	a5,a1,4080b974 <_ZL12spi_transferPKhPhi.constprop.0+0x78>
4080b98e:	bf71                	c.j	4080b92a <_ZL12spi_transferPKhPhi.constprop.0+0x2e>

4080b990 <lcd_send_cmd>:
4080b990:	600407b7          	lui	a5,0x60040
4080b994:	4047a683          	lw	a3,1028(a5) # 60040404 <_kern_stack_top+0x1f7c4404>
4080b998:	6009c737          	lui	a4,0x6009c
4080b99c:	bff6f693          	andi	a3,a3,-1025
4080b9a0:	40d7a223          	sw	a3,1028(a5)
4080b9a4:	4047a603          	lw	a2,1028(a5)
4080b9a8:	030006b7          	lui	a3,0x3000
4080b9ac:	dff67613          	andi	a2,a2,-513
4080b9b0:	40c7a223          	sw	a2,1028(a5)
4080b9b4:	08a72023          	sw	a0,128(a4) # 6009c080 <_kern_stack_top+0x1f820080>
4080b9b8:	cb14                	c.sw	a3,16(a4)
4080b9ba:	469d                	c.li	a3,7
4080b9bc:	d314                	c.sw	a3,32(a4)
4080b9be:	02072223          	sw	zero,36(a4)
4080b9c2:	00072a23          	sw	zero,20(a4)
4080b9c6:	000407b7          	lui	a5,0x40
4080b9ca:	6009c737          	lui	a4,0x6009c
4080b9ce:	c31c                	c.sw	a5,0(a4)
4080b9d0:	431c                	c.lw	a5,0(a4)
4080b9d2:	00d79693          	slli	a3,a5,0xd
4080b9d6:	0006d863          	bge	a3,zero,4080b9e6 <lcd_send_cmd+0x56>
4080b9da:	0001                	c.addi	zero,0
4080b9dc:	431c                	c.lw	a5,0(a4)
4080b9de:	00d79693          	slli	a3,a5,0xd
4080b9e2:	fe06cce3          	blt	a3,zero,4080b9da <lcd_send_cmd+0x4a>
4080b9e6:	600407b7          	lui	a5,0x60040
4080b9ea:	4047a703          	lw	a4,1028(a5) # 60040404 <_kern_stack_top+0x1f7c4404>
4080b9ee:	40076713          	ori	a4,a4,1024
4080b9f2:	40e7a223          	sw	a4,1028(a5)
4080b9f6:	8082                	c.jr	ra

4080b9f8 <lcd_send_data>:
4080b9f8:	600407b7          	lui	a5,0x60040
4080b9fc:	4047a703          	lw	a4,1028(a5) # 60040404 <_kern_stack_top+0x1f7c4404>
4080ba00:	bff77713          	andi	a4,a4,-1025
4080ba04:	40e7a223          	sw	a4,1028(a5)
4080ba08:	4047a703          	lw	a4,1028(a5)
4080ba0c:	20076713          	ori	a4,a4,512
4080ba10:	40e7a223          	sw	a4,1028(a5)
4080ba14:	04b05b63          	bge	zero,a1,4080ba6a <lcd_send_data+0x72>
4080ba18:	1101                	c.addi	sp,-32
4080ba1a:	cc22                	c.swsp	s0,24(sp)
4080ba1c:	c84a                	c.swsp	s2,16(sp)
4080ba1e:	c64e                	c.swsp	s3,12(sp)
4080ba20:	c452                	c.swsp	s4,8(sp)
4080ba22:	ce06                	c.swsp	ra,28(sp)
4080ba24:	ca26                	c.swsp	s1,20(sp)
4080ba26:	892e                	c.mv	s2,a1
4080ba28:	89aa                	c.mv	s3,a0
4080ba2a:	4401                	c.li	s0,0
4080ba2c:	04000a13          	addi	s4,zero,64
4080ba30:	408904b3          	sub	s1,s2,s0
4080ba34:	00898533          	add	a0,s3,s0
4080ba38:	009a5463          	bge	s4,s1,4080ba40 <lcd_send_data+0x48>
4080ba3c:	04000493          	addi	s1,zero,64
4080ba40:	85a6                	c.mv	a1,s1
4080ba42:	9426                	c.add	s0,s1
4080ba44:	3d65                	c.jal	4080b8fc <_ZL12spi_transferPKhPhi.constprop.0>
4080ba46:	ff2445e3          	blt	s0,s2,4080ba30 <lcd_send_data+0x38>
4080ba4a:	600407b7          	lui	a5,0x60040
4080ba4e:	4047a703          	lw	a4,1028(a5) # 60040404 <_kern_stack_top+0x1f7c4404>
4080ba52:	40f2                	c.lwsp	ra,28(sp)
4080ba54:	4462                	c.lwsp	s0,24(sp)
4080ba56:	40076713          	ori	a4,a4,1024
4080ba5a:	40e7a223          	sw	a4,1028(a5)
4080ba5e:	44d2                	c.lwsp	s1,20(sp)
4080ba60:	4942                	c.lwsp	s2,16(sp)
4080ba62:	49b2                	c.lwsp	s3,12(sp)
4080ba64:	4a22                	c.lwsp	s4,8(sp)
4080ba66:	6105                	c.addi16sp	sp,32
4080ba68:	8082                	c.jr	ra
4080ba6a:	600407b7          	lui	a5,0x60040
4080ba6e:	4047a703          	lw	a4,1028(a5) # 60040404 <_kern_stack_top+0x1f7c4404>
4080ba72:	40076713          	ori	a4,a4,1024
4080ba76:	40e7a223          	sw	a4,1028(a5)
4080ba7a:	8082                	c.jr	ra

4080ba7c <lcd_set_window>:
4080ba7c:	7179                	c.addi16sp	sp,-48
4080ba7e:	ce4e                	c.swsp	s3,28(sp)
4080ba80:	89aa                	c.mv	s3,a0
4080ba82:	02a00513          	addi	a0,zero,42
4080ba86:	d606                	c.swsp	ra,44(sp)
4080ba88:	d422                	c.swsp	s0,40(sp)
4080ba8a:	d226                	c.swsp	s1,36(sp)
4080ba8c:	d04a                	c.swsp	s2,32(sp)
4080ba8e:	84b2                	c.mv	s1,a2
4080ba90:	892e                	c.mv	s2,a1
4080ba92:	8436                	c.mv	s0,a3
4080ba94:	3df5                	c.jal	4080b990 <lcd_send_cmd>
4080ba96:	009987b3          	add	a5,s3,s1
4080ba9a:	00899693          	slli	a3,s3,0x8
4080ba9e:	0089d713          	srli	a4,s3,0x8
4080baa2:	17fd                	c.addi	a5,-1
4080baa4:	14fd                	c.addi	s1,-1
4080baa6:	8f55                	c.or	a4,a3
4080baa8:	87a1                	c.srai	a5,0x8
4080baaa:	94ce                	c.add	s1,s3
4080baac:	0028                	c.addi4spn	a0,sp,8
4080baae:	4591                	c.li	a1,4
4080bab0:	00e11423          	sh	a4,8(sp)
4080bab4:	00f10523          	sb	a5,10(sp)
4080bab8:	009105a3          	sb	s1,11(sp)
4080babc:	3f35                	c.jal	4080b9f8 <lcd_send_data>
4080babe:	02b00513          	addi	a0,zero,43
4080bac2:	35f9                	c.jal	4080b990 <lcd_send_cmd>
4080bac4:	008907b3          	add	a5,s2,s0
4080bac8:	00891693          	slli	a3,s2,0x8
4080bacc:	00895713          	srli	a4,s2,0x8
4080bad0:	17fd                	c.addi	a5,-1
4080bad2:	147d                	c.addi	s0,-1
4080bad4:	944a                	c.add	s0,s2
4080bad6:	0068                	c.addi4spn	a0,sp,12
4080bad8:	8f55                	c.or	a4,a3
4080bada:	87a1                	c.srai	a5,0x8
4080badc:	4591                	c.li	a1,4
4080bade:	008107a3          	sb	s0,15(sp)
4080bae2:	00e11623          	sh	a4,12(sp)
4080bae6:	00f10723          	sb	a5,14(sp)
4080baea:	3739                	c.jal	4080b9f8 <lcd_send_data>
4080baec:	5422                	c.lwsp	s0,40(sp)
4080baee:	50b2                	c.lwsp	ra,44(sp)
4080baf0:	5492                	c.lwsp	s1,36(sp)
4080baf2:	5902                	c.lwsp	s2,32(sp)
4080baf4:	49f2                	c.lwsp	s3,28(sp)
4080baf6:	02c00513          	addi	a0,zero,44
4080bafa:	6145                	c.addi16sp	sp,48
4080bafc:	bd51                	c.j	4080b990 <lcd_send_cmd>

4080bafe <lcd_write_pixels>:
4080bafe:	600407b7          	lui	a5,0x60040
4080bb02:	4047a703          	lw	a4,1028(a5) # 60040404 <_kern_stack_top+0x1f7c4404>
4080bb06:	20076713          	ori	a4,a4,512
4080bb0a:	40e7a223          	sw	a4,1028(a5)
4080bb0e:	4047a703          	lw	a4,1028(a5)
4080bb12:	bff77713          	andi	a4,a4,-1025
4080bb16:	40e7a223          	sw	a4,1028(a5)
4080bb1a:	04b05d63          	bge	zero,a1,4080bb74 <lcd_write_pixels+0x76>
4080bb1e:	1101                	c.addi	sp,-32
4080bb20:	cc22                	c.swsp	s0,24(sp)
4080bb22:	c84a                	c.swsp	s2,16(sp)
4080bb24:	c64e                	c.swsp	s3,12(sp)
4080bb26:	c452                	c.swsp	s4,8(sp)
4080bb28:	ce06                	c.swsp	ra,28(sp)
4080bb2a:	ca26                	c.swsp	s1,20(sp)
4080bb2c:	892e                	c.mv	s2,a1
4080bb2e:	89aa                	c.mv	s3,a0
4080bb30:	4401                	c.li	s0,0
4080bb32:	02000a13          	addi	s4,zero,32
4080bb36:	00141513          	slli	a0,s0,0x1
4080bb3a:	408904b3          	sub	s1,s2,s0
4080bb3e:	954e                	c.add	a0,s3
4080bb40:	009a5463          	bge	s4,s1,4080bb48 <lcd_write_pixels+0x4a>
4080bb44:	02000493          	addi	s1,zero,32
4080bb48:	00149593          	slli	a1,s1,0x1
4080bb4c:	9426                	c.add	s0,s1
4080bb4e:	337d                	c.jal	4080b8fc <_ZL12spi_transferPKhPhi.constprop.0>
4080bb50:	ff2443e3          	blt	s0,s2,4080bb36 <lcd_write_pixels+0x38>
4080bb54:	600407b7          	lui	a5,0x60040
4080bb58:	4047a703          	lw	a4,1028(a5) # 60040404 <_kern_stack_top+0x1f7c4404>
4080bb5c:	40f2                	c.lwsp	ra,28(sp)
4080bb5e:	4462                	c.lwsp	s0,24(sp)
4080bb60:	40076713          	ori	a4,a4,1024
4080bb64:	40e7a223          	sw	a4,1028(a5)
4080bb68:	44d2                	c.lwsp	s1,20(sp)
4080bb6a:	4942                	c.lwsp	s2,16(sp)
4080bb6c:	49b2                	c.lwsp	s3,12(sp)
4080bb6e:	4a22                	c.lwsp	s4,8(sp)
4080bb70:	6105                	c.addi16sp	sp,32
4080bb72:	8082                	c.jr	ra
4080bb74:	600407b7          	lui	a5,0x60040
4080bb78:	4047a703          	lw	a4,1028(a5) # 60040404 <_kern_stack_top+0x1f7c4404>
4080bb7c:	40076713          	ori	a4,a4,1024
4080bb80:	40e7a223          	sw	a4,1028(a5)
4080bb84:	8082                	c.jr	ra

4080bb86 <lcd_refresh>:
4080bb86:	1141                	c.addi	sp,-16
4080bb88:	c606                	c.swsp	ra,12(sp)
4080bb8a:	d69ff0ef          	jal	ra,4080b8f2 <fb_get>
4080bb8e:	c50d                	c.beqz	a0,4080bbb8 <lcd_refresh+0x32>
4080bb90:	415c                	c.lw	a5,4(a0)
4080bb92:	c422                	c.swsp	s0,8(sp)
4080bb94:	842a                	c.mv	s0,a0
4080bb96:	c385                	c.beqz	a5,4080bbb6 <lcd_refresh+0x30>
4080bb98:	4581                	c.li	a1,0
4080bb9a:	4501                	c.li	a0,0
4080bb9c:	0f000693          	addi	a3,zero,240
4080bba0:	14000613          	addi	a2,zero,320
4080bba4:	3de1                	c.jal	4080ba7c <lcd_set_window>
4080bba6:	4048                	c.lw	a0,4(s0)
4080bba8:	4422                	c.lwsp	s0,8(sp)
4080bbaa:	40b2                	c.lwsp	ra,12(sp)
4080bbac:	65cd                	c.lui	a1,0x13
4080bbae:	c0058593          	addi	a1,a1,-1024 # 12c00 <_kernel_start-0x407ed400>
4080bbb2:	0141                	c.addi	sp,16
4080bbb4:	b7a9                	c.j	4080bafe <lcd_write_pixels>
4080bbb6:	4422                	c.lwsp	s0,8(sp)
4080bbb8:	40b2                	c.lwsp	ra,12(sp)
4080bbba:	0141                	c.addi	sp,16
4080bbbc:	8082                	c.jr	ra

4080bbbe <lcd_init>:
4080bbbe:	60040537          	lui	a0,0x60040
4080bbc2:	1101                	c.addi	sp,-32
4080bbc4:	46a5                	c.li	a3,9
4080bbc6:	85aa                	c.mv	a1,a0
4080bbc8:	4721                	c.li	a4,8
4080bbca:	47a9                	c.li	a5,10
4080bbcc:	60091837          	lui	a6,0x60091
4080bbd0:	c236                	c.swsp	a3,4(sp)
4080bbd2:	ce06                	c.swsp	ra,28(sp)
4080bbd4:	cc22                	c.swsp	s0,24(sp)
4080bbd6:	c43a                	c.swsp	a4,8(sp)
4080bbd8:	c63e                	c.swsp	a5,12(sp)
4080bbda:	82080813          	addi	a6,a6,-2016 # 60090820 <_kern_stack_top+0x1f814820>
4080bbde:	40c50513          	addi	a0,a0,1036 # 6004040c <_kern_stack_top+0x1f7c440c>
4080bbe2:	40458593          	addi	a1,a1,1028
4080bbe6:	0054                	c.addi4spn	a3,sp,4
4080bbe8:	4885                	c.li	a7,1
4080bbea:	429c                	c.lw	a5,0(a3)
4080bbec:	0691                	c.addi	a3,4 # 3000004 <_kernel_start-0x3d7ffffc>
4080bbee:	00279713          	slli	a4,a5,0x2
4080bbf2:	9742                	c.add	a4,a6
4080bbf4:	4310                	c.lw	a2,0(a4)
4080bbf6:	00f897b3          	sll	a5,a7,a5
4080bbfa:	9a41                	c.andi	a2,-16
4080bbfc:	c310                	c.sw	a2,0(a4)
4080bbfe:	4118                	c.lw	a4,0(a0)
4080bc00:	8f5d                	c.or	a4,a5
4080bc02:	c118                	c.sw	a4,0(a0)
4080bc04:	4198                	c.lw	a4,0(a1)
4080bc06:	8fd9                	c.or	a5,a4
4080bc08:	c19c                	c.sw	a5,0(a1)
4080bc0a:	081c                	c.addi4spn	a5,sp,16
4080bc0c:	fcf69fe3          	bne	a3,a5,4080bbea <lcd_init+0x2c>
4080bc10:	60091737          	lui	a4,0x60091
4080bc14:	84c72783          	lw	a5,-1972(a4) # 6009084c <_kern_stack_top+0x1f81484c>
4080bc18:	660d                	c.lui	a2,0x3
4080bc1a:	80060613          	addi	a2,a2,-2048 # 2800 <_kernel_start-0x407fd800>
4080bc1e:	9bc1                	c.andi	a5,-16
4080bc20:	0027e793          	ori	a5,a5,2
4080bc24:	84f72623          	sw	a5,-1972(a4)
4080bc28:	85072783          	lw	a5,-1968(a4)
4080bc2c:	9bc1                	c.andi	a5,-16
4080bc2e:	0027e793          	ori	a5,a5,2
4080bc32:	84f72823          	sw	a5,-1968(a4)
4080bc36:	85472783          	lw	a5,-1964(a4)
4080bc3a:	9bc1                	c.andi	a5,-16
4080bc3c:	0027e793          	ori	a5,a5,2
4080bc40:	84f72a23          	sw	a5,-1964(a4)
4080bc44:	4114                	c.lw	a3,0(a0)
4080bc46:	009c1737          	lui	a4,0x9c1
4080bc4a:	6009c7b7          	lui	a5,0x6009c
4080bc4e:	8ed1                	c.or	a3,a2
4080bc50:	c114                	c.sw	a3,0(a0)
4080bc52:	31370713          	addi	a4,a4,787 # 9c1313 <_kernel_start-0x3fe3eced>
4080bc56:	c7d8                	c.sw	a4,12(a5)
4080bc58:	47d8                	c.lw	a4,12(a5)
4080bc5a:	0706                	c.slli	a4,0x1
4080bc5c:	8305                	c.srli	a4,0x1
4080bc5e:	c7d8                	c.sw	a4,12(a5)
4080bc60:	0007a423          	sw	zero,8(a5) # 6009c008 <_kern_stack_top+0x1f820008>
4080bc64:	0c000713          	addi	a4,zero,192
4080bc68:	cb98                	c.sw	a4,16(a5)
4080bc6a:	419c                	c.lw	a5,0(a1)
4080bc6c:	eff7f793          	andi	a5,a5,-257
4080bc70:	c19c                	c.sw	a5,0(a1)
4080bc72:	a16f80ef          	jal	ra,40803e88 <uptime_us>
4080bc76:	6789                	c.lui	a5,0x2
4080bc78:	71078793          	addi	a5,a5,1808 # 2710 <_kernel_start-0x407fd8f0>
4080bc7c:	00f50433          	add	s0,a0,a5
4080bc80:	a011                	c.j	4080bc84 <lcd_init+0xc6>
4080bc82:	0001                	c.addi	zero,0
4080bc84:	a04f80ef          	jal	ra,40803e88 <uptime_us>
4080bc88:	fe856de3          	bltu	a0,s0,4080bc82 <lcd_init+0xc4>
4080bc8c:	600407b7          	lui	a5,0x60040
4080bc90:	4047a703          	lw	a4,1028(a5) # 60040404 <_kern_stack_top+0x1f7c4404>
4080bc94:	10076713          	ori	a4,a4,256
4080bc98:	40e7a223          	sw	a4,1028(a5)
4080bc9c:	9ecf80ef          	jal	ra,40803e88 <uptime_us>
4080bca0:	67f5                	c.lui	a5,0x1d
4080bca2:	4c078793          	addi	a5,a5,1216 # 1d4c0 <_kernel_start-0x407e2b40>
4080bca6:	00f50433          	add	s0,a0,a5
4080bcaa:	a011                	c.j	4080bcae <lcd_init+0xf0>
4080bcac:	0001                	c.addi	zero,0
4080bcae:	9daf80ef          	jal	ra,40803e88 <uptime_us>
4080bcb2:	fe856de3          	bltu	a0,s0,4080bcac <lcd_init+0xee>
4080bcb6:	4505                	c.li	a0,1
4080bcb8:	39e1                	c.jal	4080b990 <lcd_send_cmd>
4080bcba:	9cef80ef          	jal	ra,40803e88 <uptime_us>
4080bcbe:	67f5                	c.lui	a5,0x1d
4080bcc0:	4c078793          	addi	a5,a5,1216 # 1d4c0 <_kernel_start-0x407e2b40>
4080bcc4:	00f50433          	add	s0,a0,a5
4080bcc8:	a011                	c.j	4080bccc <lcd_init+0x10e>
4080bcca:	0001                	c.addi	zero,0
4080bccc:	9bcf80ef          	jal	ra,40803e88 <uptime_us>
4080bcd0:	fe856de3          	bltu	a0,s0,4080bcca <lcd_init+0x10c>
4080bcd4:	4545                	c.li	a0,17
4080bcd6:	396d                	c.jal	4080b990 <lcd_send_cmd>
4080bcd8:	9b0f80ef          	jal	ra,40803e88 <uptime_us>
4080bcdc:	000257b7          	lui	a5,0x25
4080bce0:	9f078793          	addi	a5,a5,-1552 # 249f0 <_kernel_start-0x407db610>
4080bce4:	00f50433          	add	s0,a0,a5
4080bce8:	a011                	c.j	4080bcec <lcd_init+0x12e>
4080bcea:	0001                	c.addi	zero,0
4080bcec:	99cf80ef          	jal	ra,40803e88 <uptime_us>
4080bcf0:	fe856de3          	bltu	a0,s0,4080bcea <lcd_init+0x12c>
4080bcf4:	03a00513          	addi	a0,zero,58
4080bcf8:	3961                	c.jal	4080b990 <lcd_send_cmd>
4080bcfa:	05500793          	addi	a5,zero,85
4080bcfe:	4585                	c.li	a1,1
4080bd00:	00210513          	addi	a0,sp,2
4080bd04:	00f10123          	sb	a5,2(sp)
4080bd08:	39c5                	c.jal	4080b9f8 <lcd_send_data>
4080bd0a:	03600513          	addi	a0,zero,54
4080bd0e:	3149                	c.jal	4080b990 <lcd_send_cmd>
4080bd10:	47a1                	c.li	a5,8
4080bd12:	4585                	c.li	a1,1
4080bd14:	00310513          	addi	a0,sp,3
4080bd18:	00f101a3          	sb	a5,3(sp)
4080bd1c:	39f1                	c.jal	4080b9f8 <lcd_send_data>
4080bd1e:	02900513          	addi	a0,zero,41
4080bd22:	31bd                	c.jal	4080b990 <lcd_send_cmd>
4080bd24:	964f80ef          	jal	ra,40803e88 <uptime_us>
4080bd28:	67b1                	c.lui	a5,0xc
4080bd2a:	35078793          	addi	a5,a5,848 # c350 <_kernel_start-0x407f3cb0>
4080bd2e:	00f50433          	add	s0,a0,a5
4080bd32:	a011                	c.j	4080bd36 <lcd_init+0x178>
4080bd34:	0001                	c.addi	zero,0
4080bd36:	952f80ef          	jal	ra,40803e88 <uptime_us>
4080bd3a:	fe856de3          	bltu	a0,s0,4080bd34 <lcd_init+0x176>
4080bd3e:	40f2                	c.lwsp	ra,28(sp)
4080bd40:	4462                	c.lwsp	s0,24(sp)
4080bd42:	4501                	c.li	a0,0
4080bd44:	6105                	c.addi16sp	sp,32
4080bd46:	8082                	c.jr	ra

4080bd48 <_ZL8i2c_readhhPhi.constprop.0>:
4080bd48:	1101                	c.addi	sp,-32
4080bd4a:	cc22                	c.swsp	s0,24(sp)
4080bd4c:	c84a                	c.swsp	s2,16(sp)
4080bd4e:	c452                	c.swsp	s4,8(sp)
4080bd50:	ce06                	c.swsp	ra,28(sp)
4080bd52:	ca26                	c.swsp	s1,20(sp)
4080bd54:	c64e                	c.swsp	s3,12(sp)
4080bd56:	60053737          	lui	a4,0x60053
4080bd5a:	478d                	c.li	a5,3
4080bd5c:	d75c                	c.sw	a5,44(a4)
4080bd5e:	02072623          	sw	zero,44(a4) # 6005302c <_kern_stack_top+0x1f7d702c>
4080bd62:	87ba                	c.mv	a5,a4
4080bd64:	07000713          	addi	a4,zero,112
4080bd68:	cf98                	c.sw	a4,24(a5)
4080bd6a:	0007ac23          	sw	zero,24(a5)
4080bd6e:	873e                	c.mv	a4,a5
4080bd70:	03800693          	addi	a3,zero,56
4080bd74:	67a1                	c.lui	a5,0x8
4080bd76:	c354                	c.sw	a3,4(a4)
4080bd78:	0785                	c.addi	a5,1 # 8001 <_kernel_start-0x407f7fff>
4080bd7a:	60053a37          	lui	s4,0x60053
4080bd7e:	00fa2023          	sw	a5,0(s4) # 60053000 <_kern_stack_top+0x1f7d7000>
4080bd82:	842a                	c.mv	s0,a0
4080bd84:	892e                	c.mv	s2,a1
4080bd86:	902f80ef          	jal	ra,40803e88 <uptime_us>
4080bd8a:	000a2783          	lw	a5,0(s4)
4080bd8e:	01079713          	slli	a4,a5,0x10
4080bd92:	02075563          	bge	a4,zero,4080bdbc <_ZL8i2c_readhhPhi.constprop.0+0x74>
4080bd96:	69b1                	c.lui	s3,0xc
4080bd98:	84aa                	c.mv	s1,a0
4080bd9a:	35098993          	addi	s3,s3,848 # c350 <_kernel_start-0x407f3cb0>
4080bd9e:	a801                	c.j	4080bdae <_ZL8i2c_readhhPhi.constprop.0+0x66>
4080bda0:	0001                	c.addi	zero,0
4080bda2:	000a2783          	lw	a5,0(s4)
4080bda6:	01079713          	slli	a4,a5,0x10
4080bdaa:	00075963          	bge	a4,zero,4080bdbc <_ZL8i2c_readhhPhi.constprop.0+0x74>
4080bdae:	8daf80ef          	jal	ra,40803e88 <uptime_us>
4080bdb2:	8d05                	c.sub	a0,s1
4080bdb4:	fea9f6e3          	bgeu	s3,a0,4080bda0 <_ZL8i2c_readhhPhi.constprop.0+0x58>
4080bdb8:	557d                	c.li	a0,-1
4080bdba:	a051                	c.j	4080be3e <_ZL8i2c_readhhPhi.constprop.0+0xf6>
4080bdbc:	600537b7          	lui	a5,0x60053
4080bdc0:	470d                	c.li	a4,3
4080bdc2:	d7d8                	c.sw	a4,44(a5)
4080bdc4:	0207a623          	sw	zero,44(a5) # 6005302c <_kern_stack_top+0x1f7d702c>
4080bdc8:	86be                	c.mv	a3,a5
4080bdca:	07100613          	addi	a2,zero,113
4080bdce:	fff90793          	addi	a5,s2,-1
4080bdd2:	ce90                	c.sw	a2,24(a3)
4080bdd4:	0786                	c.slli	a5,0x1
4080bdd6:	03800613          	addi	a2,zero,56
4080bdda:	c2d0                	c.sw	a2,4(a3)
4080bddc:	6721                	c.lui	a4,0x8
4080bdde:	0807e793          	ori	a5,a5,128
4080bde2:	c6dc                	c.sw	a5,12(a3)
4080bde4:	60053a37          	lui	s4,0x60053
4080bde8:	00770793          	addi	a5,a4,7 # 8007 <_kernel_start-0x407f7ff9>
4080bdec:	00fa2023          	sw	a5,0(s4) # 60053000 <_kern_stack_top+0x1f7d7000>
4080bdf0:	898f80ef          	jal	ra,40803e88 <uptime_us>
4080bdf4:	000a2783          	lw	a5,0(s4)
4080bdf8:	84aa                	c.mv	s1,a0
4080bdfa:	01079713          	slli	a4,a5,0x10
4080bdfe:	02075363          	bge	a4,zero,4080be24 <_ZL8i2c_readhhPhi.constprop.0+0xdc>
4080be02:	69b1                	c.lui	s3,0xc
4080be04:	35098993          	addi	s3,s3,848 # c350 <_kernel_start-0x407f3cb0>
4080be08:	a801                	c.j	4080be18 <_ZL8i2c_readhhPhi.constprop.0+0xd0>
4080be0a:	0001                	c.addi	zero,0
4080be0c:	000a2783          	lw	a5,0(s4)
4080be10:	01079713          	slli	a4,a5,0x10
4080be14:	00075863          	bge	a4,zero,4080be24 <_ZL8i2c_readhhPhi.constprop.0+0xdc>
4080be18:	870f80ef          	jal	ra,40803e88 <uptime_us>
4080be1c:	8d05                	c.sub	a0,s1
4080be1e:	fea9f6e3          	bgeu	s3,a0,4080be0a <_ZL8i2c_readhhPhi.constprop.0+0xc2>
4080be22:	bf59                	c.j	4080bdb8 <_ZL8i2c_readhhPhi.constprop.0+0x70>
4080be24:	60053737          	lui	a4,0x60053
4080be28:	8522                	c.mv	a0,s0
4080be2a:	012405b3          	add	a1,s0,s2
4080be2e:	0761                	c.addi	a4,24 # 60053018 <_kern_stack_top+0x1f7d7018>
4080be30:	431c                	c.lw	a5,0(a4)
4080be32:	0505                	c.addi	a0,1
4080be34:	fef50fa3          	sb	a5,-1(a0)
4080be38:	feb51ce3          	bne	a0,a1,4080be30 <_ZL8i2c_readhhPhi.constprop.0+0xe8>
4080be3c:	4501                	c.li	a0,0
4080be3e:	40f2                	c.lwsp	ra,28(sp)
4080be40:	4462                	c.lwsp	s0,24(sp)
4080be42:	44d2                	c.lwsp	s1,20(sp)
4080be44:	4942                	c.lwsp	s2,16(sp)
4080be46:	49b2                	c.lwsp	s3,12(sp)
4080be48:	4a22                	c.lwsp	s4,8(sp)
4080be4a:	6105                	c.addi16sp	sp,32
4080be4c:	8082                	c.jr	ra

4080be4e <touch_init>:
4080be4e:	60040537          	lui	a0,0x60040
4080be52:	1101                	c.addi	sp,-32
4080be54:	4791                	c.li	a5,4
4080be56:	85aa                	c.mv	a1,a0
4080be58:	4885                	c.li	a7,1
4080be5a:	4709                	c.li	a4,2
4080be5c:	60091837          	lui	a6,0x60091
4080be60:	ce06                	c.swsp	ra,28(sp)
4080be62:	cc22                	c.swsp	s0,24(sp)
4080be64:	ca26                	c.swsp	s1,20(sp)
4080be66:	c246                	c.swsp	a7,4(sp)
4080be68:	c43a                	c.swsp	a4,8(sp)
4080be6a:	c63e                	c.swsp	a5,12(sp)
4080be6c:	82080813          	addi	a6,a6,-2016 # 60090820 <_kern_stack_top+0x1f814820>
4080be70:	40c50513          	addi	a0,a0,1036 # 6004040c <_kern_stack_top+0x1f7c440c>
4080be74:	40458593          	addi	a1,a1,1028
4080be78:	00f106b3          	add	a3,sp,a5
4080be7c:	429c                	c.lw	a5,0(a3)
4080be7e:	0691                	c.addi	a3,4
4080be80:	00279713          	slli	a4,a5,0x2
4080be84:	9742                	c.add	a4,a6
4080be86:	4310                	c.lw	a2,0(a4)
4080be88:	00f897b3          	sll	a5,a7,a5
4080be8c:	9a41                	c.andi	a2,-16
4080be8e:	c310                	c.sw	a2,0(a4)
4080be90:	4118                	c.lw	a4,0(a0)
4080be92:	8f5d                	c.or	a4,a5
4080be94:	c118                	c.sw	a4,0(a0)
4080be96:	4198                	c.lw	a4,0(a1)
4080be98:	8fd9                	c.or	a5,a4
4080be9a:	c19c                	c.sw	a5,0(a1)
4080be9c:	081c                	c.addi4spn	a5,sp,16
4080be9e:	fcf69fe3          	bne	a3,a5,4080be7c <touch_init+0x2e>
4080bea2:	419c                	c.lw	a5,0(a1)
4080bea4:	3e700493          	addi	s1,zero,999
4080bea8:	9bbd                	c.andi	a5,-17
4080beaa:	c19c                	c.sw	a5,0(a1)
4080beac:	fddf70ef          	jal	ra,40803e88 <uptime_us>
4080beb0:	842a                	c.mv	s0,a0
4080beb2:	a011                	c.j	4080beb6 <touch_init+0x68>
4080beb4:	0001                	c.addi	zero,0
4080beb6:	fd3f70ef          	jal	ra,40803e88 <uptime_us>
4080beba:	8d01                	c.sub	a0,s0
4080bebc:	fea4fce3          	bgeu	s1,a0,4080beb4 <touch_init+0x66>
4080bec0:	600407b7          	lui	a5,0x60040
4080bec4:	4047a703          	lw	a4,1028(a5) # 60040404 <_kern_stack_top+0x1f7c4404>
4080bec8:	6405                	c.lui	s0,0x1
4080beca:	38740413          	addi	s0,s0,903 # 1387 <_kernel_start-0x407fec79>
4080bece:	01076713          	ori	a4,a4,16
4080bed2:	40e7a223          	sw	a4,1028(a5)
4080bed6:	fb3f70ef          	jal	ra,40803e88 <uptime_us>
4080beda:	84aa                	c.mv	s1,a0
4080bedc:	a011                	c.j	4080bee0 <touch_init+0x92>
4080bede:	0001                	c.addi	zero,0
4080bee0:	fa9f70ef          	jal	ra,40803e88 <uptime_us>
4080bee4:	8d05                	c.sub	a0,s1
4080bee6:	fea47ce3          	bgeu	s0,a0,4080bede <touch_init+0x90>
4080beea:	60053737          	lui	a4,0x60053
4080beee:	08000693          	addi	a3,zero,128
4080bef2:	c754                	c.sw	a3,12(a4)
4080bef4:	03100693          	addi	a3,zero,49
4080bef8:	cf54                	c.sw	a3,28(a4)
4080befa:	d314                	c.sw	a3,32(a4)
4080befc:	46a9                	c.li	a3,10
4080befe:	d354                	c.sw	a3,36(a4)
4080bf00:	d714                	c.sw	a3,40(a4)
4080bf02:	87ba                	c.mv	a5,a4
4080bf04:	0207aa23          	sw	zero,52(a5)
4080bf08:	60091737          	lui	a4,0x60091
4080bf0c:	82472783          	lw	a5,-2012(a4) # 60090824 <_kern_stack_top+0x1f814824>
4080bf10:	86ba                	c.mv	a3,a4
4080bf12:	4585                	c.li	a1,1
4080bf14:	9bc1                	c.andi	a5,-16
4080bf16:	0017e793          	ori	a5,a5,1
4080bf1a:	82f72223          	sw	a5,-2012(a4)
4080bf1e:	82872783          	lw	a5,-2008(a4)
4080bf22:	60053737          	lui	a4,0x60053
4080bf26:	9bc1                	c.andi	a5,-16
4080bf28:	0017e793          	ori	a5,a5,1
4080bf2c:	82f6a423          	sw	a5,-2008(a3)
4080bf30:	478d                	c.li	a5,3
4080bf32:	d75c                	c.sw	a5,44(a4)
4080bf34:	00f10533          	add	a0,sp,a5
4080bf38:	02072623          	sw	zero,44(a4) # 6005302c <_kern_stack_top+0x1f7d702c>
4080bf3c:	3531                	c.jal	4080bd48 <_ZL8i2c_readhhPhi.constprop.0>
4080bf3e:	40f2                	c.lwsp	ra,28(sp)
4080bf40:	4462                	c.lwsp	s0,24(sp)
4080bf42:	00a03533          	sltu	a0,zero,a0
4080bf46:	44d2                	c.lwsp	s1,20(sp)
4080bf48:	40a00533          	sub	a0,zero,a0
4080bf4c:	6105                	c.addi16sp	sp,32
4080bf4e:	8082                	c.jr	ra

4080bf50 <touch_scan>:
4080bf50:	cd31                	c.beqz	a0,4080bfac <touch_scan+0x5c>
4080bf52:	04b05d63          	bge	zero,a1,4080bfac <touch_scan+0x5c>
4080bf56:	1101                	c.addi	sp,-32
4080bf58:	cc22                	c.swsp	s0,24(sp)
4080bf5a:	45b9                	c.li	a1,14
4080bf5c:	842a                	c.mv	s0,a0
4080bf5e:	850a                	c.mv	a0,sp
4080bf60:	ce06                	c.swsp	ra,28(sp)
4080bf62:	33dd                	c.jal	4080bd48 <_ZL8i2c_readhhPhi.constprop.0>
4080bf64:	e531                	c.bnez	a0,4080bfb0 <touch_scan+0x60>
4080bf66:	00214783          	lbu	a5,2(sp)
4080bf6a:	c3b9                	c.beqz	a5,4080bfb0 <touch_scan+0x60>
4080bf6c:	00514703          	lbu	a4,5(sp)
4080bf70:	00314783          	lbu	a5,3(sp)
4080bf74:	00614503          	lbu	a0,6(sp)
4080bf78:	00414583          	lbu	a1,4(sp)
4080bf7c:	00814603          	lbu	a2,8(sp)
4080bf80:	6685                	c.lui	a3,0x1
4080bf82:	f0068693          	addi	a3,a3,-256 # f00 <_kernel_start-0x407ff100>
4080bf86:	0722                	c.slli	a4,0x8
4080bf88:	07a2                	c.slli	a5,0x8
4080bf8a:	8f75                	c.and	a4,a3
4080bf8c:	8ff5                	c.and	a5,a3
4080bf8e:	000402a3          	sb	zero,5(s0)
4080bf92:	00c40223          	sb	a2,4(s0)
4080bf96:	8f49                	c.or	a4,a0
4080bf98:	8fcd                	c.or	a5,a1
4080bf9a:	40f2                	c.lwsp	ra,28(sp)
4080bf9c:	00e41123          	sh	a4,2(s0)
4080bfa0:	00f41023          	sh	a5,0(s0)
4080bfa4:	4462                	c.lwsp	s0,24(sp)
4080bfa6:	4505                	c.li	a0,1
4080bfa8:	6105                	c.addi16sp	sp,32
4080bfaa:	8082                	c.jr	ra
4080bfac:	4501                	c.li	a0,0
4080bfae:	8082                	c.jr	ra
4080bfb0:	40f2                	c.lwsp	ra,28(sp)
4080bfb2:	4462                	c.lwsp	s0,24(sp)
4080bfb4:	4501                	c.li	a0,0
4080bfb6:	6105                	c.addi16sp	sp,32
4080bfb8:	8082                	c.jr	ra

4080bfba <_ZL12button_eventP6windowP7event_t>:
4080bfba:	555c                	c.lw	a5,44(a0)
4080bfbc:	cb81                	c.beqz	a5,4080bfcc <_ZL12button_eventP6windowP7event_t+0x12>
4080bfbe:	4198                	c.lw	a4,0(a1)
4080bfc0:	4685                	c.li	a3,1
4080bfc2:	00d70663          	beq	a4,a3,4080bfce <_ZL12button_eventP6windowP7event_t+0x14>
4080bfc6:	4689                	c.li	a3,2
4080bfc8:	00d70863          	beq	a4,a3,4080bfd8 <_ZL12button_eventP6windowP7event_t+0x1e>
4080bfcc:	8082                	c.jr	ra
4080bfce:	47d4                	c.lw	a3,12(a5)
4080bfd0:	00e78423          	sb	a4,8(a5)
4080bfd4:	dee5                	c.beqz	a3,4080bfcc <_ZL12button_eventP6windowP7event_t+0x12>
4080bfd6:	8682                	c.jr	a3
4080bfd8:	00078423          	sb	zero,8(a5)
4080bfdc:	8082                	c.jr	ra

4080bfde <_ZL11button_drawP6window>:
4080bfde:	1101                	c.addi	sp,-32
4080bfe0:	ca26                	c.swsp	s1,20(sp)
4080bfe2:	5544                	c.lw	s1,44(a0)
4080bfe4:	ce06                	c.swsp	ra,28(sp)
4080bfe6:	c0cd                	c.beqz	s1,4080c088 <_ZL11button_drawP6window+0xaa>
4080bfe8:	cc22                	c.swsp	s0,24(sp)
4080bfea:	c84a                	c.swsp	s2,16(sp)
4080bfec:	c64e                	c.swsp	s3,12(sp)
4080bfee:	0084c783          	lbu	a5,8(s1)
4080bff2:	842a                	c.mv	s0,a0
4080bff4:	7ff00713          	addi	a4,zero,2047
4080bff8:	c7bd                	c.beqz	a5,4080c066 <_ZL11button_drawP6window+0x88>
4080bffa:	00845683          	lhu	a3,8(s0)
4080bffe:	00645603          	lhu	a2,6(s0)
4080c002:	00445583          	lhu	a1,4(s0)
4080c006:	00245503          	lhu	a0,2(s0)
4080c00a:	4785                	c.li	a5,1
4080c00c:	e5efe0ef          	jal	ra,4080a66a <draw_rect>
4080c010:	0084c783          	lbu	a5,8(s1)
4080c014:	efa1                	c.bnez	a5,4080c06c <_ZL11button_drawP6window+0x8e>
4080c016:	4088                	c.lw	a0,0(s1)
4080c018:	00241983          	lh	s3,2(s0)
4080c01c:	00645903          	lhu	s2,6(s0)
4080c020:	fd0f40ef          	jal	ra,408007f0 <k_strlen>
4080c024:	00845783          	lhu	a5,8(s0)
4080c028:	050e                	c.slli	a0,0x3
4080c02a:	40a90733          	sub	a4,s2,a0
4080c02e:	17c1                	c.addi	a5,-16
4080c030:	00441683          	lh	a3,4(s0)
4080c034:	01f75513          	srli	a0,a4,0x1f
4080c038:	01f7d593          	srli	a1,a5,0x1f
4080c03c:	953a                	c.add	a0,a4
4080c03e:	95be                	c.add	a1,a5
4080c040:	4462                	c.lwsp	s0,24(sp)
4080c042:	8505                	c.srai	a0,0x1
4080c044:	8585                	c.srai	a1,0x1
4080c046:	4090                	c.lw	a2,0(s1)
4080c048:	4942                	c.lwsp	s2,16(sp)
4080c04a:	40f2                	c.lwsp	ra,28(sp)
4080c04c:	954e                	c.add	a0,s3
4080c04e:	95b6                	c.add	a1,a3
4080c050:	49b2                	c.lwsp	s3,12(sp)
4080c052:	0064d683          	lhu	a3,6(s1)
4080c056:	44d2                	c.lwsp	s1,20(sp)
4080c058:	0542                	c.slli	a0,0x10
4080c05a:	05c2                	c.slli	a1,0x10
4080c05c:	8141                	c.srli	a0,0x10
4080c05e:	81c1                	c.srli	a1,0x10
4080c060:	6105                	c.addi16sp	sp,32
4080c062:	f4bfe06f          	jal	zero,4080afac <draw_text>
4080c066:	0044d703          	lhu	a4,4(s1)
4080c06a:	bf41                	c.j	4080bffa <_ZL11button_drawP6window+0x1c>
4080c06c:	00845683          	lhu	a3,8(s0)
4080c070:	00645603          	lhu	a2,6(s0)
4080c074:	00445583          	lhu	a1,4(s0)
4080c078:	00245503          	lhu	a0,2(s0)
4080c07c:	6741                	c.lui	a4,0x10
4080c07e:	177d                	c.addi	a4,-1 # ffff <_kernel_start-0x407f0001>
4080c080:	4781                	c.li	a5,0
4080c082:	de8fe0ef          	jal	ra,4080a66a <draw_rect>
4080c086:	bf41                	c.j	4080c016 <_ZL11button_drawP6window+0x38>
4080c088:	40f2                	c.lwsp	ra,28(sp)
4080c08a:	44d2                	c.lwsp	s1,20(sp)
4080c08c:	6105                	c.addi16sp	sp,32
4080c08e:	8082                	c.jr	ra

4080c090 <_ZL10label_drawP6window>:
4080c090:	862a                	c.mv	a2,a0
4080c092:	00465583          	lhu	a1,4(a2)
4080c096:	00255503          	lhu	a0,2(a0)
4080c09a:	565c                	c.lw	a5,44(a2)
4080c09c:	0589                	c.addi	a1,2
4080c09e:	0509                	c.addi	a0,2
4080c0a0:	0542                	c.slli	a0,0x10
4080c0a2:	05c2                	c.slli	a1,0x10
4080c0a4:	8141                	c.srli	a0,0x10
4080c0a6:	81c1                	c.srli	a1,0x10
4080c0a8:	0639                	c.addi	a2,14
4080c0aa:	c391                	c.beqz	a5,4080c0ae <_ZL10label_drawP6window+0x1e>
4080c0ac:	4390                	c.lw	a2,0(a5)
4080c0ae:	66c1                	c.lui	a3,0x10
4080c0b0:	16fd                	c.addi	a3,-1 # ffff <_kernel_start-0x407f0001>
4080c0b2:	efbfe06f          	jal	zero,4080afac <draw_text>

4080c0b6 <button_create>:
4080c0b6:	1101                	c.addi	sp,-32
4080c0b8:	4080c837          	lui	a6,0x4080c
4080c0bc:	c64e                	c.swsp	s3,12(sp)
4080c0be:	89ba                	c.mv	s3,a4
4080c0c0:	6e880713          	addi	a4,a6,1768 # 4080c6e8 <_str_crlf+0x29a>
4080c0c4:	c452                	c.swsp	s4,8(sp)
4080c0c6:	ce06                	c.swsp	ra,28(sp)
4080c0c8:	c84a                	c.swsp	s2,16(sp)
4080c0ca:	8a3e                	c.mv	s4,a5
4080c0cc:	816ff0ef          	jal	ra,4080b0e2 <win_create>
4080c0d0:	06054c63          	blt	a0,zero,4080c148 <button_create+0x92>
4080c0d4:	c256                	c.swsp	s5,4(sp)
4080c0d6:	01051a93          	slli	s5,a0,0x10
4080c0da:	010ada93          	srli	s5,s5,0x10
4080c0de:	892a                	c.mv	s2,a0
4080c0e0:	8556                	c.mv	a0,s5
4080c0e2:	ca26                	c.swsp	s1,20(sp)
4080c0e4:	cc2ff0ef          	jal	ra,4080b5a6 <win_get>
4080c0e8:	84aa                	c.mv	s1,a0
4080c0ea:	cd29                	c.beqz	a0,4080c144 <button_create+0x8e>
4080c0ec:	4541                	c.li	a0,16
4080c0ee:	cc22                	c.swsp	s0,24(sp)
4080c0f0:	e0ff70ef          	jal	ra,40803efe <mm_alloc>
4080c0f4:	842a                	c.mv	s0,a0
4080c0f6:	c939                	c.beqz	a0,4080c14c <button_create+0x96>
4080c0f8:	77e1                	c.lui	a5,0xffff8
4080c0fa:	41078793          	addi	a5,a5,1040 # ffff8410 <_kern_stack_top+0xbf77c410>
4080c0fe:	00e48513          	addi	a0,s1,14
4080c102:	00040423          	sb	zero,8(s0)
4080c106:	01442623          	sw	s4,12(s0)
4080c10a:	c05c                	c.sw	a5,4(s0)
4080c10c:	c008                	c.sw	a0,0(s0)
4080c10e:	00098663          	beq	s3,zero,4080c11a <button_create+0x64>
4080c112:	85ce                	c.mv	a1,s3
4080c114:	465d                	c.li	a2,23
4080c116:	f62f40ef          	jal	ra,40800878 <k_strncpy>
4080c11a:	4080c737          	lui	a4,0x4080c
4080c11e:	4080c7b7          	lui	a5,0x4080c
4080c122:	fde70713          	addi	a4,a4,-34 # 4080bfde <_ZL11button_drawP6window>
4080c126:	fba78793          	addi	a5,a5,-70 # 4080bfba <_ZL12button_eventP6windowP7event_t>
4080c12a:	d4c0                	c.sw	s0,44(s1)
4080c12c:	d898                	c.sw	a4,48(s1)
4080c12e:	d8dc                	c.sw	a5,52(s1)
4080c130:	4462                	c.lwsp	s0,24(sp)
4080c132:	44d2                	c.lwsp	s1,20(sp)
4080c134:	4a92                	c.lwsp	s5,4(sp)
4080c136:	40f2                	c.lwsp	ra,28(sp)
4080c138:	49b2                	c.lwsp	s3,12(sp)
4080c13a:	4a22                	c.lwsp	s4,8(sp)
4080c13c:	854a                	c.mv	a0,s2
4080c13e:	4942                	c.lwsp	s2,16(sp)
4080c140:	6105                	c.addi16sp	sp,32
4080c142:	8082                	c.jr	ra
4080c144:	44d2                	c.lwsp	s1,20(sp)
4080c146:	4a92                	c.lwsp	s5,4(sp)
4080c148:	597d                	c.li	s2,-1
4080c14a:	b7f5                	c.j	4080c136 <button_create+0x80>
4080c14c:	8556                	c.mv	a0,s5
4080c14e:	876ff0ef          	jal	ra,4080b1c4 <win_destroy>
4080c152:	597d                	c.li	s2,-1
4080c154:	4462                	c.lwsp	s0,24(sp)
4080c156:	44d2                	c.lwsp	s1,20(sp)
4080c158:	4a92                	c.lwsp	s5,4(sp)
4080c15a:	bff1                	c.j	4080c136 <button_create+0x80>

4080c15c <label_create>:
4080c15c:	1101                	c.addi	sp,-32
4080c15e:	cc22                	c.swsp	s0,24(sp)
4080c160:	842a                	c.mv	s0,a0
4080c162:	8532                	c.mv	a0,a2
4080c164:	ca26                	c.swsp	s1,20(sp)
4080c166:	c64e                	c.swsp	s3,12(sp)
4080c168:	ce06                	c.swsp	ra,28(sp)
4080c16a:	c84a                	c.swsp	s2,16(sp)
4080c16c:	89b2                	c.mv	s3,a2
4080c16e:	84ae                	c.mv	s1,a1
4080c170:	e80f40ef          	jal	ra,408007f0 <k_strlen>
4080c174:	00351793          	slli	a5,a0,0x3
4080c178:	0791                	c.addi	a5,4
4080c17a:	01079613          	slli	a2,a5,0x10
4080c17e:	4080c737          	lui	a4,0x4080c
4080c182:	8241                	c.srli	a2,0x10
4080c184:	85a6                	c.mv	a1,s1
4080c186:	8522                	c.mv	a0,s0
4080c188:	6e870713          	addi	a4,a4,1768 # 4080c6e8 <_str_crlf+0x29a>
4080c18c:	46d1                	c.li	a3,20
4080c18e:	f55fe0ef          	jal	ra,4080b0e2 <win_create>
4080c192:	04054e63          	blt	a0,zero,4080c1ee <label_create+0x92>
4080c196:	c452                	c.swsp	s4,8(sp)
4080c198:	01051a13          	slli	s4,a0,0x10
4080c19c:	010a5a13          	srli	s4,s4,0x10
4080c1a0:	892a                	c.mv	s2,a0
4080c1a2:	8552                	c.mv	a0,s4
4080c1a4:	c02ff0ef          	jal	ra,4080b5a6 <win_get>
4080c1a8:	842a                	c.mv	s0,a0
4080c1aa:	c129                	c.beqz	a0,4080c1ec <label_create+0x90>
4080c1ac:	4521                	c.li	a0,8
4080c1ae:	d51f70ef          	jal	ra,40803efe <mm_alloc>
4080c1b2:	84aa                	c.mv	s1,a0
4080c1b4:	cd1d                	c.beqz	a0,4080c1f2 <label_create+0x96>
4080c1b6:	00e40513          	addi	a0,s0,14
4080c1ba:	57fd                	c.li	a5,-1
4080c1bc:	c088                	c.sw	a0,0(s1)
4080c1be:	00f49223          	sh	a5,4(s1)
4080c1c2:	00098663          	beq	s3,zero,4080c1ce <label_create+0x72>
4080c1c6:	85ce                	c.mv	a1,s3
4080c1c8:	465d                	c.li	a2,23
4080c1ca:	eaef40ef          	jal	ra,40800878 <k_strncpy>
4080c1ce:	4080c7b7          	lui	a5,0x4080c
4080c1d2:	4a22                	c.lwsp	s4,8(sp)
4080c1d4:	09078793          	addi	a5,a5,144 # 4080c090 <_ZL10label_drawP6window>
4080c1d8:	d444                	c.sw	s1,44(s0)
4080c1da:	d81c                	c.sw	a5,48(s0)
4080c1dc:	40f2                	c.lwsp	ra,28(sp)
4080c1de:	4462                	c.lwsp	s0,24(sp)
4080c1e0:	44d2                	c.lwsp	s1,20(sp)
4080c1e2:	49b2                	c.lwsp	s3,12(sp)
4080c1e4:	854a                	c.mv	a0,s2
4080c1e6:	4942                	c.lwsp	s2,16(sp)
4080c1e8:	6105                	c.addi16sp	sp,32
4080c1ea:	8082                	c.jr	ra
4080c1ec:	4a22                	c.lwsp	s4,8(sp)
4080c1ee:	597d                	c.li	s2,-1
4080c1f0:	b7f5                	c.j	4080c1dc <label_create+0x80>
4080c1f2:	8552                	c.mv	a0,s4
4080c1f4:	fd1fe0ef          	jal	ra,4080b1c4 <win_destroy>
4080c1f8:	597d                	c.li	s2,-1
4080c1fa:	4a22                	c.lwsp	s4,8(sp)
4080c1fc:	b7c5                	c.j	4080c1dc <label_create+0x80>

4080c1fe <cmd_gui>:
4080c1fe:	00054783          	lbu	a5,0(a0)
4080c202:	c7a5                	c.beqz	a5,4080c26a <cmd_gui+0x6c>
4080c204:	4080d5b7          	lui	a1,0x4080d
4080c208:	715d                	c.addi16sp	sp,-80
4080c20a:	ab458593          	addi	a1,a1,-1356 # 4080cab4 <_str_crlf+0x666>
4080c20e:	c4a2                	c.swsp	s0,72(sp)
4080c210:	c686                	c.swsp	ra,76(sp)
4080c212:	842a                	c.mv	s0,a0
4080c214:	df6f40ef          	jal	ra,4080080a <k_strcmp>
4080c218:	e911                	c.bnez	a0,4080c22c <cmd_gui+0x2e>
4080c21a:	4426                	c.lwsp	s0,72(sp)
4080c21c:	40b6                	c.lwsp	ra,76(sp)
4080c21e:	40811537          	lui	a0,0x40811
4080c222:	3f850513          	addi	a0,a0,1016 # 408113f8 <_str_crlf+0x4faa>
4080c226:	6161                	c.addi16sp	sp,80
4080c228:	a57f406f          	jal	zero,40800c7e <uart_puts>
4080c22c:	8522                	c.mv	a0,s0
4080c22e:	858a                	c.mv	a1,sp
4080c230:	4641                	c.li	a2,16
4080c232:	c1cf60ef          	jal	ra,4080264e <tok_next>
4080c236:	408115b7          	lui	a1,0x40811
4080c23a:	842a                	c.mv	s0,a0
4080c23c:	53858593          	addi	a1,a1,1336 # 40811538 <_str_crlf+0x50ea>
4080c240:	850a                	c.mv	a0,sp
4080c242:	dc8f40ef          	jal	ra,4080080a <k_strcmp>
4080c246:	e905                	c.bnez	a0,4080c276 <cmd_gui+0x78>
4080c248:	848fe0ef          	jal	ra,4080a290 <gui_start>
4080c24c:	85aa                	c.mv	a1,a0
4080c24e:	c561                	c.beqz	a0,4080c316 <cmd_gui+0x118>
4080c250:	57fd                	c.li	a5,-1
4080c252:	14f50b63          	beq	a0,a5,4080c3a8 <cmd_gui+0x1aa>
4080c256:	57f9                	c.li	a5,-2
4080c258:	14f50163          	beq	a0,a5,4080c39a <cmd_gui+0x19c>
4080c25c:	40811537          	lui	a0,0x40811
4080c260:	5c450513          	addi	a0,a0,1476 # 408115c4 <_str_crlf+0x5176>
4080c264:	b15f40ef          	jal	ra,40800d78 <kprintf>
4080c268:	a00d                	c.j	4080c28a <cmd_gui+0x8c>
4080c26a:	40811537          	lui	a0,0x40811
4080c26e:	3f850513          	addi	a0,a0,1016 # 408113f8 <_str_crlf+0x4faa>
4080c272:	a0df406f          	jal	zero,40800c7e <uart_puts>
4080c276:	408115b7          	lui	a1,0x40811
4080c27a:	5dc58593          	addi	a1,a1,1500 # 408115dc <_str_crlf+0x518e>
4080c27e:	850a                	c.mv	a0,sp
4080c280:	d8af40ef          	jal	ra,4080080a <k_strcmp>
4080c284:	e519                	c.bnez	a0,4080c292 <cmd_gui+0x94>
4080c286:	928fe0ef          	jal	ra,4080a3ae <gui_stop>
4080c28a:	40b6                	c.lwsp	ra,76(sp)
4080c28c:	4426                	c.lwsp	s0,72(sp)
4080c28e:	6161                	c.addi16sp	sp,80
4080c290:	8082                	c.jr	ra
4080c292:	4080e5b7          	lui	a1,0x4080e
4080c296:	04058593          	addi	a1,a1,64 # 4080e040 <_str_crlf+0x1bf2>
4080c29a:	850a                	c.mv	a0,sp
4080c29c:	c2a6                	c.swsp	s1,68(sp)
4080c29e:	d6cf40ef          	jal	ra,4080080a <k_strcmp>
4080c2a2:	84aa                	c.mv	s1,a0
4080c2a4:	e141                	c.bnez	a0,4080c324 <cmd_gui+0x126>
4080c2a6:	938fe0ef          	jal	ra,4080a3de <gui_active>
4080c2aa:	12050263          	beq	a0,zero,4080c3ce <cmd_gui+0x1d0>
4080c2ae:	b36ff0ef          	jal	ra,4080b5e4 <win_count>
4080c2b2:	842a                	c.mv	s0,a0
4080c2b4:	12050e63          	beq	a0,zero,4080c3f0 <cmd_gui+0x1f2>
4080c2b8:	40811537          	lui	a0,0x40811
4080c2bc:	60850513          	addi	a0,a0,1544 # 40811608 <_str_crlf+0x51ba>
4080c2c0:	9bff40ef          	jal	ra,40800c7e <uart_puts>
4080c2c4:	14805f63          	bge	zero,s0,4080c422 <cmd_gui+0x224>
4080c2c8:	c0ca                	c.swsp	s2,64(sp)
4080c2ca:	de4e                	c.swsp	s3,60(sp)
4080c2cc:	dc52                	c.swsp	s4,56(sp)
4080c2ce:	40811937          	lui	s2,0x40811
4080c2d2:	408119b7          	lui	s3,0x40811
4080c2d6:	40811a37          	lui	s4,0x40811
4080c2da:	8526                	c.mv	a0,s1
4080c2dc:	b12ff0ef          	jal	ra,4080b5ee <win_get_by_index>
4080c2e0:	87aa                	c.mv	a5,a0
4080c2e2:	00e50713          	addi	a4,a0,14
4080c2e6:	62090513          	addi	a0,s2,1568 # 40811620 <_str_crlf+0x51d2>
4080c2ea:	cf91                	c.beqz	a5,4080c306 <cmd_gui+0x108>
4080c2ec:	00b7c683          	lbu	a3,11(a5)
4080c2f0:	0007d583          	lhu	a1,0(a5)
4080c2f4:	3f498613          	addi	a2,s3,1012 # 408113f4 <_str_crlf+0x4fa6>
4080c2f8:	c299                	c.beqz	a3,4080c2fe <cmd_gui+0x100>
4080c2fa:	3f0a0613          	addi	a2,s4,1008 # 408113f0 <_str_crlf+0x4fa2>
4080c2fe:	00a7c683          	lbu	a3,10(a5)
4080c302:	a77f40ef          	jal	ra,40800d78 <kprintf>
4080c306:	0485                	c.addi	s1,1
4080c308:	fc9419e3          	bne	s0,s1,4080c2da <cmd_gui+0xdc>
4080c30c:	4496                	c.lwsp	s1,68(sp)
4080c30e:	4906                	c.lwsp	s2,64(sp)
4080c310:	59f2                	c.lwsp	s3,60(sp)
4080c312:	5a62                	c.lwsp	s4,56(sp)
4080c314:	bf9d                	c.j	4080c28a <cmd_gui+0x8c>
4080c316:	40811537          	lui	a0,0x40811
4080c31a:	54050513          	addi	a0,a0,1344 # 40811540 <_str_crlf+0x50f2>
4080c31e:	961f40ef          	jal	ra,40800c7e <uart_puts>
4080c322:	b7a5                	c.j	4080c28a <cmd_gui+0x8c>
4080c324:	408115b7          	lui	a1,0x40811
4080c328:	63458593          	addi	a1,a1,1588 # 40811634 <_str_crlf+0x51e6>
4080c32c:	850a                	c.mv	a0,sp
4080c32e:	cdcf40ef          	jal	ra,4080080a <k_strcmp>
4080c332:	84aa                	c.mv	s1,a0
4080c334:	e149                	c.bnez	a0,4080c3b6 <cmd_gui+0x1b8>
4080c336:	8522                	c.mv	a0,s0
4080c338:	02000613          	addi	a2,zero,32
4080c33c:	080c                	c.addi4spn	a1,sp,16
4080c33e:	b10f60ef          	jal	ra,4080264e <tok_next>
4080c342:	01014703          	lbu	a4,16(sp)
4080c346:	c771                	c.beqz	a4,4080c412 <cmd_gui+0x214>
4080c348:	fd070793          	addi	a5,a4,-48
4080c34c:	0ff7f793          	andi	a5,a5,255
4080c350:	4625                	c.li	a2,9
4080c352:	01110693          	addi	a3,sp,17
4080c356:	4501                	c.li	a0,0
4080c358:	02f66563          	bltu	a2,a5,4080c382 <cmd_gui+0x184>
4080c35c:	00251793          	slli	a5,a0,0x2
4080c360:	953e                	c.add	a0,a5
4080c362:	0506                	c.slli	a0,0x1
4080c364:	953a                	c.add	a0,a4
4080c366:	0006c703          	lbu	a4,0(a3)
4080c36a:	fd050513          	addi	a0,a0,-48
4080c36e:	0542                	c.slli	a0,0x10
4080c370:	fd070793          	addi	a5,a4,-48
4080c374:	0ff7f793          	andi	a5,a5,255
4080c378:	8141                	c.srli	a0,0x10
4080c37a:	0685                	c.addi	a3,1
4080c37c:	fef670e3          	bgeu	a2,a5,4080c35c <cmd_gui+0x15e>
4080c380:	84aa                	c.mv	s1,a0
4080c382:	e43fe0ef          	jal	ra,4080b1c4 <win_destroy>
4080c386:	ed2d                	c.bnez	a0,4080c400 <cmd_gui+0x202>
4080c388:	40811537          	lui	a0,0x40811
4080c38c:	85a6                	c.mv	a1,s1
4080c38e:	65c50513          	addi	a0,a0,1628 # 4081165c <_str_crlf+0x520e>
4080c392:	9e7f40ef          	jal	ra,40800d78 <kprintf>
4080c396:	4496                	c.lwsp	s1,68(sp)
4080c398:	bdcd                	c.j	4080c28a <cmd_gui+0x8c>
4080c39a:	40811537          	lui	a0,0x40811
4080c39e:	59050513          	addi	a0,a0,1424 # 40811590 <_str_crlf+0x5142>
4080c3a2:	8ddf40ef          	jal	ra,40800c7e <uart_puts>
4080c3a6:	b5d5                	c.j	4080c28a <cmd_gui+0x8c>
4080c3a8:	40811537          	lui	a0,0x40811
4080c3ac:	57850513          	addi	a0,a0,1400 # 40811578 <_str_crlf+0x512a>
4080c3b0:	8cff40ef          	jal	ra,40800c7e <uart_puts>
4080c3b4:	bdd9                	c.j	4080c28a <cmd_gui+0x8c>
4080c3b6:	408115b7          	lui	a1,0x40811
4080c3ba:	69458593          	addi	a1,a1,1684 # 40811694 <_str_crlf+0x5246>
4080c3be:	850a                	c.mv	a0,sp
4080c3c0:	c4af40ef          	jal	ra,4080080a <k_strcmp>
4080c3c4:	ed09                	c.bnez	a0,4080c3de <cmd_gui+0x1e0>
4080c3c6:	8aafe0ef          	jal	ra,4080a470 <gui_bench>
4080c3ca:	4496                	c.lwsp	s1,68(sp)
4080c3cc:	bd7d                	c.j	4080c28a <cmd_gui+0x8c>
4080c3ce:	40811537          	lui	a0,0x40811
4080c3d2:	5e450513          	addi	a0,a0,1508 # 408115e4 <_str_crlf+0x5196>
4080c3d6:	8a9f40ef          	jal	ra,40800c7e <uart_puts>
4080c3da:	4496                	c.lwsp	s1,68(sp)
4080c3dc:	b57d                	c.j	4080c28a <cmd_gui+0x8c>
4080c3de:	40811537          	lui	a0,0x40811
4080c3e2:	858a                	c.mv	a1,sp
4080c3e4:	69c50513          	addi	a0,a0,1692 # 4081169c <_str_crlf+0x524e>
4080c3e8:	991f40ef          	jal	ra,40800d78 <kprintf>
4080c3ec:	4496                	c.lwsp	s1,68(sp)
4080c3ee:	bd71                	c.j	4080c28a <cmd_gui+0x8c>
4080c3f0:	40811537          	lui	a0,0x40811
4080c3f4:	5f850513          	addi	a0,a0,1528 # 408115f8 <_str_crlf+0x51aa>
4080c3f8:	887f40ef          	jal	ra,40800c7e <uart_puts>
4080c3fc:	4496                	c.lwsp	s1,68(sp)
4080c3fe:	b571                	c.j	4080c28a <cmd_gui+0x8c>
4080c400:	40811537          	lui	a0,0x40811
4080c404:	85a6                	c.mv	a1,s1
4080c406:	67850513          	addi	a0,a0,1656 # 40811678 <_str_crlf+0x522a>
4080c40a:	96ff40ef          	jal	ra,40800d78 <kprintf>
4080c40e:	4496                	c.lwsp	s1,68(sp)
4080c410:	bdad                	c.j	4080c28a <cmd_gui+0x8c>
4080c412:	40811537          	lui	a0,0x40811
4080c416:	63c50513          	addi	a0,a0,1596 # 4081163c <_str_crlf+0x51ee>
4080c41a:	865f40ef          	jal	ra,40800c7e <uart_puts>
4080c41e:	4496                	c.lwsp	s1,68(sp)
4080c420:	b5ad                	c.j	4080c28a <cmd_gui+0x8c>
4080c422:	4496                	c.lwsp	s1,68(sp)
4080c424:	b59d                	c.j	4080c28a <cmd_gui+0x8c>
